"Question ID","Question","Location","Markers","Reason","Original question","Original answer","Revised customer answer","Alternative questions","Review references"
"Q-001","What is the Dashboard?","Dashboard","REVIEWED - MEANING RETAINED; FORMAT UPDATED; IMAGE CHECK NEEDED","Meaning retained after section review.","What is the Dashboard?","The Dashboard is the main summary page of the ERP. It gives you a quick view of products, orders, inventory activity, sales trends, and store subscriptions.
You can see the process through the app screenshots https://printernoble.com/chatbot/uploads/1788406865_WERP_Q-01.png","Location: Dashboard
The Dashboard is the main summary page of the ERP. It gives you a quick view of products, orders, inventory activity, sales trends, and store subscriptions.","","Frontend: src/router/routes.jsx; src/components/layout/Sidebar.jsx; src/i18n.js | Frontend: src/features/dashboard | Backend: modules/dashboard"
"Q-002","Why should I use the Dashboard?","Dashboard","REVIEWED - MEANING RETAINED; FORMAT UPDATED","Meaning retained after section review.","Why should I use the Dashboard?","It helps you understand the overall condition of your business without opening every section separately.
You can quickly identify:
Order activity
Inventory movement
Low-stock products
Out-of-stock products
Sales patterns
Subscription issues","Location: Dashboard
It helps you understand the overall condition of your business without opening every section separately.
You can quickly identify:
- Order activity
- Inventory movement
- Low-stock products
- Out-of-stock products
- Sales patterns
- Subscription issues","","Frontend: src/router/routes.jsx; src/components/layout/Sidebar.jsx; src/i18n.js | Frontend: src/features/dashboard | Backend: modules/dashboard"
"Q-003","Does opening the Dashboard change any business data?","Dashboard","REVIEWED - MEANING RETAINED; FORMAT UPDATED","Meaning retained after section review.","Does opening the Dashboard change any business data?","No. Viewing the Dashboard does not add, edit, or delete products, orders, or inventory.","Location: Dashboard
No. Viewing the Dashboard does not add, edit, or delete products, orders, or inventory.","","Frontend: src/router/routes.jsx; src/components/layout/Sidebar.jsx; src/i18n.js | Frontend: src/features/dashboard | Backend: modules/dashboard"
"Q-004","How do I return to the Dashboard?","Dashboard","REVIEWED - MEANING RETAINED; FORMAT UPDATED","Meaning retained after section review.","How do I return to the Dashboard?","Click Dashboard in the main sidebar.","Location: Dashboard
Click Dashboard in the main sidebar.","","Frontend: src/router/routes.jsx; src/components/layout/Sidebar.jsx; src/i18n.js | Frontend: src/features/dashboard | Backend: modules/dashboard"
"Q-005","Why does the Dashboard take time to load?","Dashboard","MODIFIED ANSWER; FORMAT UPDATED","Removed unverified claims that opening Dashboard synchronizes marketplaces.","Why does the Dashboard take time to load?","The ERP may be collecting information from products, orders, warehouses, and connected marketplace stores.
Loading can take longer when:
The internet connection is slow.
A marketplace is responding slowly.
The account contains many records.
The page is synchronizing information.","Location: Dashboard
Dashboard loads summary information from your company records. A slow connection, a busy service, or a large result can delay the page. Wait for the loading state to finish, then reload once if it remains stuck. Contact support with the error if the summary still does not load.","","Frontend: src/router/routes.jsx; src/components/layout/Sidebar.jsx; src/i18n.js | Frontend: src/features/dashboard | Backend: modules/dashboard"
"Q-006","Why is some Dashboard information empty?","Dashboard","REVIEWED - MEANING RETAINED; FORMAT UPDATED","Meaning retained after section review.","Why is some Dashboard information empty?","Possible reasons include:
No marketplace store is connected.
No products have been added or synchronized.
No inventory has been received.
No orders exist for the selected period.
The account is new.
A filter excludes the available information.
Synchronization has not completed.","Location: Dashboard
Possible reasons include:
No marketplace store is connected.
No products have been added or synchronized.
No inventory has been received.
No orders exist for the selected period.
The account is new.
A filter excludes the available information.
Synchronization has not completed.","","Frontend: src/router/routes.jsx; src/components/layout/Sidebar.jsx; src/i18n.js | Frontend: src/features/dashboard | Backend: modules/dashboard"
"Q-007","Does an empty Dashboard mean the ERP is broken?","Dashboard","REVIEWED - MEANING RETAINED; FORMAT UPDATED","Meaning retained after section review.","Does an empty Dashboard mean the ERP is broken?","No. A new account can display empty charts and summaries until stores, products, inventory, and orders are added.","Location: Dashboard
No. A new account can display empty charts and summaries until stores, products, inventory, and orders are added.","","Frontend: src/router/routes.jsx; src/components/layout/Sidebar.jsx; src/i18n.js | Frontend: src/features/dashboard | Backend: modules/dashboard"
"Q-008","Does the Dashboard update automatically?","Dashboard","MODIFIED ANSWER; FORMAT UPDATED","Replaced an unsupported automatic-refresh implication with the actual loading behavior.","Does the Dashboard update automatically?","Some information may refresh when the ERP receives new product, inventory, or order information.
If something appears outdated, refresh the page and check the relevant detailed section.","Location: Dashboard
The Dashboard loads information when you open it. Changing a chart period or platform loads that selection. To check for newer information, reload the page and wait for loading to finish. It does not provide a continuously updating live feed.","","Frontend: src/router/routes.jsx; src/components/layout/Sidebar.jsx; src/i18n.js | Frontend: src/features/dashboard | Backend: modules/dashboard"
"Q-009","What are the main ERP sections shown in the sidebar?","Dashboard","MODIFIED ANSWER; FORMAT UPDATED; IMAGE CHECK NEEDED","Completed the customer menu list; excluded the local-only Chat page.","What are the main ERP sections shown in the sidebar?","The main sections are:
Dashboard
Product Management
Inventory Management
Order Management
Warehouse Management
System Configuration
You can see the process through the app screenshots https://printernoble.com/chatbot/uploads/1788406866_WERP_Q-09.png","Location: Dashboard
The sidebar contains Dashboard, Product Management, Inventory Management, Order Management, Warehouse Management, System Configuration, Help Center, and Contact. Expand a section to see its pages. A Sub Account may see fewer pages because of its assigned role.","","Frontend: src/router/routes.jsx; src/components/layout/Sidebar.jsx; src/i18n.js | Frontend: src/features/dashboard | Backend: modules/dashboard"
"Q-010","What is Product Management?","Product Management","REVIEWED - MEANING RETAINED; FORMAT UPDATED","Meaning retained after section review.","What is Product Management?","Product Management contains the product catalog and combined-product bundles.","Location: Product Management
Product Management contains the product catalog and combined-product bundles.","","Frontend: src/router/routes.jsx; src/components/layout/Sidebar.jsx; src/i18n.js | Frontend: src/features/productManagement; src/features/inventoryManagement/merchantSKU | Backend: modules/merchantSkus; modules/combineskus"
"Q-011","What is Inventory Management?","Inventory Management","REVIEWED - MEANING RETAINED; FORMAT UPDATED","Meaning retained after section review.","What is Inventory Management?","Inventory Management controls Merchant SKUs, SKU mappings, warehouse quantities, inbound stock, outbound stock, and inventory history.","Location: Inventory Management
Inventory Management controls Merchant SKUs, SKU mappings, warehouse quantities, inbound stock, outbound stock, and inventory history.","","Frontend: src/router/routes.jsx; src/components/layout/Sidebar.jsx; src/i18n.js | Frontend: src/features/inventoryManagement | Backend: modules/inventory; modules/inbound; modules/outbound"
"Q-012","What is Order Management?","Order Management","REVIEWED - MEANING RETAINED; FORMAT UPDATED","Meaning retained after section review.","What is Order Management?","Order Management controls order processing, shipping stages, returns, cancellations, and manual orders.","Location: Order Management
Order Management controls order processing, shipping stages, returns, cancellations, and manual orders.","","Frontend: src/router/routes.jsx; src/components/layout/Sidebar.jsx; src/i18n.js | Frontend: src/features/orderManagement/orderProcessing; src/features/orderManagement/shared | Backend: modules/orders; modules/returnOrders"
"Q-013","What is Warehouse Management?","Warehouse Management","REVIEWED - MEANING RETAINED; FORMAT UPDATED","Meaning retained after section review.","What is Warehouse Management?","Warehouse Management controls the warehouses or inventory locations used by the ERP.","Location: Warehouse Management
Warehouse Management controls the warehouses or inventory locations used by the ERP.","","Frontend: src/router/routes.jsx; src/components/layout/Sidebar.jsx; src/i18n.js | Frontend: src/features/warehouseManagement | Backend: modules/warehouses"
"Q-014","What is System Configuration?","System Configuration","REVIEWED - MEANING RETAINED; FORMAT UPDATED","Meaning retained after section review.","What is System Configuration?","System Configuration manages store connections, Sub Accounts, roles, and permissions.","Location: System Configuration
System Configuration manages store connections, Sub Accounts, roles, and permissions.","","Frontend: src/router/routes.jsx; src/components/layout/Sidebar.jsx; src/i18n.js | Frontend: src/features/systemConfigaration | Backend: modules/auth; modules/roles; modules/users/users.routes.js"
"Q-015","How do I open a submenu?","Dashboard","REVIEWED - MEANING RETAINED; FORMAT UPDATED","Meaning retained after section review.","How do I open a submenu?","Click a section such as Product Management or Inventory Management.
The related pages should appear below it.","Location: Dashboard
Click a section such as Product Management or Inventory Management.
The related pages should appear below it.","","Frontend: src/router/routes.jsx; src/components/layout/Sidebar.jsx; src/i18n.js | Frontend: src/features/dashboard | Backend: modules/dashboard"
"Q-016","How do I hide the sidebar?","Dashboard","REVIEWED - MEANING RETAINED; FORMAT UPDATED; IMAGE CHECK NEEDED","Meaning retained after section review.","How do I hide the sidebar?","Use the Collapse sidebar button near the ERP logo.
This only changes the screen layout.
You can see the process through the app screenshots https://printernoble.com/chatbot/uploads/1788406867_WERP_Q-16.png","Location: Dashboard
Use the Collapse sidebar button near the ERP logo.
This only changes the screen layout.","","Frontend: src/router/routes.jsx; src/components/layout/Sidebar.jsx; src/i18n.js | Frontend: src/features/dashboard | Backend: modules/dashboard"
"Q-017","What is the Overview section?","Dashboard","REVIEWED - MEANING RETAINED; FORMAT UPDATED; IMAGE CHECK NEEDED","Meaning retained after section review.","What is the Overview section?","Overview provides quick summary cards for important product, order, and stock conditions.
You can see the process through the app screenshots https://printernoble.com/chatbot/uploads/1788406868_WERP_Q-17.png","Location: Dashboard
Overview provides quick summary cards for important product, order, and stock conditions.","","Frontend: src/router/routes.jsx; src/components/layout/Sidebar.jsx; src/i18n.js | Frontend: src/features/dashboard | Backend: modules/dashboard"
"Q-018","What does Total Platform Products mean?","Dashboard","MODIFIED ANSWER; FORMAT UPDATED; IMAGE CHECK NEEDED","Confirmed listing count and actual card destination.","What does Total Platform Products mean?","It represents products connected or synchronized from supported marketplace stores.
It may count marketplace listings rather than unique physical products.
You can see the process through the app screenshots https://printernoble.com/chatbot/uploads/1788406869_WERP_Q-18.png","Location: Dashboard
Total Platform Products counts marketplace product listings saved for your company. A product with several variations is not necessarily counted once per variation. Click the card to open Inventory Management > SKU Mapping > By Product and inspect the listings.","","Frontend: src/router/routes.jsx; src/components/layout/Sidebar.jsx; src/i18n.js | Frontend: src/features/dashboard | Backend: modules/dashboard"
"Q-019","Why might Total Platform Products differ from Merchant SKUs?","Dashboard","REVIEWED - MEANING RETAINED; FORMAT UPDATED","Meaning retained after section review.","Why might Total Platform Products differ from Merchant SKUs?","A marketplace product and a Merchant SKU are not the same thing.
Platform product means a marketplace listing.
Merchant SKU means the internal inventory identity.
Several marketplace listings can be connected to one Merchant SKU.","Location: Dashboard
A marketplace product and a Merchant SKU are not the same thing.
Platform product means a marketplace listing.
Merchant SKU means the internal inventory identity.
Several marketplace listings can be connected to one Merchant SKU.","","Frontend: src/router/routes.jsx; src/components/layout/Sidebar.jsx; src/i18n.js | Frontend: src/features/dashboard | Backend: modules/dashboard"
"Q-020","What does Today's Orders mean?","Dashboard","MODIFIED ANSWER; FORMAT UPDATED; IMAGE CHECK NEEDED","Corrected the data source and added the exact destination.","What does Today’s Orders mean?","It represents orders recorded by the ERP for the current day.
You can see the process through the app screenshots https://printernoble.com/chatbot/uploads/1788406870_WERP_Q-20.png","Location: Dashboard
Today's Orders counts distinct marketplace orders recorded in the ERP's sales records for today. It is not a count of every order type in the system. Click the card to open Order Management > Order Processing > All Order with today's date filter.","","Frontend: src/router/routes.jsx; src/components/layout/Sidebar.jsx; src/i18n.js | Frontend: src/features/dashboard | Backend: modules/dashboard"
"Q-021","Why might Today's Orders differ from the marketplace?","Dashboard","REVIEWED - MEANING RETAINED; FORMAT UPDATED","Meaning retained after section review.","Why might Today’s Orders differ from the marketplace?","Possible reasons include:
Synchronization delay
Different timezone
Store filter differences
Cancelled orders
Manual orders
Marketplace processing delay","Location: Dashboard
Possible reasons include:
- Synchronization delay
- Different timezone
- Store filter differences
- Cancelled orders
- Manual orders
- Marketplace processing delay","","Frontend: src/router/routes.jsx; src/components/layout/Sidebar.jsx; src/i18n.js | Frontend: src/features/dashboard | Backend: modules/dashboard"
"Q-022","What timezone is used for Today's Orders?","Dashboard","MODIFIED ANSWER; FORMAT UPDATED","Distinguished the code-defined day boundary from the unverified deployment timezone.","What timezone is used for Today’s Orders?","The Dashboard does not clearly display the timezone used for the daily count.
If orders appear under the wrong day, ask the administrator which account, server, store, or marketplace timezone is being used.","Location: Dashboard
The daily summary uses the ERP server's day boundary. The Dashboard does not show the server timezone. If a date differs from your marketplace report, compare the same store and period and ask support to confirm the timezone used by your hosted ERP.","","Frontend: src/router/routes.jsx; src/components/layout/Sidebar.jsx; src/i18n.js | Frontend: src/features/dashboard | Backend: modules/dashboard"
"Q-023","What does Low Stock mean?","Dashboard","MODIFIED ANSWER; FORMAT UPDATED; IMAGE CHECK NEEDED","Confirmed threshold and destination.","What does Low Stock mean?","Low Stock means some inventory remains, but the quantity has reached the configured warning level.
The product may still be sellable, but replenishment should be considered.
You can see the process through the app screenshots https://printernoble.com/chatbot/uploads/1788406871_WERP_Q-23.png","Location: Dashboard
Low Stock counts warehouse stock records with a quantity above zero and at or below their minimum-stock warning level. Click Low Stock to open Inventory Management > Inventory List with the low-stock filter applied.","","Frontend: src/router/routes.jsx; src/components/layout/Sidebar.jsx; src/i18n.js | Frontend: src/features/dashboard | Backend: modules/dashboard"
"Q-024","How is the low-stock level decided?","Dashboard","MODIFIED ANSWER; FORMAT UPDATED","Added the complete warning-setting workflow.","How is the low-stock level decided?","The warning level is normally based on a configured stock-alert threshold.
The Product List includes a Batch Stock Alert Setting function for applying thresholds to selected products.","Location: Dashboard
Go to Product Management > Product List. Select the products, open Bulk Action, and choose Batch Stock Alert Setting. Enter Set minimum Stock, then click Set. You can also set a warning under Inventory Management > Inventory List > Bulk Action > Stock alert settings. Setting a warning does not add or remove stock.","","Frontend: src/router/routes.jsx; src/components/layout/Sidebar.jsx; src/i18n.js | Frontend: src/features/dashboard | Backend: modules/dashboard"
"Q-025","Does Low Stock mean the product cannot be sold?","Dashboard","REVIEWED - MEANING RETAINED; FORMAT UPDATED","Meaning retained after section review.","Does Low Stock mean the product cannot be sold?","No. It usually means the product still has stock but is approaching its warning limit.","Location: Dashboard
No. It usually means the product still has stock but is approaching its warning limit.","","Frontend: src/router/routes.jsx; src/components/layout/Sidebar.jsx; src/i18n.js | Frontend: src/features/dashboard | Backend: modules/dashboard"
"Q-026","What does Out of Stock mean?","Dashboard","MODIFIED ANSWER; FORMAT UPDATED; IMAGE CHECK NEEDED","Corrected on-hand versus available-stock wording.","What does Out of Stock mean?","Out of Stock means the ERP has no available inventory for the relevant product or SKU.
You can see the process through the app screenshots https://printernoble.com/chatbot/uploads/1788406872_WERP_Q-26.png","Location: Dashboard
Out of Stock counts warehouse stock records whose recorded quantity is zero or below. Click the card to open Inventory Management > Inventory List with the out-of-stock filter. A separate Lock Quantity can reduce available stock even when Quantity is above zero.","","Frontend: src/router/routes.jsx; src/components/layout/Sidebar.jsx; src/i18n.js | Frontend: src/features/dashboard | Backend: modules/dashboard"
"Q-027","Why might a product appear out of stock when physical stock exists?","Dashboard","REVIEWED - MEANING RETAINED; FORMAT UPDATED","Meaning retained after section review.","Why might a product appear out of stock when physical stock exists?","Possible reasons include:
Stock was not received in the ERP.
The wrong warehouse is being checked.
SKU mapping is missing.
Inventory synchronization failed.
Stock is locked for active orders.
The physical count has not been recorded.
The product is connected to the wrong Merchant SKU.","Location: Dashboard
Possible reasons include:
Stock was not received in the ERP.
The wrong warehouse is being checked.
SKU mapping is missing.
Inventory synchronization failed.
Stock is locked for active orders.
The physical count has not been recorded.
The product is connected to the wrong Merchant SKU.","","Frontend: src/router/routes.jsx; src/components/layout/Sidebar.jsx; src/i18n.js | Frontend: src/features/dashboard | Backend: modules/dashboard"
"Q-028","Can I click an Overview card?","Dashboard","MODIFIED ANSWER; FORMAT UPDATED","Replaced uncertain destinations with confirmed navigation.","Can I click an Overview card?","The cards are designed as interactive controls and may open a related detailed page or filtered list.
After clicking, verify which page and filter were opened.","Location: Dashboard
Yes. Total Platform Products opens Inventory Management > SKU Mapping > By Product. Today's Orders opens Order Management > Order Processing > All Order for today. Low Stock and Out of Stock open Inventory Management > Inventory List with the corresponding stock filter.","","Frontend: src/router/routes.jsx; src/components/layout/Sidebar.jsx; src/i18n.js | Frontend: src/features/dashboard | Backend: modules/dashboard"
"Q-029","Where should I investigate an incorrect product total?","Dashboard","MODIFIED ANSWER; FORMAT UPDATED","Corrected the page used to investigate platform product totals.","Where should I investigate an incorrect product total?","Check:
Product Management → Product List
Inventory Management → Inventory List","Location: Dashboard
Click Total Platform Products on the Dashboard, or go to Inventory Management > SKU Mapping > By Product. Check Select Platform, Select Shop, and the product search. Product Management > Product List contains internal Merchant SKU records, so its total can legitimately differ.","","Frontend: src/router/routes.jsx; src/components/layout/Sidebar.jsx; src/i18n.js | Frontend: src/features/dashboard | Backend: modules/dashboard"
"Q-030","Where should I investigate incorrect stock information?","Dashboard","MODIFIED ANSWER; FORMAT UPDATED","Added an actionable investigation sequence.","Where should I investigate incorrect stock information?","Check:
Inventory List
Merchant SKU
SKU Mapping
Inbound
Outbound
Inventory Log
Selected warehouse","Location: Dashboard
Go to Inventory Management > Inventory List and select the affected warehouse. Search for the SKU and compare Quantity with Lock Quantity. Then use Inventory Management > Inventory Log to check stock movements, and SKU Mapping > By Product to check the marketplace connection.","","Frontend: src/router/routes.jsx; src/components/layout/Sidebar.jsx; src/i18n.js | Frontend: src/features/dashboard | Backend: modules/dashboard"
"Q-031","What is the Inventory Status chart?","Dashboard","REVIEWED - MEANING RETAINED; FORMAT UPDATED; IMAGE CHECK NEEDED","Meaning retained after section review.","What is the Inventory Status chart?","Inventory Status shows daily Stock-In and Stock-Out activity for a selected month.
You can see the process through the app screenshots https://printernoble.com/chatbot/uploads/1788406873_WERP_Q-31.png","Location: Dashboard
Inventory Status shows daily Stock-In and Stock-Out activity for a selected month.","","Frontend: src/router/routes.jsx; src/components/layout/Sidebar.jsx; src/i18n.js | Frontend: src/features/dashboard | Backend: modules/dashboard"
"Q-032","What does Stock-In mean?","Dashboard","REVIEWED - MEANING RETAINED; FORMAT UPDATED","Meaning retained after section review.","What does Stock-In mean?","Stock-In represents inventory added to a warehouse.
It can include completed inbound or manual receiving transactions.","Location: Dashboard
Stock-In represents inventory added to a warehouse.
It can include completed inbound or manual receiving transactions.","","Frontend: src/router/routes.jsx; src/components/layout/Sidebar.jsx; src/i18n.js | Frontend: src/features/dashboard | Backend: modules/dashboard"
"Q-033","What does Stock-Out mean?","Dashboard","REVIEWED - MEANING RETAINED; FORMAT UPDATED; IMAGE CHECK NEEDED","Meaning retained after section review.","What does Stock-Out mean?","Stock-Out represents inventory removed from a warehouse.
It can include order fulfillment, outbound operations, or other stock deductions.
You can see the process through the app screenshots https://printernoble.com/chatbot/uploads/1788406874_WERP_Q-33.png","Location: Dashboard
Stock-Out represents inventory removed from a warehouse.
It can include order fulfillment, outbound operations, or other stock deductions.","","Frontend: src/router/routes.jsx; src/components/layout/Sidebar.jsx; src/i18n.js | Frontend: src/features/dashboard | Backend: modules/dashboard"
"Q-034","How do I change the Inventory Status period?","Dashboard","REVIEWED - MEANING RETAINED; FORMAT UPDATED; IMAGE CHECK NEEDED","Meaning retained after section review.","How do I change the Inventory Status period?","Use the year and month selectors above the chart.
Changing the reporting period does not change inventory records.
You can see the process through the app screenshots https://printernoble.com/chatbot/uploads/1788406875_WERP_Q-34.png","Location: Dashboard
Use the year and month selectors above the chart.
Changing the reporting period does not change inventory records.","","Frontend: src/router/routes.jsx; src/components/layout/Sidebar.jsx; src/i18n.js | Frontend: src/features/dashboard | Backend: modules/dashboard"
"Q-035","Why does the chart show dates across the bottom?","Dashboard","REVIEWED - MEANING RETAINED; FORMAT UPDATED","Meaning retained after section review.","Why does the chart show dates across the bottom?","The horizontal axis represents days in the selected month.
Some labels may be skipped to keep the chart readable.","Location: Dashboard
The horizontal axis represents days in the selected month.
Some labels may be skipped to keep the chart readable.","","Frontend: src/router/routes.jsx; src/components/layout/Sidebar.jsx; src/i18n.js | Frontend: src/features/dashboard | Backend: modules/dashboard"
"Q-036","Why does the Inventory Status chart show no activity?","Dashboard","REVIEWED - MEANING RETAINED; FORMAT UPDATED","Meaning retained after section review.","Why does the Inventory Status chart show no activity?","Possible reasons include:
No stock moved during the selected period.
Inbound records are still drafts.
Outbound records are not completed.
No warehouse inventory exists.
The wrong period is selected.
The page has not finished loading.","Location: Dashboard
Possible reasons include:
No stock moved during the selected period.
Inbound records are still drafts.
Outbound records are not completed.
No warehouse inventory exists.
The wrong period is selected.
The page has not finished loading.","","Frontend: src/router/routes.jsx; src/components/layout/Sidebar.jsx; src/i18n.js | Frontend: src/features/dashboard | Backend: modules/dashboard"
"Q-037","Does Stock-In include inventory that is still On The Way?","Dashboard","MODIFIED ANSWER; FORMAT UPDATED","Confirmed chart ledger source and receiving distinction.","Does Stock-In include inventory that is still On The Way?","Not necessarily. Inventory may need to be received or completed before it is counted as available stock.","Location: Dashboard
No. Inbound > On The Way represents stock expected at the warehouse. Stock-In records an actual positive stock movement, such as a confirmed receipt. Use Inventory Management > Inbound > On The Way > Receive after the goods arrive.","","Frontend: src/router/routes.jsx; src/components/layout/Sidebar.jsx; src/i18n.js | Frontend: src/features/dashboard | Backend: modules/dashboard"
"Q-038","Where can I see the reason for a stock movement?","Dashboard","REVIEWED - MEANING RETAINED; FORMAT UPDATED","Meaning retained after section review.","Where can I see the reason for a stock movement?","Go to:
Inventory Management → Inventory Log
The log includes the movement purpose, quantity, remaining quantity, and operation time.","Location: Dashboard
Go to:
- Inventory Management - Inventory Log
The log includes the movement purpose, quantity, remaining quantity, and operation time.","","Frontend: src/router/routes.jsx; src/components/layout/Sidebar.jsx; src/i18n.js | Frontend: src/features/dashboard | Backend: modules/dashboard"
"Q-039","Can I filter the Dashboard inventory chart by warehouse?","Dashboard","MODIFIED ANSWER; FORMAT UPDATED","Replaced reviewer language with direct customer guidance.","Can I filter the Dashboard inventory chart by warehouse?","No visible warehouse selector is provided on the chart.
For warehouse-specific information, use Inventory List or Inventory Log and select the warehouse there.","Location: Dashboard
Dashboard > Inventory Status does not have a warehouse selector. To investigate one warehouse, go to Inventory Management > Inventory List or Inventory Log and select that warehouse. Use the Dashboard chart for the combined activity it displays.","","Frontend: src/router/routes.jsx; src/components/layout/Sidebar.jsx; src/i18n.js | Frontend: src/features/dashboard | Backend: modules/dashboard"
"Q-040","What is the Order Status section?","Dashboard","REVIEWED - MEANING RETAINED; FORMAT UPDATED; IMAGE CHECK NEEDED","Meaning retained after section review.","What is the Order Status section?","Order Status summarizes orders by their current processing stage for a selected date range.
You can see the process through the app screenshots https://printernoble.com/chatbot/uploads/1788406876_WERP_Q-40.png","Location: Dashboard
Order Status summarizes orders by their current processing stage for a selected date range.","","Frontend: src/router/routes.jsx; src/components/layout/Sidebar.jsx; src/i18n.js | Frontend: src/features/dashboard | Backend: modules/dashboard"
"Q-041","What does Total mean in Order Status?","Dashboard","REVIEWED - MEANING RETAINED; FORMAT UPDATED; IMAGE CHECK NEEDED","Meaning retained after section review.","What does Total mean in Order Status?","Total represents the combined orders included in the selected date range and status summary.
You can see the process through the app screenshots https://printernoble.com/chatbot/uploads/1788406877_WERP_Q-41.png","Location: Dashboard
Total represents the combined orders included in the selected date range and status summary.","","Frontend: src/router/routes.jsx; src/components/layout/Sidebar.jsx; src/i18n.js | Frontend: src/features/dashboard | Backend: modules/dashboard"
"Q-042","What are Pending Orders?","Dashboard","REVIEWED - MEANING RETAINED; FORMAT UPDATED","Meaning retained after section review.","What are Pending Orders?","Pending Orders are waiting for an initial action or marketplace-processing result.","Location: Dashboard
Pending Orders are waiting for an initial action or marketplace-processing result.","","Frontend: src/router/routes.jsx; src/components/layout/Sidebar.jsx; src/i18n.js | Frontend: src/features/dashboard | Backend: modules/dashboard"
"Q-043","What are Processing Orders?","Dashboard","REVIEWED - MEANING RETAINED; FORMAT UPDATED","Meaning retained after section review.","What are Processing Orders?","Processing Orders are being prepared, packed, pushed, or moved through the fulfillment workflow.","Location: Dashboard
Processing Orders are being prepared, packed, pushed, or moved through the fulfillment workflow.","","Frontend: src/router/routes.jsx; src/components/layout/Sidebar.jsx; src/i18n.js | Frontend: src/features/dashboard | Backend: modules/dashboard"
"Q-044","What are Shipped Orders?","Dashboard","REVIEWED - MEANING RETAINED; FORMAT UPDATED","Meaning retained after section review.","What are Shipped Orders?","Shipped Orders have been dispatched but are not yet considered completed.","Location: Dashboard
Shipped Orders have been dispatched but are not yet considered completed.","","Frontend: src/router/routes.jsx; src/components/layout/Sidebar.jsx; src/i18n.js | Frontend: src/features/dashboard | Backend: modules/dashboard"
"Q-045","What are Completed Orders?","Dashboard","REVIEWED - MEANING RETAINED; FORMAT UPDATED","Meaning retained after section review.","What are Completed Orders?","Completed Orders have reached the final normal fulfillment stage.
Depending on the marketplace, completion may mean delivered, buyer-confirmed, or finalized.","Location: Dashboard
Completed Orders have reached the final normal fulfillment stage.
Depending on the marketplace, completion may mean delivered, buyer-confirmed, or finalized.","","Frontend: src/router/routes.jsx; src/components/layout/Sidebar.jsx; src/i18n.js | Frontend: src/features/dashboard | Backend: modules/dashboard"
"Q-046","What are Cancelled Orders?","Dashboard","REVIEWED - MEANING RETAINED; FORMAT UPDATED","Meaning retained after section review.","What are Cancelled Orders?","Cancelled Orders are orders whose normal fulfillment process was stopped.","Location: Dashboard
Cancelled Orders are orders whose normal fulfillment process was stopped.","","Frontend: src/router/routes.jsx; src/components/layout/Sidebar.jsx; src/i18n.js | Frontend: src/features/dashboard | Backend: modules/dashboard"
"Q-047","How do I change the Order Status period?","Dashboard","REVIEWED - MEANING RETAINED; FORMAT UPDATED","Meaning retained after section review.","How do I change the Order Status period?","Use the displayed date-range control in the Order Status section.
Choose the period you want to review.","Location: Dashboard
Use the displayed date-range control in the Order Status section.
Choose the period you want to review.","","Frontend: src/router/routes.jsx; src/components/layout/Sidebar.jsx; src/i18n.js | Frontend: src/features/dashboard | Backend: modules/dashboard"
"Q-048","Does changing the date range modify orders?","Dashboard","REVIEWED - MEANING RETAINED; FORMAT UPDATED; IMAGE CHECK NEEDED","Meaning retained after section review.","Does changing the date range modify orders?","No. It only changes which orders are included in the summary.
You can see the process through the app screenshots https://printernoble.com/chatbot/uploads/1788406878_WERP_Q-48.png","Location: Dashboard
No. It only changes which orders are included in the summary.","","Frontend: src/router/routes.jsx; src/components/layout/Sidebar.jsx; src/i18n.js | Frontend: src/features/dashboard | Backend: modules/dashboard"
"Q-049","Can I click an order-status category?","Dashboard","MODIFIED ANSWER; FORMAT UPDATED","Confirmed date-range navigation without promising identical counts.","Can I click an order-status category?","The status categories are presented as interactive controls and may open the related order list.
Verify the destination and applied filters after opening one.","Location: Dashboard
Yes. Click a category in Dashboard > Order Status to open its related order view. The selected date range is carried into the order view. Check the destination filters before comparing its count with the Dashboard.","","Frontend: src/router/routes.jsx; src/components/layout/Sidebar.jsx; src/i18n.js | Frontend: src/features/dashboard | Backend: modules/dashboard"
"Q-050","Why does the order total differ from the sum I expected?","Dashboard","REVIEWED - MEANING RETAINED; FORMAT UPDATED","Meaning retained after section review.","Why does the order total differ from the sum I expected?","Possible reasons include:
Date filters
Different status definitions
Marketplace synchronization delays
Returns
Cancellations
Manual orders
Orders changing status during the review","Location: Dashboard
Possible reasons include:
- Date filters
- Different status definitions
- Marketplace synchronization delays
- Returns
- Cancellations
- Manual orders
- Orders changing status during the review","","Frontend: src/router/routes.jsx; src/components/layout/Sidebar.jsx; src/i18n.js | Frontend: src/features/dashboard | Backend: modules/dashboard"
"Q-051","Where can I find a specific order?","Dashboard","MODIFIED ANSWER; FORMAT UPDATED","Added the exact search path and separate manual-order locations.","Where can I find a specific order?","Go to Order Management and search using:
Order Number
Tracking Number
Package Number
SKU","Location: Dashboard
Go to Order Management > Order Processing > All Order. Select the correct platform, store, date range, and search type, then enter the order number and click Search. For orders created directly in the ERP, also check Order Management > Manual Order or Platform Manual Order.","","Frontend: src/router/routes.jsx; src/components/layout/Sidebar.jsx; src/i18n.js | Frontend: src/features/dashboard | Backend: modules/dashboard"
"Q-052","Why is an order missing from the expected status?","Dashboard","REVIEWED - MEANING RETAINED; FORMAT UPDATED","Meaning retained after section review.","Why is an order missing from the expected status?","It may have:
Moved to another status
Been cancelled
Entered a return workflow
Failed to synchronize
Been created as a Manual Order
Fallen outside the selected date range","Location: Dashboard
It may have:
- Moved to another status
- Been cancelled
- Entered a return workflow
- Failed to synchronize
- Been created as a Manual Order
- Fallen outside the selected date range","","Frontend: src/router/routes.jsx; src/components/layout/Sidebar.jsx; src/i18n.js | Frontend: src/features/dashboard | Backend: modules/dashboard"
"Q-053","What is the Sales Trends chart?","Dashboard","REVIEWED - MEANING RETAINED; FORMAT UPDATED; IMAGE CHECK NEEDED","Meaning retained after section review.","What is the Sales Trends chart?","Sales Trends shows daily sales activity for a selected platform, month, and year.
You can see the process through the app screenshots https://printernoble.com/chatbot/uploads/1788406879_WERP_Q-53.png","Location: Dashboard
Sales Trends shows daily sales activity for a selected platform, month, and year.","","Frontend: src/router/routes.jsx; src/components/layout/Sidebar.jsx; src/i18n.js | Frontend: src/features/dashboard | Backend: modules/dashboard"
"Q-054","What can the Sales Trends chart help me understand?","Dashboard","REVIEWED - MEANING RETAINED; FORMAT UPDATED","Meaning retained after section review.","What can the Sales Trends chart help me understand?","It can help identify:
Busy sales days
Slower periods
Seasonal patterns
Marketplace differences
Changes in daily activity","Location: Dashboard
It can help identify:
- Busy sales days
- Slower periods
- Seasonal patterns
- Marketplace differences
- Changes in daily activity","","Frontend: src/router/routes.jsx; src/components/layout/Sidebar.jsx; src/i18n.js | Frontend: src/features/dashboard | Backend: modules/dashboard"
"Q-055","How do I change the sales period?","Dashboard","REVIEWED - MEANING RETAINED; FORMAT UPDATED; IMAGE CHECK NEEDED","Meaning retained after section review.","How do I change the sales period?","Use the year and month selectors above the Sales Trends chart.
You can see the process through the app screenshots https://printernoble.com/chatbot/uploads/1788406880_WERP_Q-55.png","Location: Dashboard
Use the year and month selectors above the Sales Trends chart.","","Frontend: src/router/routes.jsx; src/components/layout/Sidebar.jsx; src/i18n.js | Frontend: src/features/dashboard | Backend: modules/dashboard"
"Q-056","How do I compare marketplace performance?","Dashboard","REVIEWED - MEANING RETAINED; FORMAT UPDATED","Meaning retained after section review.","How do I compare marketplace performance?","Use the platform selector.
When stores are connected, supported platform choices may become available.","Location: Dashboard
Use the platform selector.
When stores are connected, supported platform choices may become available.","","Frontend: src/router/routes.jsx; src/components/layout/Sidebar.jsx; src/i18n.js | Frontend: src/features/dashboard | Backend: modules/dashboard"
"Q-057","What does All mean in the platform selector?","Dashboard","REVIEWED - MEANING RETAINED; FORMAT UPDATED","Meaning retained after section review.","What does All mean in the platform selector?","All combines sales activity from every available supported platform included in the Dashboard.","Location: Dashboard
All combines sales activity from every available supported platform included in the Dashboard.","","Frontend: src/router/routes.jsx; src/components/layout/Sidebar.jsx; src/i18n.js | Frontend: src/features/dashboard | Backend: modules/dashboard"
"Q-058","Why does the platform selector only show All?","Dashboard","REVIEWED - MEANING RETAINED; FORMAT UPDATED; IMAGE CHECK NEEDED","Meaning retained after section review.","Why does the platform selector only show All?","Possible reasons include:
No marketplace store is connected.
Store authorization is incomplete.
Connected platforms have not loaded.
The account has no eligible platform data.
You can see the process through the app screenshots https://printernoble.com/chatbot/uploads/1788406881_WERP_Q-58.png","Location: Dashboard
Possible reasons include:
No marketplace store is connected.
Store authorization is incomplete.
Connected platforms have not loaded.
The account has no eligible platform data.","","Frontend: src/router/routes.jsx; src/components/layout/Sidebar.jsx; src/i18n.js | Frontend: src/features/dashboard | Backend: modules/dashboard"
"Q-059","Does Sales Trends show revenue or order quantity?","Dashboard","MODIFIED ANSWER; FORMAT UPDATED; IMAGE CHECK NEEDED","Resolved the metric from both backend calculation and chart fallback behavior.","Does Sales Trends show revenue or order quantity?","The chart is labeled “Daily sales,” but the Dashboard does not clearly explain whether it represents revenue, orders, or units.
Confirm the metric definition before using it for financial decisions.
You can see the process through the app screenshots https://printernoble.com/chatbot/uploads/1788406882_WERP_Q-59.png","Location: Dashboard
Sales Trends normally plots sales value. If a day has no positive sales value, the chart can display quantity or order count instead. Hover over a point and read Sales, Orders, Qty, and any Graph label to identify the value shown. Use the marketplace settlement report to confirm payments; this chart is not a profit report.","","Frontend: src/router/routes.jsx; src/components/layout/Sidebar.jsx; src/i18n.js | Frontend: src/features/dashboard | Backend: modules/dashboard"
"Q-060","Why might Sales Trends differ from Today's Orders?","Dashboard","REVIEWED - MEANING RETAINED; FORMAT UPDATED","Meaning retained after section review.","Why might Sales Trends differ from Today’s Orders?","They may use different rules.
For example:
Today’s Orders may count newly created orders.
Sales Trends may use another status or measurement.
Cancelled or returned orders may be treated differently.
Synchronization can occur at different times.","Location: Dashboard
They may use different rules.
For example:
Today's Orders may count newly created orders.
Sales Trends may use another status or measurement.
Cancelled or returned orders may be treated differently.
Synchronization can occur at different times.","","Frontend: src/router/routes.jsx; src/components/layout/Sidebar.jsx; src/i18n.js | Frontend: src/features/dashboard | Backend: modules/dashboard"
"Q-061","Why might Sales Trends differ from a marketplace report?","Dashboard","REVIEWED - MEANING RETAINED; FORMAT UPDATED","Meaning retained after section review.","Why might Sales Trends differ from a marketplace report?","Possible reasons include:
Different date ranges
Different timezones
Cancelled or returned orders
Platform processing delays
Manual orders
Different sales definitions
Store authorization problems","Location: Dashboard
Possible reasons include:
- Different date ranges
- Different timezones
- Cancelled or returned orders
- Platform processing delays
- Manual orders
- Different sales definitions
- Store authorization problems","","Frontend: src/router/routes.jsx; src/components/layout/Sidebar.jsx; src/i18n.js | Frontend: src/features/dashboard | Backend: modules/dashboard"
"Q-062","Can I use Sales Trends as an accounting report?","Dashboard","REVIEWED - MEANING RETAINED; FORMAT UPDATED","Meaning retained after section review.","Can I use Sales Trends as an accounting report?","Not by itself.
Accounting requires confirmed revenue, costs, fees, refunds, shipping, taxes, and other financial information.","Location: Dashboard
Not by itself.
Accounting requires confirmed revenue, costs, fees, refunds, shipping, taxes, and other financial information.","","Frontend: src/router/routes.jsx; src/components/layout/Sidebar.jsx; src/i18n.js | Frontend: src/features/dashboard | Backend: modules/dashboard"
"Q-063","What is Store Plans?","Sidebar > Store Plans","REVIEWED - MEANING RETAINED; FORMAT UPDATED; IMAGE CHECK NEEDED","Meaning retained after section review.","What is Store Plans?","Store Plans shows subscription information for marketplace stores connected to the ERP.
You can see the process through the app screenshots https://printernoble.com/chatbot/uploads/1788406883_WERP_Q-63.png","Location: Sidebar > Store Plans
Store Plans shows subscription information for marketplace stores connected to the ERP.","","Frontend: src/router/routes.jsx; src/components/layout/Sidebar.jsx; src/i18n.js | Frontend: src/features/systemConfigaration; src/features/pricing; src/components/layout/GiftReferralModalController.jsx | Backend: modules/platformStores; modules/subscription"
"Q-064","Why does Store Plans say that no stores were found?","Sidebar > Store Plans","REVIEWED - MEANING RETAINED; FORMAT UPDATED","Meaning retained after section review.","Why does Store Plans say that no stores were found?","Possible reasons include:
No store has been authorized.
Store authorization is incomplete.
Stores are connected to another account.
The store list has not loaded.
The account is new.","Location: Sidebar > Store Plans
Possible reasons include:
No store has been authorized.
Store authorization is incomplete.
Stores are connected to another account.
The store list has not loaded.
The account is new.","","Frontend: src/router/routes.jsx; src/components/layout/Sidebar.jsx; src/i18n.js | Frontend: src/features/systemConfigaration; src/features/pricing; src/components/layout/GiftReferralModalController.jsx | Backend: modules/platformStores; modules/subscription"
"Q-065","How do I connect a marketplace store?","Sidebar > Store Plans","MODIFIED ANSWER; FORMAT UPDATED","Rewrote the add-store journey using exact navigation.","How do I connect a marketplace store?","Go to:
System Configuration → Store Authorization → Add Store
Complete authorization only for a store you are permitted to manage.","Location: Sidebar > Store Plans
1. Open System Configuration > Store Authorization.
2. Click Add Store.
3. Choose the platform and complete the fields shown for your store and country.
4. Continue to the marketplace authorization screen and approve the connection for the correct store.
5. Return to Store Authorization and check the authorization status. A subscription and store authorization are separate requirements.","","Frontend: src/router/routes.jsx; src/components/layout/Sidebar.jsx; src/i18n.js | Frontend: src/features/systemConfigaration; src/features/pricing; src/components/layout/GiftReferralModalController.jsx | Backend: modules/platformStores; modules/subscription"
"Q-066","Where does See all in Store Plans take me?","Sidebar > Store Plans","MODIFIED ANSWER; EDITED QUESTION; FORMAT UPDATED","Confirmed the exact See all destination.","What does See all do?","It opens or displays the complete list of store plans when connected stores exist.","Location: Sidebar > Store Plans
In the sidebar's Store Plans area, See all opens System Configuration > Store Authorization. Use the Authorized Store List there to review connected stores, current plans, and remaining days.","","Frontend: src/router/routes.jsx; src/components/layout/Sidebar.jsx; src/i18n.js | Frontend: src/features/systemConfigaration; src/features/pricing; src/components/layout/GiftReferralModalController.jsx | Backend: modules/platformStores; modules/subscription"
"Q-067","What does Upgrade Plan do?","Sidebar > Store Plans","REVIEWED - MEANING RETAINED; FORMAT UPDATED; IMAGE CHECK NEEDED","Meaning retained after section review.","What does Upgrade Plan do?","It opens the subscription-selection page.
Opening it does not complete a purchase.
You can see the process through the app screenshots https://printernoble.com/chatbot/uploads/1788406884_WERP_Q-67.png","Location: Sidebar > Store Plans
It opens the subscription-selection page.
Opening it does not complete a purchase.","","Frontend: src/router/routes.jsx; src/components/layout/Sidebar.jsx; src/i18n.js | Frontend: src/features/systemConfigaration; src/features/pricing; src/components/layout/GiftReferralModalController.jsx | Backend: modules/platformStores; modules/subscription"
"Q-068","When should I buy a subscription?","Sidebar > Store Plans","REVIEWED - MEANING RETAINED; FORMAT UPDATED","Meaning retained after section review.","When should I buy a subscription?","Consider a subscription after confirming that:
Your marketplace is supported.
The correct stores can be connected.
Product synchronization works.
SKU mapping fits your catalog.
Inventory workflows meet your needs.
Order processing fits your team.
The final cost is approved.","Location: Sidebar > Store Plans
Consider a subscription after confirming that:
Your marketplace is supported.
The correct stores can be connected.
Product synchronization works.
SKU mapping fits your catalog.
Inventory workflows meet your needs.
Order processing fits your team.
The final cost is approved.","","Frontend: src/router/routes.jsx; src/components/layout/Sidebar.jsx; src/i18n.js | Frontend: src/features/systemConfigaration; src/features/pricing; src/components/layout/GiftReferralModalController.jsx | Backend: modules/platformStores; modules/subscription"
"Q-069","What happens when a store subscription expires?","Sidebar > Store Plans","REVIEWED - MEANING RETAINED; FORMAT UPDATED","Meaning retained after section review.","What happens when a store subscription expires?","Marketplace-related operations may be limited or interrupted.
Existing warehouse records should not automatically be assumed to be deleted.","Location: Sidebar > Store Plans
Marketplace-related operations may be limited or interrupted.
Existing warehouse records should not automatically be assumed to be deleted.","","Frontend: src/router/routes.jsx; src/components/layout/Sidebar.jsx; src/i18n.js | Frontend: src/features/systemConfigaration; src/features/pricing; src/components/layout/GiftReferralModalController.jsx | Backend: modules/platformStores; modules/subscription"
"Q-070","Does renewing a plan reconnect an unauthorized store?","Sidebar > Store Plans","REVIEWED - MEANING RETAINED; FORMAT UPDATED","Meaning retained after section review.","Does renewing a plan reconnect an unauthorized store?","Not necessarily.
Subscription and store authorization are separate. Both may need to be valid.","Location: Sidebar > Store Plans
Not necessarily.
Subscription and store authorization are separate. Both may need to be valid.","","Frontend: src/router/routes.jsx; src/components/layout/Sidebar.jsx; src/i18n.js | Frontend: src/features/systemConfigaration; src/features/pricing; src/components/layout/GiftReferralModalController.jsx | Backend: modules/platformStores; modules/subscription"
"Q-071","How do I change the ERP language?","Top bar > Select language","REVIEWED - MEANING RETAINED; FORMAT UPDATED; IMAGE CHECK NEEDED","Meaning retained after section review.","How do I change the ERP language?","Use the Select language dropdown at the top of the page.
You can see the process through the app screenshots https://printernoble.com/chatbot/uploads/1788407017_WERP_Q-71.png","Location: Top bar > Select language
Use the Select language dropdown at the top of the page.","","Frontend: src/router/routes.jsx; src/components/layout/Sidebar.jsx; src/i18n.js | Frontend: src/components/layout; src/features/auth"
"Q-072","Which languages are available?","Top bar > Select language","REVIEWED - MEANING RETAINED; FORMAT UPDATED","Meaning retained after section review.","Which languages are available?","The interface offers:
English
Chinese
Filipino
Bahasa Indonesia
Thai
Vietnamese
Bahasa Melayu","Location: Top bar > Select language
The interface offers:
- English
- Chinese
- Filipino
- Bahasa Indonesia
- Thai
- Vietnamese
- Bahasa Melayu","","Frontend: src/router/routes.jsx; src/components/layout/Sidebar.jsx; src/i18n.js | Frontend: src/components/layout; src/features/auth"
"Q-073","Will changing the language translate product and customer data?","Top bar > Select language","REVIEWED - MEANING RETAINED; FORMAT UPDATED","Meaning retained after section review.","Will changing the language translate product and customer data?","No. It mainly changes built-in interface labels.
Imported product names, store names, addresses, and customer information may remain in their original language.","Location: Top bar > Select language
No. It mainly changes built-in interface labels.
Imported product names, store names, addresses, and customer information may remain in their original language.","","Frontend: src/router/routes.jsx; src/components/layout/Sidebar.jsx; src/i18n.js | Frontend: src/components/layout; src/features/auth"
"Q-074","What is the user button in the upper-right corner?","Top bar and account menu","MODIFIED ANSWER; FORMAT UPDATED; IMAGE CHECK NEEDED","Used definite current menu names and explained the most important actions.","What is the user button in the upper-right corner?","It opens the account menu.
The menu may include:
Profile Info
My gift
Share referral code
Log Out
You can see the process through the app screenshots https://printernoble.com/chatbot/uploads/1788407018_WERP_Q-74.png","Location: Top bar and account menu
Click your account name or picture in the top-right corner to open the account menu. It contains Profile Info, My gift, Share referral code, and Log Out. Profile Info displays account details; Log Out ends your current sign-in.","","Frontend: src/router/routes.jsx; src/components/layout/Sidebar.jsx; src/i18n.js | Frontend: src/components/layout; src/features/auth"
"Q-075","What is Profile Info?","Top-right account menu > Profile Info","MODIFIED ANSWER; FORMAT UPDATED","Corrected the false claim that Profile Info can save changes.","What is Profile Info?","It is where the signed-in user can view or manage account-profile information.
Saving changes can modify the account.","Location: Top-right account menu > Profile Info
Click your account name or picture in the top-right corner, then choose Profile Info. This window displays your signed-in account details, such as name, email, role, and assigned access. It has a Close button; it does not provide a profile-edit or Save action.","","Frontend: src/router/routes.jsx; src/components/layout/Sidebar.jsx; src/i18n.js | Frontend: src/components/layout; src/features/auth"
"Q-076","What is My gift?","Top-right account menu > My gift","MODIFIED ANSWER; FORMAT UPDATED","Clarified two different gift workflows.","What is My gift?","It appears to relate to rewards or benefits associated with the ERP user account.
It is different from Add Gift under Manual Orders, which creates a gift shipment for a customer.","Location: Top-right account menu > My gift
My gift shows rewards assigned to your account, including any address or receipt action still required. Open the top-right account menu > My gift to view them. This is separate from Order Management > Manual Order > Add Gift, which creates a customer gift order.","","Frontend: src/router/routes.jsx; src/components/layout/Sidebar.jsx; src/i18n.js | Frontend: src/features/systemConfigaration; src/features/pricing; src/components/layout/GiftReferralModalController.jsx | Backend: modules/platformStores; modules/subscription | Frontend: src/components/layout; src/features/auth"
"Q-077","What does Share referral code do?","Top-right account menu > Share referral code","MODIFIED ANSWER; FORMAT UPDATED","Confirmed explicit Copy action.","What does Share referral code do?","It opens the referral-sharing workflow.
Review the destination and information before sharing anything.","Location: Top-right account menu > Share referral code
Open the top-right account menu > Share referral code. When your available code appears, click Copy beside it. You can then paste it into a message to the person you want to invite. Opening the window alone does not copy the code.","","Frontend: src/router/routes.jsx; src/components/layout/Sidebar.jsx; src/i18n.js | Frontend: src/features/systemConfigaration; src/features/pricing; src/components/layout/GiftReferralModalController.jsx | Backend: modules/platformStores; modules/subscription | Frontend: src/components/layout; src/features/auth"
"Q-078","What does Log Out do?","Top-right account menu > Log Out","REVIEWED - MEANING RETAINED; FORMAT UPDATED","Meaning retained after section review.","What does Log Out do?","It ends the current signed-in session.
It does not delete the account or business records.","Location: Top-right account menu > Log Out
It ends the current signed-in session.
It does not delete the account or business records.","","Frontend: src/router/routes.jsx; src/components/layout/Sidebar.jsx; src/i18n.js | Frontend: src/components/layout; src/features/auth"
"Q-079","How can the Dashboard help me run my business?","Dashboard","REVIEWED - MEANING RETAINED; FORMAT UPDATED","Meaning retained after section review.","How can the Dashboard help me run my business?","It brings the most important operational signals into one place so you can identify stock, order, sales, and subscription issues quickly.","Location: Dashboard
It brings the most important operational signals into one place so you can identify stock, order, sales, and subscription issues quickly.","","Frontend: src/router/routes.jsx; src/components/layout/Sidebar.jsx; src/i18n.js | Frontend: src/features/dashboard | Backend: modules/dashboard"
"Q-080","What should I check first every morning?","Dashboard","REVIEWED - MEANING RETAINED; FORMAT UPDATED","Meaning retained after section review.","What should I check first every morning?","A useful routine is:
Review Today’s Orders.
Check Pending and Processing Orders.
Review Low Stock.
Review Out of Stock.
Check inventory movement.
Look for unusual sales changes.
Check store subscription warnings.","Location: Dashboard
A useful routine is:
Review Today's Orders.
Check Pending and Processing Orders.
Review Low Stock.
Review Out of Stock.
Check inventory movement.
Look for unusual sales changes.
Check store subscription warnings.","","Frontend: src/router/routes.jsx; src/components/layout/Sidebar.jsx; src/i18n.js | Frontend: src/features/dashboard | Backend: modules/dashboard"
"Q-081","What should I review before purchasing new inventory?","Dashboard","REVIEWED - MEANING RETAINED; FORMAT UPDATED","Meaning retained after section review.","What should I review before purchasing new inventory?","Check:
Low-stock products
Out-of-stock products
Sales Trends
Current inventory
In-transit inventory
Recent Stock-Out activity
Pending inbound shipments","Location: Dashboard
Check:
- Low-stock products
- Out-of-stock products
- Sales Trends
- Current inventory
- In-transit inventory
- Recent Stock-Out activity
- Pending inbound shipments","","Frontend: src/router/routes.jsx; src/components/layout/Sidebar.jsx; src/i18n.js | Frontend: src/features/dashboard | Backend: modules/dashboard"
"Q-082","How can the Dashboard help prevent missed orders?","Dashboard","REVIEWED - MEANING RETAINED; FORMAT UPDATED","Meaning retained after section review.","How can the Dashboard help prevent missed orders?","It highlights order activity and processing stages.
Staff can open the relevant Order Management page when pending or processing orders require attention.","Location: Dashboard
It highlights order activity and processing stages.
Staff can open the relevant Order Management page when pending or processing orders require attention.","","Frontend: src/router/routes.jsx; src/components/layout/Sidebar.jsx; src/i18n.js | Frontend: src/features/dashboard | Backend: modules/dashboard"
"Q-083","How can it help prevent overselling?","Dashboard","REVIEWED - MEANING RETAINED; FORMAT UPDATED","Meaning retained after section review.","How can it help prevent overselling?","The Dashboard identifies low-stock and out-of-stock conditions, while the detailed inventory pages provide quantities, locks, mappings, and synchronization status.","Location: Dashboard
The Dashboard identifies low-stock and out-of-stock conditions, while the detailed inventory pages provide quantities, locks, mappings, and synchronization status.","","Frontend: src/router/routes.jsx; src/components/layout/Sidebar.jsx; src/i18n.js | Frontend: src/features/dashboard | Backend: modules/dashboard"
"Q-084","Can the Dashboard replace detailed reports?","Dashboard","REVIEWED - MEANING RETAINED; FORMAT UPDATED","Meaning retained after section review.","Can the Dashboard replace detailed reports?","No. It provides a summary.
Use the detailed product, inventory, order, warehouse, and configuration pages when investigating a problem or making an important decision.","Location: Dashboard
No. It provides a summary.
Use the detailed product, inventory, order, warehouse, and configuration pages when investigating a problem or making an important decision.","","Frontend: src/router/routes.jsx; src/components/layout/Sidebar.jsx; src/i18n.js | Frontend: src/features/dashboard | Backend: modules/dashboard"
"Q-085","How can I know whether the ERP is helping my business?","Dashboard","REVIEWED - MEANING RETAINED; FORMAT UPDATED","Meaning retained after section review.","How can I know whether the ERP is helping my business?","Track changes in:
Order-processing time
Packing failures
Stock discrepancies
Out-of-stock cancellations
Synchronization failures
Manual spreadsheet work
Staff response time","Location: Dashboard
Track changes in:
- Order-processing time
- Packing failures
- Stock discrepancies
- Out-of-stock cancellations
- Synchronization failures
- Manual spreadsheet work
- Staff response time","","Frontend: src/router/routes.jsx; src/components/layout/Sidebar.jsx; src/i18n.js | Frontend: src/features/dashboard | Backend: modules/dashboard"
"Q-086","What should I do before relying on the Dashboard?","Dashboard","REVIEWED - MEANING RETAINED; FORMAT UPDATED","Meaning retained after section review.","What should I do before relying on the Dashboard?","Confirm:
Stores are authorized.
Products are synchronized.
Merchant SKUs are created.
SKU mappings are correct.
Warehouses are configured.
Inventory is accurate.
Staff roles are properly assigned.","Location: Dashboard
Confirm:
Stores are authorized.
Products are synchronized.
Merchant SKUs are created.
SKU mappings are correct.
Warehouses are configured.
Inventory is accurate.
Staff roles are properly assigned.","","Frontend: src/router/routes.jsx; src/components/layout/Sidebar.jsx; src/i18n.js | Frontend: src/features/dashboard | Backend: modules/dashboard"
"Q-087","What is Product Management?","Product Management > Product List","REVIEWED - MEANING RETAINED; FORMAT UPDATED; IMAGE CHECK NEEDED","Meaning retained after section review.","What is Product Management?","Product Management is where you can view and manage products used by the ERP.
It contains:
Product List
Combine SKU
You can see the process through the app screenshots https://printernoble.com/chatbot/uploads/1788407019_WERP_Q-87.png","Location: Product Management > Product List
Product Management is where you can view and manage products used by the ERP.
It contains:
- Product List
- Combine SKU","","Frontend: src/router/routes.jsx; src/components/layout/Sidebar.jsx; src/i18n.js | Frontend: src/features/productManagement; src/features/inventoryManagement/merchantSKU | Backend: modules/merchantSkus; modules/combineskus"
"Q-088","How do I open Product Management?","Product Management > Product List","REVIEWED - MEANING RETAINED; FORMAT UPDATED","Meaning retained after section review.","How do I open Product Management?","Click Product Management in the main sidebar.
The Product List and Combine SKU pages should appear underneath it.","Location: Product Management > Product List
Click Product Management in the main sidebar.
The Product List and Combine SKU pages should appear underneath it.","","Frontend: src/router/routes.jsx; src/components/layout/Sidebar.jsx; src/i18n.js | Frontend: src/features/productManagement; src/features/inventoryManagement/merchantSKU | Backend: modules/merchantSkus; modules/combineskus"
"Q-089","What is the difference between Product List and Combine SKU?","Product Management > Product List","MODIFIED ANSWER; FORMAT UPDATED","Corrected the mistaken classification of Product List as the marketplace catalog.","What is the difference between Product List and Combine SKU?","Product List contains individual marketplace products or product variations.
Combine SKU contains bundles made from one or more component products.","Location: Product Management > Product List
Product List manages your internal Merchant SKU product records, including names, images, dimensions, and inventory information. Combine SKU defines bundles made from those Merchant SKUs. To see imported marketplace listings, go to Inventory Management > SKU Mapping > By Product.","","Frontend: src/router/routes.jsx; src/components/layout/Sidebar.jsx; src/i18n.js | Frontend: src/features/productManagement; src/features/inventoryManagement/merchantSKU | Backend: modules/merchantSkus; modules/combineskus"
"Q-090","Does opening Product Management change anything?","Product Management > Product List","REVIEWED - MEANING RETAINED; FORMAT UPDATED","Meaning retained after section review.","Does opening Product Management change anything?","No. Viewing, searching, filtering, and changing pages do not normally modify product information.","Location: Product Management > Product List
No. Viewing, searching, filtering, and changing pages do not normally modify product information.","","Frontend: src/router/routes.jsx; src/components/layout/Sidebar.jsx; src/i18n.js | Frontend: src/features/productManagement; src/features/inventoryManagement/merchantSKU | Backend: modules/merchantSkus; modules/combineskus"
"Q-091","Which Product Management actions can change data?","Product Management > Product List","MODIFIED ANSWER; FORMAT UPDATED; IMAGE CHECK NEEDED","Distinguished confirmed write actions from view-only controls.","Which Product Management actions can change data?","Actions that may change data include:
Add Products
Add Combine SKU
Edit
Batch Stock Alert Setting
Batch Delete
Delete
Saving changes inside Details or Actions
You can see the process through the app screenshots https://printernoble.com/chatbot/uploads/1788407020_WERP_Q-91.png","Location: Product Management > Product List
In Product Management > Product List, Add Single Product, Add Product via Template, Edit, Batch Stock Alert Setting, Delete, and Batch Delete can save changes. In Product Management > Combine SKU, saving Add Combine SKU or confirming Delete changes bundle records. Details, search, and filtering are for viewing.","","Frontend: src/router/routes.jsx; src/components/layout/Sidebar.jsx; src/i18n.js | Frontend: src/features/productManagement; src/features/inventoryManagement/merchantSKU | Backend: modules/merchantSkus; modules/combineskus"
"Q-092","Who should use Product Management?","Product Management > Product List","REVIEWED - MEANING RETAINED; FORMAT UPDATED","Meaning retained after section review.","Who should use Product Management?","It is useful for:
Product administrators
Inventory managers
Store managers
Warehouse managers
Authorized business owners","Location: Product Management > Product List
It is useful for:
- Product administrators
- Inventory managers
- Store managers
- Warehouse managers
- Authorized business owners","","Frontend: src/router/routes.jsx; src/components/layout/Sidebar.jsx; src/i18n.js | Frontend: src/features/productManagement; src/features/inventoryManagement/merchantSKU | Backend: modules/merchantSkus; modules/combineskus"
"Q-093","What is the Product List?","Product Management > Product List","MODIFIED ANSWER; FORMAT UPDATED","Corrected product-source wording.","What is the Product List?","The Product List shows products registered or synchronized in the ERP.
It helps you review product identities, inventory availability, and related actions.","Location: Product Management > Product List
Product Management > Product List shows the ERP Merchant SKU product records. Use it to add or edit a product, review its image and dimensions, and check warehouse availability. Marketplace listings and their connections appear under Inventory Management > SKU Mapping > By Product.","","Frontend: src/router/routes.jsx; src/components/layout/Sidebar.jsx; src/i18n.js | Frontend: src/features/productManagement; src/features/inventoryManagement/merchantSKU | Backend: modules/merchantSkus; modules/combineskus"
"Q-094","What information appears in the Product List?","Product Management > Product List","REVIEWED - MEANING RETAINED; FORMAT UPDATED; IMAGE CHECK NEEDED","Meaning retained after section review.","What information appears in the Product List?","The table includes:
Select All
Image
SKU
Product Name
Available in Inventory
In-transit Inventory
Details
Actions
You can see the process through the app screenshots https://printernoble.com/chatbot/uploads/1788407021_WERP_Q-94.png","Location: Product Management > Product List
The table includes:
- Select All
- Image
- SKU
- Product Name
- Available in Inventory
- In-transit Inventory
- Details
- Actions","","Frontend: src/router/routes.jsx; src/components/layout/Sidebar.jsx; src/i18n.js | Frontend: src/features/productManagement; src/features/inventoryManagement/merchantSKU | Backend: modules/merchantSkus; modules/combineskus"
"Q-095","What does SKU mean?","Product Management > Product List","REVIEWED - MEANING RETAINED; FORMAT UPDATED","Meaning retained after section review.","What does SKU mean?","SKU means Stock Keeping Unit.
It is a code used to identify a particular product or product variation.","Location: Product Management > Product List
SKU means Stock Keeping Unit.
It is a code used to identify a particular product or product variation.","","Frontend: src/router/routes.jsx; src/components/layout/Sidebar.jsx; src/i18n.js | Frontend: src/features/productManagement; src/features/inventoryManagement/merchantSKU | Backend: modules/merchantSkus; modules/combineskus"
"Q-096","Is a SKU the same as a product name?","Product Management > Product List","REVIEWED - MEANING RETAINED; FORMAT UPDATED; IMAGE CHECK NEEDED","Meaning retained after section review.","Is a SKU the same as a product name?","No.
SKU is a relatively short product identifier.
Product Name is the readable description of the product.
You can see the process through the app screenshots https://printernoble.com/chatbot/uploads/1788407022_WERP_Q-96.png","Location: Product Management > Product List
No.
SKU is a relatively short product identifier.
Product Name is the readable description of the product.","","Frontend: src/router/routes.jsx; src/components/layout/Sidebar.jsx; src/i18n.js | Frontend: src/features/productManagement; src/features/inventoryManagement/merchantSKU | Backend: modules/merchantSkus; modules/combineskus"
"Q-097","Can different product variations have different SKUs?","Product Management > Product List","REVIEWED - MEANING RETAINED; FORMAT UPDATED","Meaning retained after section review.","Can different product variations have different SKUs?","Yes. Different colors, sizes, models, packs, or other variations should normally have separate SKUs.","Location: Product Management > Product List
Yes. Different colors, sizes, models, packs, or other variations should normally have separate SKUs.","","Frontend: src/router/routes.jsx; src/components/layout/Sidebar.jsx; src/i18n.js | Frontend: src/features/productManagement; src/features/inventoryManagement/merchantSKU | Backend: modules/merchantSkus; modules/combineskus"
"Q-098","Why is a unique SKU important?","Product Management > Product List","REVIEWED - MEANING RETAINED; FORMAT UPDATED","Meaning retained after section review.","Why is a unique SKU important?","A unique SKU helps the ERP:
Identify the correct product
Map marketplace listings
Track inventory
Process orders
Prevent stock mistakes
Investigate inventory movements","Location: Product Management > Product List
A unique SKU helps the ERP:
- Identify the correct product
- Map marketplace listings
- Track inventory
- Process orders
- Prevent stock mistakes
- Investigate inventory movements","","Frontend: src/router/routes.jsx; src/components/layout/Sidebar.jsx; src/i18n.js | Frontend: src/features/productManagement; src/features/inventoryManagement/merchantSKU | Backend: modules/merchantSkus; modules/combineskus"
"Q-099","Can two products use the same SKU?","Product Management > Product List","REVIEWED - MEANING RETAINED; FORMAT UPDATED","Meaning retained after section review.","Can two products use the same SKU?","They should not use the same SKU if they represent different physical items.
Duplicate SKUs can cause incorrect inventory and order fulfillment.","Location: Product Management > Product List
They should not use the same SKU if they represent different physical items.
Duplicate SKUs can cause incorrect inventory and order fulfillment.","","Frontend: src/router/routes.jsx; src/components/layout/Sidebar.jsx; src/i18n.js | Frontend: src/features/productManagement; src/features/inventoryManagement/merchantSKU | Backend: modules/merchantSkus; modules/combineskus"
"Q-100","What is the difference between a platform SKU and a Merchant SKU?","Product Management > Product List","REVIEWED - MEANING RETAINED; FORMAT UPDATED","Meaning retained after section review.","What is the difference between a platform SKU and a Merchant SKU?","Platform SKU comes from a marketplace listing.
Merchant SKU is the ERP’s internal inventory identity.
SKU Mapping connects them.","Location: Product Management > Product List
Platform SKU comes from a marketplace listing.
Merchant SKU is the ERP's internal inventory identity.
SKU Mapping connects them.","","Frontend: src/router/routes.jsx; src/components/layout/Sidebar.jsx; src/i18n.js | Frontend: src/features/productManagement; src/features/inventoryManagement/merchantSKU | Backend: modules/merchantSkus; modules/combineskus"
"Q-101","Why might the product name be in another language?","Product Management > Product List","REVIEWED - MEANING RETAINED; FORMAT UPDATED","Meaning retained after section review.","Why might the product name be in another language?","Product information may be imported from its marketplace listing.
Changing the ERP interface language does not automatically translate imported product names.","Location: Product Management > Product List
Product information may be imported from its marketplace listing.
Changing the ERP interface language does not automatically translate imported product names.","","Frontend: src/router/routes.jsx; src/components/layout/Sidebar.jsx; src/i18n.js | Frontend: src/features/productManagement; src/features/inventoryManagement/merchantSKU | Backend: modules/merchantSkus; modules/combineskus"
"Q-102","What does Select Warehouse do?","Product Management > Product List","REVIEWED - MEANING RETAINED; FORMAT UPDATED","Meaning retained after section review.","What does Select Warehouse do?","It filters products according to a selected warehouse.
This helps you focus on products associated with one inventory location.","Location: Product Management > Product List
It filters products according to a selected warehouse.
This helps you focus on products associated with one inventory location.","","Frontend: src/router/routes.jsx; src/components/layout/Sidebar.jsx; src/i18n.js | Frontend: src/features/productManagement; src/features/inventoryManagement/merchantSKU | Backend: modules/merchantSkus; modules/combineskus"
"Q-103","Why does the warehouse selector show a placeholder?","Product Management > Product List","REVIEWED - MEANING RETAINED; FORMAT UPDATED; IMAGE CHECK NEEDED","Meaning retained after section review.","Why does the warehouse selector show a placeholder?","A placeholder means no warehouse has been selected or no warehouse is currently available.
If no warehouse exists, create one under Warehouse Management before using warehouse-based product functions.
You can see the process through the app screenshots https://printernoble.com/chatbot/uploads/1788407023_WERP_Q-103.png","Location: Product Management > Product List
A placeholder means no warehouse has been selected or no warehouse is currently available.
If no warehouse exists, create one under Warehouse Management before using warehouse-based product functions.","","Frontend: src/router/routes.jsx; src/components/layout/Sidebar.jsx; src/i18n.js | Frontend: src/features/productManagement; src/features/inventoryManagement/merchantSKU | Backend: modules/merchantSkus; modules/combineskus"
"Q-104","What does Product Status do?","Product Management > Product List","REVIEWED - MEANING RETAINED; FORMAT UPDATED","Meaning retained after section review.","What does Product Status do?","It filters products by their current status.
The available status options may depend on the product source and ERP configuration.","Location: Product Management > Product List
It filters products by their current status.
The available status options may depend on the product source and ERP configuration.","","Frontend: src/router/routes.jsx; src/components/layout/Sidebar.jsx; src/i18n.js | Frontend: src/features/productManagement; src/features/inventoryManagement/merchantSKU | Backend: modules/merchantSkus; modules/combineskus"
"Q-105","What does Select Country do?","Product Management > Product List","REVIEWED - MEANING RETAINED; FORMAT UPDATED","Meaning retained after section review.","What does Select Country do?","It filters products according to a country or marketplace region.
This is useful when the business operates in several countries.","Location: Product Management > Product List
It filters products according to a country or marketplace region.
This is useful when the business operates in several countries.","","Frontend: src/router/routes.jsx; src/components/layout/Sidebar.jsx; src/i18n.js | Frontend: src/features/productManagement; src/features/inventoryManagement/merchantSKU | Backend: modules/merchantSkus; modules/combineskus"
"Q-106","What is the dedicated SKU field?","Product Management > Product List","REVIEWED - MEANING RETAINED; FORMAT UPDATED","Meaning retained after section review.","What is the dedicated SKU field?","It is used to find a product by its SKU.
Enter the complete SKU for the most precise result.","Location: Product Management > Product List
It is used to find a product by its SKU.
Enter the complete SKU for the most precise result.","","Frontend: src/router/routes.jsx; src/components/layout/Sidebar.jsx; src/i18n.js | Frontend: src/features/productManagement; src/features/inventoryManagement/merchantSKU | Backend: modules/merchantSkus; modules/combineskus"
"Q-107","What is the general Search field?","Product Management > Product List","MODIFIED ANSWER; FORMAT UPDATED; IMAGE CHECK NEEDED","Explained the overlapping search fields.","What is the general Search field?","It is intended for a broader product search.
Depending on the ERP’s search rules, it may find a product using its name, SKU, or other indexed information.
You can see the process through the app screenshots https://printernoble.com/chatbot/uploads/1788407024_WERP_Q-107.png","Location: Product Management > Product List
Use Search on Product Management > Product List to find the product, and use the SKU field when you know its code. If a search finds nothing, clear the SKU field and other filters before trying the product name. An entered SKU can take priority over the general search.","","Frontend: src/router/routes.jsx; src/components/layout/Sidebar.jsx; src/i18n.js | Frontend: src/features/productManagement; src/features/inventoryManagement/merchantSKU | Backend: modules/merchantSkus; modules/combineskus"
"Q-108","Can I use several filters together?","Product Management > Product List","MODIFIED ANSWER; FORMAT UPDATED","Corrected the implication that both text searches are always applied independently.","Can I use several filters together?","Yes. You can combine:
Warehouse
Product status
Country
SKU
General search","Location: Product Management > Product List
You can combine Warehouse, Product Status, and Country with a search. Use either the SKU field or general Search for the item you want; an entered SKU takes priority over general Search. Click Clear all to reset the filters.","","Frontend: src/router/routes.jsx; src/components/layout/Sidebar.jsx; src/i18n.js | Frontend: src/features/productManagement; src/features/inventoryManagement/merchantSKU | Backend: modules/merchantSkus; modules/combineskus"
"Q-109","Why does no product appear after I apply filters?","Product Management > Product List","MODIFIED ANSWER; FORMAT UPDATED; IMAGE CHECK NEEDED","Removed an incorrect assumption that this page requires synchronized platform products.","Why does no product appear after I apply filters?","Possible reasons include:
No product matches all selected filters.
The wrong warehouse is selected.
The wrong country is selected.
The product has another status.
The SKU was typed incorrectly.
The account has no synchronized products.
Clear filters one at a time to identify the problem.
You can see the process through the app screenshots https://printernoble.com/chatbot/uploads/1788407025_WERP_Q-109.png","Location: Product Management > Product List
Clear the active filters and check the SKU spelling and warehouse. If the dedicated SKU field is filled, clear it before using the general product search. Product List contains Merchant SKU records; look in Inventory Management > SKU Mapping > By Product for imported marketplace listings instead.","","Frontend: src/router/routes.jsx; src/components/layout/Sidebar.jsx; src/i18n.js | Frontend: src/features/productManagement; src/features/inventoryManagement/merchantSKU | Backend: modules/merchantSkus; modules/combineskus"
"Q-110","Why is the Product List empty?","Product Management > Product List","REVIEWED - MEANING RETAINED; FORMAT UPDATED","Meaning retained after section review.","Why is the Product List empty?","Possible reasons include:
The account is new.
No marketplace store is connected.
No products have been added.
Product synchronization has not occurred.
The selected filters exclude all products.
Store authorization is incomplete.","Location: Product Management > Product List
Possible reasons include:
The account is new.
No marketplace store is connected.
No products have been added.
Product synchronization has not occurred.
The selected filters exclude all products.
Store authorization is incomplete.","","Frontend: src/router/routes.jsx; src/components/layout/Sidebar.jsx; src/i18n.js | Frontend: src/features/productManagement; src/features/inventoryManagement/merchantSKU | Backend: modules/merchantSkus; modules/combineskus"
"Q-111","How do I get marketplace products into the ERP?","Product Management > Product List","MODIFIED ANSWER; FORMAT UPDATED","Separated marketplace import from internal product creation.","How do I get marketplace products into the ERP?","A typical process is:
Connect the store under Store Authorization.
Confirm the store is authorized.
Synchronize or add products.
Create Merchant SKUs if required.
Map platform SKUs to Merchant SKUs.
Verify warehouse inventory.","Location: Product Management > Product List
1. Go to System Configuration > Store Authorization and authorize the store.
2. Open Inventory Management > SKU Mapping > By Product.
3. Click Sync Product, select the platform and store, and click Confirm Sync.
4. Expand Show child SKUs to inspect variations.
5. Generate or map the required Merchant SKUs, then check their stock in Inventory Management > Inventory List.","","Frontend: src/router/routes.jsx; src/components/layout/Sidebar.jsx; src/i18n.js | Frontend: src/features/productManagement; src/features/inventoryManagement/merchantSKU | Backend: modules/merchantSkus; modules/combineskus"
"Q-112","What does the Image column show in Product List?","Product Management > Product List","REVIEWED - MEANING RETAINED; EDITED QUESTION; FORMAT UPDATED; IMAGE CHECK NEEDED","Added the exact page name to distinguish this repeated question from similar controls on other pages.","What does the Image column show?","It displays the image associated with the product.
The image may come from the marketplace listing or an ERP product record.
You can see the process through the app screenshots https://printernoble.com/chatbot/uploads/1788407026_WERP_Q-112.png","Location: Product Management > Product List
It displays the image associated with the product.
The image may come from the marketplace listing or an ERP product record.","","Frontend: src/router/routes.jsx; src/components/layout/Sidebar.jsx; src/i18n.js | Frontend: src/features/productManagement; src/features/inventoryManagement/merchantSKU | Backend: modules/merchantSkus; modules/combineskus"
"Q-113","Why is a product image missing?","Product Management > Product List","REVIEWED - MEANING RETAINED; FORMAT UPDATED","Meaning retained after section review.","Why is a product image missing?","Possible reasons include:
The original listing has no image.
Image synchronization failed.
The source image is unavailable.
The product record is incomplete.
The internet connection is slow.
The image has not finished loading.","Location: Product Management > Product List
Possible reasons include:
The original listing has no image.
Image synchronization failed.
The source image is unavailable.
The product record is incomplete.
The internet connection is slow.
The image has not finished loading.","","Frontend: src/router/routes.jsx; src/components/layout/Sidebar.jsx; src/i18n.js | Frontend: src/features/productManagement; src/features/inventoryManagement/merchantSKU | Backend: modules/merchantSkus; modules/combineskus"
"Q-114","Where can I add a product image?","Product Management > Product List","MODIFIED ANSWER; FORMAT UPDATED; IMAGE CHECK NEEDED","Confirmed the image picker and file guidance.","Where can I add a product image?","The Product List does not provide a direct image-upload control.
Image upload may be available through:
Add Products
Product Details
Product Actions
Marketplace product management
You can see the process through the app screenshots https://printernoble.com/chatbot/uploads/1788407027_WERP_Q-114.png","Location: Product Management > Product List
Go to Product Management > Product List. For a new product, choose Add Products > Add Single Product, then Browse File. For an existing product, open Actions > Edit and choose its image. Use a JPEG or PNG smaller than 5 MB, then click Save.","","Frontend: src/router/routes.jsx; src/components/layout/Sidebar.jsx; src/i18n.js | Frontend: src/features/productManagement; src/features/inventoryManagement/merchantSKU | Backend: modules/merchantSkus; modules/combineskus"
"Q-115","Will changing an ERP image update the marketplace?","Product Management > Product List","MODIFIED ANSWER; FORMAT UPDATED","Confirmed that the edit calls the local Merchant SKU update only.","Will changing an ERP image update the marketplace?","Not necessarily.
Before saving, confirm whether the image change affects only the ERP or also synchronizes to the marketplace.","Location: Product Management > Product List
Changing a product image through Product Management > Product List updates the ERP Merchant SKU record. This form does not publish an image update to a connected marketplace listing. Change the listing image in the marketplace seller tools when that is required.","","Frontend: src/router/routes.jsx; src/components/layout/Sidebar.jsx; src/i18n.js | Frontend: src/features/productManagement; src/features/inventoryManagement/merchantSKU | Backend: modules/merchantSkus; modules/combineskus"
"Q-116","What kind of product image should I use?","Product Management > Product List","REVIEWED - MEANING RETAINED; FORMAT UPDATED","Meaning retained after section review.","What kind of product image should I use?","Use an image that:
Clearly shows the correct product
Matches the exact variation
Does not include unrelated items
Meets marketplace image requirements
Uses an appropriate size and file format","Location: Product Management > Product List
Use an image that:
- Clearly shows the correct product
- Matches the exact variation
- Does not include unrelated items
- Meets marketplace image requirements
- Uses an appropriate size and file format","","Frontend: src/router/routes.jsx; src/components/layout/Sidebar.jsx; src/i18n.js | Frontend: src/features/productManagement; src/features/inventoryManagement/merchantSKU | Backend: modules/merchantSkus; modules/combineskus"
"Q-117","What does Available in Inventory mean?","Product Management > Product List","MODIFIED ANSWER; FORMAT UPDATED","Replaced vague quantity wording with the actual calculation.","What does Available in Inventory mean?","It is the quantity currently available according to the ERP’s inventory records.","Location: Product Management > Product List
Available in Inventory is the recorded stock on hand minus stock reserved for orders, with a minimum displayed value of zero. For example, Quantity 20 and Lock Quantity 5 leave 15 available. Check the warehouse before comparing this with a physical count.","","Frontend: src/router/routes.jsx; src/components/layout/Sidebar.jsx; src/i18n.js | Frontend: src/features/productManagement; src/features/inventoryManagement/merchantSKU | Backend: modules/merchantSkus; modules/combineskus"
"Q-118","What does In-transit Inventory mean?","Product Management > Product List","REVIEWED - MEANING RETAINED; FORMAT UPDATED","Meaning retained after section review.","What does In-transit Inventory mean?","It represents stock moving toward a warehouse or waiting for the inbound process to finish.","Location: Product Management > Product List
It represents stock moving toward a warehouse or waiting for the inbound process to finish.","","Frontend: src/router/routes.jsx; src/components/layout/Sidebar.jsx; src/i18n.js | Frontend: src/features/productManagement; src/features/inventoryManagement/merchantSKU | Backend: modules/merchantSkus; modules/combineskus"
"Q-119","Is in-transit inventory available for immediate sale?","Product Management > Product List","MODIFIED ANSWER; FORMAT UPDATED; IMAGE CHECK NEEDED","Confirmed receiving requirement.","Is in-transit inventory available for immediate sale?","Not necessarily.
The stock may need to be received and completed before it becomes available inventory.
You can see the process through the app screenshots https://printernoble.com/chatbot/uploads/1788407028_WERP_Q-119.png","Location: Product Management > Product List
No. In-transit inventory is expected stock, not stock already received and available. When goods arrive, record the actual received quantity through Inventory Management > Inbound > On The Way > Receive.","","Frontend: src/router/routes.jsx; src/components/layout/Sidebar.jsx; src/i18n.js | Frontend: src/features/productManagement; src/features/inventoryManagement/merchantSKU | Backend: modules/merchantSkus; modules/combineskus"
"Q-120","Why does a product show no available inventory?","Product Management > Product List","REVIEWED - MEANING RETAINED; FORMAT UPDATED","Meaning retained after section review.","Why does a product show no available inventory?","Possible reasons include:
No stock has been received.
The product is not mapped to a Merchant SKU.
Stock belongs to another warehouse.
Inventory is locked for active orders.
Inventory synchronization failed.
An inbound transaction is not completed.","Location: Product Management > Product List
Possible reasons include:
No stock has been received.
The product is not mapped to a Merchant SKU.
Stock belongs to another warehouse.
Inventory is locked for active orders.
Inventory synchronization failed.
An inbound transaction is not completed.","","Frontend: src/router/routes.jsx; src/components/layout/Sidebar.jsx; src/i18n.js | Frontend: src/features/productManagement; src/features/inventoryManagement/merchantSKU | Backend: modules/merchantSkus; modules/combineskus"
"Q-121","Why might the physical stock and ERP stock differ?","Product Management > Product List","REVIEWED - MEANING RETAINED; FORMAT UPDATED","Meaning retained after section review.","Why might the physical stock and ERP stock differ?","Possible reasons include:
Receiving was not recorded.
Outbound stock was not recorded.
An incorrect warehouse was used.
An order reserved inventory.
SKU mapping is incorrect.
Synchronization is delayed.
A physical counting error occurred.","Location: Product Management > Product List
Possible reasons include:
Receiving was not recorded.
Outbound stock was not recorded.
An incorrect warehouse was used.
An order reserved inventory.
SKU mapping is incorrect.
Synchronization is delayed.
A physical counting error occurred.","","Frontend: src/router/routes.jsx; src/components/layout/Sidebar.jsx; src/i18n.js | Frontend: src/features/productManagement; src/features/inventoryManagement/merchantSKU | Backend: modules/merchantSkus; modules/combineskus"
"Q-122","Where should I investigate an incorrect quantity?","Product Management > Product List","MODIFIED ANSWER; FORMAT UPDATED","Added full paths and a practical order of checks.","Where should I investigate an incorrect quantity?","Check:
Product Details
Merchant SKU
SKU Mapping
Inventory List
Inbound
Outbound
Inventory Log
Selected warehouse","Location: Product Management > Product List
Open Product Management > Product List > Details for the affected product. Then go to Inventory Management > Inventory List, select the warehouse, and compare Quantity and Lock Quantity. Use Inventory Management > Inventory Log to trace receipts, outbound shipments, sales deductions, and adjustments.","","Frontend: src/router/routes.jsx; src/components/layout/Sidebar.jsx; src/i18n.js | Frontend: src/features/productManagement; src/features/inventoryManagement/merchantSKU | Backend: modules/merchantSkus; modules/combineskus"
"Q-123","Does Product Management directly control warehouse stock?","Product Management > Product List","REVIEWED - MEANING RETAINED; FORMAT UPDATED","Meaning retained after section review.","Does Product Management directly control warehouse stock?","Product Management displays inventory-related information, but stock movements are mainly managed through Inventory Management.","Location: Product Management > Product List
Product Management displays inventory-related information, but stock movements are mainly managed through Inventory Management.","","Frontend: src/router/routes.jsx; src/components/layout/Sidebar.jsx; src/i18n.js | Frontend: src/features/productManagement; src/features/inventoryManagement/merchantSKU | Backend: modules/merchantSkus; modules/combineskus"
"Q-124","What does the checkbox in each row do?","Product Management > Product List","REVIEWED - MEANING RETAINED; FORMAT UPDATED","Meaning retained after section review.","What does the checkbox in each row do?","It selects that product for a possible batch operation.
Selecting a checkbox does not change the product.","Location: Product Management > Product List
It selects that product for a possible batch operation.
Selecting a checkbox does not change the product.","","Frontend: src/router/routes.jsx; src/components/layout/Sidebar.jsx; src/i18n.js | Frontend: src/features/productManagement; src/features/inventoryManagement/merchantSKU | Backend: modules/merchantSkus; modules/combineskus"
"Q-125","What does Select All do in Product List?","Product Management > Product List","MODIFIED ANSWER; EDITED QUESTION; FORMAT UPDATED","Corrected the current-page-only claim. Added the exact page name to distinguish this repeated question from similar controls on other pages.","What does Select All do?","It selects all product rows displayed on the current page.
It may not select products on other pagination pages.","Location: Product Management > Product List
Select All selects the products matching the current filters across all result pages. Check the selected count before using Bulk Action. Clear the selection and tick individual rows if you only want specific products.","","Frontend: src/router/routes.jsx; src/components/layout/Sidebar.jsx; src/i18n.js | Frontend: src/features/productManagement; src/features/inventoryManagement/merchantSKU | Backend: modules/merchantSkus; modules/combineskus"
"Q-126","Why is Bulk Action disabled?","Product Management > Product List","REVIEWED - MEANING RETAINED; FORMAT UPDATED","Meaning retained after section review.","Why is Bulk Action disabled?","Bulk Action remains disabled until at least one product is selected.","Location: Product Management > Product List
Bulk Action remains disabled until at least one product is selected.","","Frontend: src/router/routes.jsx; src/components/layout/Sidebar.jsx; src/i18n.js | Frontend: src/features/productManagement; src/features/inventoryManagement/merchantSKU | Backend: modules/merchantSkus; modules/combineskus"
"Q-127","Which bulk actions are available?","Product Management > Product List","REVIEWED - MEANING RETAINED; FORMAT UPDATED","Meaning retained after section review.","Which bulk actions are available?","The Product List provides:
Batch Print
Batch Export
Batch Stock Alert Setting
Batch Delete","Location: Product Management > Product List
The Product List provides:
- Batch Print
- Batch Export
- Batch Stock Alert Setting
- Batch Delete","","Frontend: src/router/routes.jsx; src/components/layout/Sidebar.jsx; src/i18n.js | Frontend: src/features/productManagement; src/features/inventoryManagement/merchantSKU | Backend: modules/merchantSkus; modules/combineskus"
"Q-128","What does Batch Print do?","Product Management > Product List","MODIFIED ANSWER; FORMAT UPDATED","Added the concrete print workflow.","What does Batch Print do?","It prepares information for selected products for printing.
Confirm the selected products and printing format before proceeding.","Location: Product Management > Product List
Select the products in Product Management > Product List, then choose Bulk Action > Batch Print. A print view opens for the selected records. Check the preview, choose your printer, and print. If no print window appears, check whether your browser blocked it.","","Frontend: src/router/routes.jsx; src/components/layout/Sidebar.jsx; src/i18n.js | Frontend: src/features/productManagement; src/features/inventoryManagement/merchantSKU | Backend: modules/merchantSkus; modules/combineskus"
"Q-129","What does Batch Export do?","Product Management > Product List","MODIFIED ANSWER; FORMAT UPDATED","Confirmed selected scope and file types.","What does Batch Export do?","It downloads information about the selected products.
Exported files may contain business information and should be handled securely.","Location: Product Management > Product List
Select the products in Product Management > Product List, then choose Bulk Action > Batch Export. It downloads the selected product information as an Excel file. To choose CSV or Excel, use the Export menu below the table.","","Frontend: src/router/routes.jsx; src/components/layout/Sidebar.jsx; src/i18n.js | Frontend: src/features/productManagement; src/features/inventoryManagement/merchantSKU | Backend: modules/merchantSkus; modules/combineskus"
"Q-130","What is Batch Stock Alert Setting?","Product Management > Product List","MODIFIED ANSWER; QUESTION VARIANTS ADDED; FORMAT UPDATED","Added exact fields and validation.","What is Batch Stock Alert Setting?","It applies a low-stock warning threshold to selected products.
This helps the Dashboard identify products that may need replenishment.","Location: Product Management > Product List
In Product Management > Product List, select the products and choose Bulk Action > Batch Stock Alert Setting. In Set Stock Alert, enter Set minimum Stock and click Set. The threshold must be zero or more. This changes the warning level, not the stock quantity.","How do I set a minimum stock warning?; How can I set product stock alerts?","Frontend: src/router/routes.jsx; src/components/layout/Sidebar.jsx; src/i18n.js | Frontend: src/features/productManagement; src/features/inventoryManagement/merchantSKU | Backend: modules/merchantSkus; modules/combineskus"
"Q-131","What does Batch Delete do?","Product Management > Product List","MODIFIED ANSWER; FORMAT UPDATED","Replaced speculative deletion scope with backend restrictions.","What does Batch Delete do?","It deletes or removes selected product records from the applicable ERP context.
Never use it without confirming:
Every selected product
Whether marketplace products are affected
Whether SKU mappings are affected
Whether inventory history remains available
Whether deletion can be reversed","Location: Product Management > Product List
Batch Delete permanently removes the selected ERP Merchant SKU records after confirmation. Products still used in Combine SKUs, holding stock, or referenced by protected operational history can be blocked. Read the message and resolve the real dependency; do not change a correct stock count just to make deletion possible.","","Frontend: src/router/routes.jsx; src/components/layout/Sidebar.jsx; src/i18n.js | Frontend: src/features/productManagement; src/features/inventoryManagement/merchantSKU | Backend: modules/merchantSkus; modules/combineskus"
"Q-132","Does selecting a bulk action immediately execute it?","Product Management > Product List","MODIFIED ANSWER; FORMAT UPDATED","Clarified different bulk-action confirmation behavior.","Does selecting a bulk action immediately execute it?","It may open another confirmation or configuration step.
Always review the selected products and final action before proceeding.","Location: Product Management > Product List
It depends on the action. Batch Print opens a print view and Batch Export starts a download. Batch Stock Alert Setting opens a form, while Batch Delete opens a confirmation. Review the selected count before choosing the action.","","Frontend: src/router/routes.jsx; src/components/layout/Sidebar.jsx; src/i18n.js | Frontend: src/features/productManagement; src/features/inventoryManagement/merchantSKU | Backend: modules/merchantSkus; modules/combineskus"
"Q-133","What does Add Products do?","Product Management > Product List","MODIFIED ANSWER; FORMAT UPDATED","Documented the actual Add Products menu.","What does Add Products do?","Add Products begins the workflow for adding or importing products into the ERP.","Location: Product Management > Product List
Go to Product Management > Product List and open Add Products. Choose Add Single Product to enter one item, Add Product via Template to upload several, or Download Template to get the spreadsheet format. These actions create internal ERP products, not marketplace listings.","","Frontend: src/router/routes.jsx; src/components/layout/Sidebar.jsx; src/i18n.js | Frontend: src/features/productManagement; src/features/inventoryManagement/merchantSKU | Backend: modules/merchantSkus; modules/combineskus"
"Q-134","Does clicking Add Products immediately create a product?","Product Management > Product List","MODIFIED ANSWER; FORMAT UPDATED; IMAGE CHECK NEEDED","Replaced a guessed form sequence with actual menu behavior.","Does clicking Add Products immediately create a product?","No. It should first open a product-addition workflow.
A product is normally created only after the required information is completed and submitted.
You can see the process through the app screenshots https://printernoble.com/chatbot/uploads/1788407029_WERP_Q-134.png","Location: Product Management > Product List
No. Add Products opens a menu. Choose Add Single Product or Add Product via Template, complete the form, and click Save to submit it. Wait for the success message and check the Product List before trying again.","","Frontend: src/router/routes.jsx; src/components/layout/Sidebar.jsx; src/i18n.js | Frontend: src/features/productManagement; src/features/inventoryManagement/merchantSKU | Backend: modules/merchantSkus; modules/combineskus"
"Q-135","What should I check before adding a product?","Product Management > Product List","REVIEWED - MEANING RETAINED; FORMAT UPDATED","Meaning retained after section review.","What should I check before adding a product?","Confirm:
The product does not already exist.
SKU is correct and unique.
Product name is correct.
Store and marketplace are correct.
Country is correct.
Warehouse is correct.
Product image matches the item.
Inventory mapping is planned.","Location: Product Management > Product List
Confirm:
The product does not already exist.
SKU is correct and unique.
Product name is correct.
Store and marketplace are correct.
Country is correct.
Warehouse is correct.
Product image matches the item.
Inventory mapping is planned.","","Frontend: src/router/routes.jsx; src/components/layout/Sidebar.jsx; src/i18n.js | Frontend: src/features/productManagement; src/features/inventoryManagement/merchantSKU | Backend: modules/merchantSkus; modules/combineskus"
"Q-136","Can Add Products create duplicate products?","Product Management > Product List","REVIEWED - MEANING RETAINED; FORMAT UPDATED","Meaning retained after section review.","Can Add Products create duplicate products?","Duplicates may occur if an existing product is added again.
Search by exact SKU and product name before creating or importing another record.","Location: Product Management > Product List
Duplicates may occur if an existing product is added again.
Search by exact SKU and product name before creating or importing another record.","","Frontend: src/router/routes.jsx; src/components/layout/Sidebar.jsx; src/i18n.js | Frontend: src/features/productManagement; src/features/inventoryManagement/merchantSKU | Backend: modules/merchantSkus; modules/combineskus"
"Q-137","What does Details show in Product List?","Product Management > Product List","MODIFIED ANSWER; EDITED QUESTION; FORMAT UPDATED; IMAGE CHECK NEEDED","Clarified Details as read-only. Added the exact page name to distinguish this repeated question from similar controls on other pages.","What does Details do?","Details opens more information about the selected product.
It may show inventory, mapping, warehouse, or marketplace information.
You can see the process through the app screenshots https://printernoble.com/chatbot/uploads/1788407030_WERP_Q-137.png","Location: Product Management > Product List
In Product Management > Product List, click Details beside the product. Product Details displays information such as SKU, warehouse, available inventory, in-transit inventory, price, GTIN, weight, dimensions, and dates. Use Actions > Edit if you need to change the product.","","Frontend: src/router/routes.jsx; src/components/layout/Sidebar.jsx; src/i18n.js | Frontend: src/features/productManagement; src/features/inventoryManagement/merchantSKU | Backend: modules/merchantSkus; modules/combineskus"
"Q-138","Which Actions are available in Product List?","Product Management > Product List","MODIFIED ANSWER; EDITED QUESTION; FORMAT UPDATED","Replaced speculative action list with actual controls. Added the exact page name to distinguish this repeated question from similar controls on other pages.","What does Actions do?","Actions opens operations available for that product.
The available actions may include viewing, editing, or other product-management functions.","Location: Product Management > Product List
In Product Management > Product List, open Actions beside the product. Edit opens its form; Delete opens a confirmation. Check that you selected the correct SKU before continuing.","","Frontend: src/router/routes.jsx; src/components/layout/Sidebar.jsx; src/i18n.js | Frontend: src/features/productManagement; src/features/inventoryManagement/merchantSKU | Backend: modules/merchantSkus; modules/combineskus"
"Q-139","Why are Details and Actions separate?","Product Management > Product List","REVIEWED - MEANING RETAINED; FORMAT UPDATED","Meaning retained after section review.","Why are Details and Actions separate?","Details is generally used for reviewing information.
Actions is generally used for operations that may affect the record.","Location: Product Management > Product List
Details is generally used for reviewing information.
Actions is generally used for operations that may affect the record.","","Frontend: src/router/routes.jsx; src/components/layout/Sidebar.jsx; src/i18n.js | Frontend: src/features/productManagement; src/features/inventoryManagement/merchantSKU | Backend: modules/merchantSkus; modules/combineskus"
"Q-140","Can I edit a product from the Product List?","Product Management > Product List","MODIFIED ANSWER; QUESTION VARIANTS ADDED; FORMAT UPDATED","Added the complete edit workflow.","Can I edit a product from the Product List?","An editing option may be available through Details or Actions.
Before saving, confirm whether changes also affect a connected marketplace listing.","Location: Product Management > Product List
Yes. Go to Product Management > Product List, find the SKU, and choose Actions > Edit. Update the fields you need, review the image and warehouse, then click Save. This edits the internal ERP product record.","How do I update a product in Product List?; Where can I edit a product?","Frontend: src/router/routes.jsx; src/components/layout/Sidebar.jsx; src/i18n.js | Frontend: src/features/productManagement; src/features/inventoryManagement/merchantSKU | Backend: modules/merchantSkus; modules/combineskus"
"Q-141","Can I delete a product from Actions?","Product Management > Product List","MODIFIED ANSWER; FORMAT UPDATED","Confirmed delete control and dependencies.","Can I delete a product from Actions?","A deletion option may be available.
Before deleting, confirm whether it affects:
Marketplace listings
Merchant SKU mappings
Warehouse inventory
Combined SKUs
Active orders
Historical records","Location: Product Management > Product List
Yes. In Product Management > Product List, choose Actions > Delete beside the correct SKU and read the confirmation. Deletion can be blocked if stock, a Combine SKU, or protected order and inventory records still use that SKU. A deleted product cannot be restored from this screen.","","Frontend: src/router/routes.jsx; src/components/layout/Sidebar.jsx; src/i18n.js | Frontend: src/features/productManagement; src/features/inventoryManagement/merchantSKU | Backend: modules/merchantSkus; modules/combineskus"
"Q-142","What does Export do in Product List?","Product Management > Product List","MODIFIED ANSWER; EDITED QUESTION; FORMAT UPDATED","Resolved export scope. Added the exact page name to distinguish this repeated question from similar controls on other pages.","What does Export do?","Export downloads product-list information.
Verify whether it exports:
Selected products
Current page
Filtered results
Complete list","Location: Product Management > Product List
Select the product rows first, then open Export below Product Management > Product List and choose CSV or Excel. The export contains selected records. To include all matching pages, use Select All and check the selected count first.","","Frontend: src/router/routes.jsx; src/components/layout/Sidebar.jsx; src/i18n.js | Frontend: src/features/productManagement; src/features/inventoryManagement/merchantSKU | Backend: modules/merchantSkus; modules/combineskus"
"Q-143","What does Print do in Product List?","Product Management > Product List","MODIFIED ANSWER; EDITED QUESTION; FORMAT UPDATED","Added selection prerequisite. Added the exact page name to distinguish this repeated question from similar controls on other pages.","What does Print do?","Print prepares product information for printing.
It should not modify product records.","Location: Product Management > Product List
Select the product rows in Product Management > Product List and click Print below the table. Review the print window and choose the printer. Printing does not edit product or stock records.","","Frontend: src/router/routes.jsx; src/components/layout/Sidebar.jsx; src/i18n.js | Frontend: src/features/productManagement; src/features/inventoryManagement/merchantSKU | Backend: modules/merchantSkus; modules/combineskus"
"Q-144","What does Products per page mean?","Product Management > Product List","MODIFIED ANSWER; FORMAT UPDATED; IMAGE CHECK NEEDED","Explained the input-and-apply control.","What does Products per page mean?","It controls how many product rows appear on one page.
Changing it only changes the display.
You can see the process through the app screenshots https://printernoble.com/chatbot/uploads/1788407031_WERP_Q-144.png","Location: Product Management > Product List
Products per page controls the number of rows shown in Product Management > Product List. Enter the required number and apply it with the adjacent search button or Enter. This changes the display, not the number of products stored.","","Frontend: src/router/routes.jsx; src/components/layout/Sidebar.jsx; src/i18n.js | Frontend: src/features/productManagement; src/features/inventoryManagement/merchantSKU | Backend: modules/merchantSkus; modules/combineskus"
"Q-145","What do Previous and Next do in Product List?","Product Management > Product List","REVIEWED - MEANING RETAINED; EDITED QUESTION; FORMAT UPDATED","Added the exact page name to distinguish this repeated question from similar controls on other pages.","What do Previous and Next do?","They move between pages of the Product List.","Location: Product Management > Product List
They move between pages of the Product List.","","Frontend: src/router/routes.jsx; src/components/layout/Sidebar.jsx; src/i18n.js | Frontend: src/features/productManagement; src/features/inventoryManagement/merchantSKU | Backend: modules/merchantSkus; modules/combineskus"
"Q-146","Why is Previous disabled?","Product Management > Product List","REVIEWED - MEANING RETAINED; FORMAT UPDATED","Meaning retained after section review.","Why is Previous disabled?","It is disabled when you are on the first page or when there are no earlier results.","Location: Product Management > Product List
It is disabled when you are on the first page or when there are no earlier results.","","Frontend: src/router/routes.jsx; src/components/layout/Sidebar.jsx; src/i18n.js | Frontend: src/features/productManagement; src/features/inventoryManagement/merchantSKU | Backend: modules/merchantSkus; modules/combineskus"
"Q-147","Why is Next disabled?","Product Management > Product List","REVIEWED - MEANING RETAINED; FORMAT UPDATED","Meaning retained after section review.","Why is Next disabled?","It is disabled when there are no additional results.","Location: Product Management > Product List
It is disabled when there are no additional results.","","Frontend: src/router/routes.jsx; src/components/layout/Sidebar.jsx; src/i18n.js | Frontend: src/features/productManagement; src/features/inventoryManagement/merchantSKU | Backend: modules/merchantSkus; modules/combineskus"
"Q-148","What is a Combine SKU?","Product Management > Combine SKU","REVIEWED - MEANING RETAINED; FORMAT UPDATED","Meaning retained after section review.","What is a Combine SKU?","A Combine SKU represents a bundle made from one or more component products.","Location: Product Management > Combine SKU
A Combine SKU represents a bundle made from one or more component products.","","Frontend: src/router/routes.jsx; src/components/layout/Sidebar.jsx; src/i18n.js | Frontend: src/features/productManagement; src/features/inventoryManagement/merchantSKU | Backend: modules/merchantSkus; modules/combineskus"
"Q-149","What is the difference between a regular SKU and a Combine SKU?","Product Management > Combine SKU","REVIEWED - MEANING RETAINED; FORMAT UPDATED","Meaning retained after section review.","What is the difference between a regular SKU and a Combine SKU?","Regular SKU normally represents one product or variation.
Combine SKU represents a bundle of component products and quantities.","Location: Product Management > Combine SKU
Regular SKU normally represents one product or variation.
Combine SKU represents a bundle of component products and quantities.","","Frontend: src/router/routes.jsx; src/components/layout/Sidebar.jsx; src/i18n.js | Frontend: src/features/productManagement; src/features/inventoryManagement/merchantSKU | Backend: modules/merchantSkus; modules/combineskus"
"Q-150","When should I use a Combine SKU?","Product Management > Combine SKU","REVIEWED - MEANING RETAINED; FORMAT UPDATED","Meaning retained after section review.","When should I use a Combine SKU?","Use it for:
Multipacks
Starter kits
Product-and-accessory bundles
Promotional sets
Frequently sold combinations","Location: Product Management > Combine SKU
Use it for:
- Multipacks
- Starter kits
- Product-and-accessory bundles
- Promotional sets
- Frequently sold combinations","","Frontend: src/router/routes.jsx; src/components/layout/Sidebar.jsx; src/i18n.js | Frontend: src/features/productManagement; src/features/inventoryManagement/merchantSKU | Backend: modules/merchantSkus; modules/combineskus"
"Q-151","What information appears in the Combine SKU table?","Product Management > Combine SKU","REVIEWED - MEANING RETAINED; FORMAT UPDATED; IMAGE CHECK NEEDED","Meaning retained after section review.","What information appears in the Combine SKU table?","The table contains:
Select All
Image
SKU
Bundle SKU Name
Warehouse
Stock
Details
Actions
You can see the process through the app screenshots https://printernoble.com/chatbot/uploads/1788407032_WERP_Q-151.png","Location: Product Management > Combine SKU
The table contains:
- Select All
- Image
- SKU
- Bundle SKU Name
- Warehouse
- Stock
- Details
- Actions","","Frontend: src/router/routes.jsx; src/components/layout/Sidebar.jsx; src/i18n.js | Frontend: src/features/productManagement; src/features/inventoryManagement/merchantSKU | Backend: modules/merchantSkus; modules/combineskus"
"Q-152","What does Add Combine SKU do?","Product Management > Combine SKU","MODIFIED ANSWER; QUESTION VARIANTS ADDED; FORMAT UPDATED; IMAGE CHECK NEEDED","Expanded the bundle-creation journey.","What does Add Combine SKU do?","It begins the bundle-creation workflow.
You can see the process through the app screenshots https://printernoble.com/chatbot/uploads/1788407033_WERP_Q-152.png","Location: Product Management > Combine SKU
1. Open Product Management > Combine SKU.
2. Click Add Combine SKU.
3. Enter Combine SKU Name and SKU Code, and select the warehouse.
4. Choose the component Merchant SKUs and set each Quantity in Preview selection.
5. Complete the bundle weight and size as needed.
6. Click Save, review the confirmation, and confirm.","How do I create a bundle?; How can I add a Combine SKU?; How do I sell several items as one set?","Frontend: src/router/routes.jsx; src/components/layout/Sidebar.jsx; src/i18n.js | Frontend: src/features/productManagement; src/features/inventoryManagement/merchantSKU | Backend: modules/merchantSkus; modules/combineskus"
"Q-153","What information may be required for a bundle?","Product Management > Combine SKU","MODIFIED ANSWER; FORMAT UPDATED","Matched fields to the active form; removed the nonexistent bundle-image requirement.","What information may be required for a bundle?","You may need to define:
Bundle SKU
Bundle name
Bundle image
Component products
Quantity of each component
Warehouse","Location: Product Management > Combine SKU
The Add Combine SKU page contains Combine SKU Name, SKU Code, GTIN, Select Warehouse, component SKU selection, Quantity, Weight (kg), and Size (cm). Select the warehouse before choosing components. Review the quantities because they determine how many complete bundles your stock can supply.","","Frontend: src/router/routes.jsx; src/components/layout/Sidebar.jsx; src/i18n.js | Frontend: src/features/productManagement; src/features/inventoryManagement/merchantSKU | Backend: modules/merchantSkus; modules/combineskus"
"Q-154","Does clicking Add Combine SKU immediately create a bundle?","Product Management > Combine SKU","REVIEWED - MEANING RETAINED; FORMAT UPDATED","Meaning retained after section review.","Does clicking Add Combine SKU immediately create a bundle?","No. It should first open the bundle-creation workflow.
The bundle is normally created only after the required information is submitted.","Location: Product Management > Combine SKU
No. It should first open the bundle-creation workflow.
The bundle is normally created only after the required information is submitted.","","Frontend: src/router/routes.jsx; src/components/layout/Sidebar.jsx; src/i18n.js | Frontend: src/features/productManagement; src/features/inventoryManagement/merchantSKU | Backend: modules/merchantSkus; modules/combineskus"
"Q-155","How should I choose a Combine SKU code?","Product Management > Combine SKU","REVIEWED - MEANING RETAINED; FORMAT UPDATED","Meaning retained after section review.","How should I choose a Combine SKU code?","Use a unique code that clearly identifies the bundle.
Do not reuse the SKU of a component product.","Location: Product Management > Combine SKU
Use a unique code that clearly identifies the bundle.
Do not reuse the SKU of a component product.","","Frontend: src/router/routes.jsx; src/components/layout/Sidebar.jsx; src/i18n.js | Frontend: src/features/productManagement; src/features/inventoryManagement/merchantSKU | Backend: modules/merchantSkus; modules/combineskus"
"Q-156","Can a Combine SKU contain several different products?","Product Management > Combine SKU","REVIEWED - MEANING RETAINED; FORMAT UPDATED","Meaning retained after section review.","Can a Combine SKU contain several different products?","Yes. A bundle can contain different component SKUs.","Location: Product Management > Combine SKU
Yes. A bundle can contain different component SKUs.","","Frontend: src/router/routes.jsx; src/components/layout/Sidebar.jsx; src/i18n.js | Frontend: src/features/productManagement; src/features/inventoryManagement/merchantSKU | Backend: modules/merchantSkus; modules/combineskus"
"Q-157","Can a Combine SKU contain several units of the same product?","Product Management > Combine SKU","REVIEWED - MEANING RETAINED; FORMAT UPDATED","Meaning retained after section review.","Can a Combine SKU contain several units of the same product?","Yes. A bundle can require multiple units of one component SKU.","Location: Product Management > Combine SKU
Yes. A bundle can require multiple units of one component SKU.","","Frontend: src/router/routes.jsx; src/components/layout/Sidebar.jsx; src/i18n.js | Frontend: src/features/productManagement; src/features/inventoryManagement/merchantSKU | Backend: modules/merchantSkus; modules/combineskus"
"Q-158","Can another Combine SKU be used as a component?","Product Management > Combine SKU","MODIFIED ANSWER; FORMAT UPDATED","Resolved nested-bundle uncertainty from the component picker.","Can another Combine SKU be used as a component?","The page does not clearly confirm whether nested bundles are supported.
Use Merchant SKUs as components unless the creation form explicitly permits Combine SKUs.","Location: Product Management > Combine SKU
No. Add Combine SKU offers Merchant SKUs from the selected warehouse as components. It does not offer another Combine SKU as a nested component. Choose the individual Merchant SKUs and their quantities.","","Frontend: src/router/routes.jsx; src/components/layout/Sidebar.jsx; src/i18n.js | Frontend: src/features/productManagement; src/features/inventoryManagement/merchantSKU | Backend: modules/merchantSkus; modules/combineskus"
"Q-159","Where can I add a bundle image?","Product Management > Combine SKU","MODIFIED ANSWER; FORMAT UPDATED","Removed a nonexistent upload instruction.","Where can I add a bundle image?","An image-upload field may be available in Add Combine SKU or an editing workflow.","Location: Product Management > Combine SKU
The current Add Combine SKU page does not contain a separate bundle-image upload field. It displays images from the selected Merchant SKU products. To correct a component image, go to Product Management > Product List > Actions > Edit, or Inventory Management > Merchant SKU > Edit.","","Frontend: src/router/routes.jsx; src/components/layout/Sidebar.jsx; src/i18n.js | Frontend: src/features/productManagement; src/features/inventoryManagement/merchantSKU | Backend: modules/merchantSkus; modules/combineskus"
"Q-160","What should the bundle image show?","Product Management > Combine SKU","REVIEWED - MEANING RETAINED; FORMAT UPDATED","Meaning retained after section review.","What should the bundle image show?","It should clearly show the complete set of items included in the bundle.
Do not show products that the customer will not receive.","Location: Product Management > Combine SKU
It should clearly show the complete set of items included in the bundle.
Do not show products that the customer will not receive.","","Frontend: src/router/routes.jsx; src/components/layout/Sidebar.jsx; src/i18n.js | Frontend: src/features/productManagement; src/features/inventoryManagement/merchantSKU | Backend: modules/merchantSkus; modules/combineskus"
"Q-161","What does Bundle SKU Name mean?","Product Management > Combine SKU","REVIEWED - MEANING RETAINED; FORMAT UPDATED","Meaning retained after section review.","What does Bundle SKU Name mean?","It is the readable name used to describe the combined bundle.","Location: Product Management > Combine SKU
It is the readable name used to describe the combined bundle.","","Frontend: src/router/routes.jsx; src/components/layout/Sidebar.jsx; src/i18n.js | Frontend: src/features/productManagement; src/features/inventoryManagement/merchantSKU | Backend: modules/merchantSkus; modules/combineskus"
"Q-162","What does Warehouse mean for a Combine SKU?","Product Management > Combine SKU","MODIFIED ANSWER; FORMAT UPDATED","Added exact selection sequence.","What does Warehouse mean for a Combine SKU?","It identifies the warehouse whose component inventory is used to calculate bundle availability.","Location: Product Management > Combine SKU
The Warehouse value identifies the warehouse used for the bundle and its component stock. In Add Combine SKU, choose Select Warehouse before selecting Merchant SKUs. Stock from another warehouse is not automatically counted as stock for this bundle.","","Frontend: src/router/routes.jsx; src/components/layout/Sidebar.jsx; src/i18n.js | Frontend: src/features/productManagement; src/features/inventoryManagement/merchantSKU | Backend: modules/merchantSkus; modules/combineskus"
"Q-163","How is Combine SKU stock calculated?","Product Management > Combine SKU","MODIFIED ANSWER; QUESTION VARIANTS ADDED; FORMAT UPDATED","Confirmed calculation and reserved-stock treatment.","How is Combine SKU stock calculated?","Bundle availability is normally limited by the component that can make the fewest complete bundles.
For example:
A bundle needs two units of Component A.
It needs one unit of Component B.
Component A can support five bundles.
Component B can support three bundles.
Only three complete bundles are available.","Location: Product Management > Combine SKU
A bundle can only be made while every component has enough available stock. Divide each component's available quantity by the quantity needed for one bundle, round down, and use the smallest result. For example, 10 units of A at 2 per bundle support 5 bundles; 3 units of B at 1 per bundle support 3. The bundle stock is 3. Reserved stock is excluded.","How many bundles can I sell?; Why is Combine SKU stock lower than component stock?","Frontend: src/router/routes.jsx; src/components/layout/Sidebar.jsx; src/i18n.js | Frontend: src/features/productManagement; src/features/inventoryManagement/merchantSKU | Backend: modules/merchantSkus; modules/combineskus"
"Q-164","Why does a Combine SKU show no stock?","Product Management > Combine SKU","REVIEWED - MEANING RETAINED; FORMAT UPDATED","Meaning retained after section review.","Why does a Combine SKU show no stock?","Possible reasons include:
A component is out of stock.
There are not enough units to complete one bundle.
The wrong warehouse is selected.
A component is unmapped.
Inventory synchronization is delayed.
The bundle setup is incomplete.","Location: Product Management > Combine SKU
Possible reasons include:
A component is out of stock.
There are not enough units to complete one bundle.
The wrong warehouse is selected.
A component is unmapped.
Inventory synchronization is delayed.
The bundle setup is incomplete.","","Frontend: src/router/routes.jsx; src/components/layout/Sidebar.jsx; src/i18n.js | Frontend: src/features/productManagement; src/features/inventoryManagement/merchantSKU | Backend: modules/merchantSkus; modules/combineskus"
"Q-165","Does creating a Combine SKU physically combine products?","Product Management > Combine SKU","REVIEWED - MEANING RETAINED; FORMAT UPDATED","Meaning retained after section review.","Does creating a Combine SKU physically combine products?","No. It creates a logical bundle in the ERP.
Warehouse staff still need to pack the component products together when fulfilling the bundle.","Location: Product Management > Combine SKU
No. It creates a logical bundle in the ERP.
Warehouse staff still need to pack the component products together when fulfilling the bundle.","","Frontend: src/router/routes.jsx; src/components/layout/Sidebar.jsx; src/i18n.js | Frontend: src/features/productManagement; src/features/inventoryManagement/merchantSKU | Backend: modules/merchantSkus; modules/combineskus"
"Q-166","Does selling a bundle reduce component inventory?","Product Management > Combine SKU","REVIEWED - MEANING RETAINED; FORMAT UPDATED","Meaning retained after section review.","Does selling a bundle reduce component inventory?","It should reduce the inventory of the bundle’s component SKUs according to their configured quantities.
Verify the behavior with an authorized test before relying on it for live orders.","Location: Product Management > Combine SKU
It should reduce the inventory of the bundle's component SKUs according to their configured quantities.
Verify the behavior with an authorized test before relying on it for live orders.","","Frontend: src/router/routes.jsx; src/components/layout/Sidebar.jsx; src/i18n.js | Frontend: src/features/productManagement; src/features/inventoryManagement/merchantSKU | Backend: modules/merchantSkus; modules/combineskus"
"Q-167","What does Details do for a Combine SKU?","Product Management > Combine SKU","MODIFIED ANSWER; FORMAT UPDATED; IMAGE CHECK NEEDED","Confirmed detail content and location.","What does Details do for a Combine SKU?","It should show information such as:
Component SKUs
Component quantities
Warehouse
Bundle image
Bundle stock
You can see the process through the app screenshots https://printernoble.com/chatbot/uploads/1788407034_WERP_Q-167.png","Location: Product Management > Combine SKU
Go to Product Management > Combine SKU and click Details beside the bundle. Combine SKU Details shows the bundle name and code, warehouse, computed stock, status, dates, and component Merchant SKUs with their quantities.","","Frontend: src/router/routes.jsx; src/components/layout/Sidebar.jsx; src/i18n.js | Frontend: src/features/productManagement; src/features/inventoryManagement/merchantSKU | Backend: modules/merchantSkus; modules/combineskus"
"Q-168","Can I edit a Combine SKU?","Product Management > Combine SKU","MODIFIED ANSWER; FORMAT UPDATED","Corrected the claim that a customer edit option may be available.","Can I edit a Combine SKU?","Editing may be available through Details or Actions.
Review the affected component quantities and stock calculation before saving.","Location: Product Management > Combine SKU
The current Product Management > Combine SKU list provides Details and Delete but does not show an Edit action. Do not delete a live bundle just to change it. Ask your administrator or support how to correct its configuration while preserving existing mappings and orders.","","Frontend: src/router/routes.jsx; src/components/layout/Sidebar.jsx; src/i18n.js | Frontend: src/features/productManagement; src/features/inventoryManagement/merchantSKU | Backend: modules/merchantSkus; modules/combineskus"
"Q-169","What does Delete do for a Combine SKU?","Product Management > Combine SKU","MODIFIED ANSWER; FORMAT UPDATED; IMAGE CHECK NEEDED","Clarified visible deletion behavior without inventing dependency checks.","What does Delete do for a Combine SKU?","It removes the bundle configuration.
Never delete a bundle without checking active orders, marketplace listings, component mappings, and recovery options.
You can see the process through the app screenshots https://printernoble.com/chatbot/uploads/1788407035_WERP_Q-169.png","Location: Product Management > Combine SKU
On Product Management > Combine SKU, Delete removes the selected bundle from the active list after confirmation. Check that no active order or marketplace mapping still needs the bundle. There is no restore button on this page.","","Frontend: src/router/routes.jsx; src/components/layout/Sidebar.jsx; src/i18n.js | Frontend: src/features/productManagement; src/features/inventoryManagement/merchantSKU | Backend: modules/merchantSkus; modules/combineskus"
"Q-170","Does deleting a Combine SKU delete its component products?","Product Management > Combine SKU","MODIFIED ANSWER; FORMAT UPDATED","Confirmed deletion does not destroy Merchant SKU records.","Does deleting a Combine SKU delete its component products?","It should not be assumed.
Confirm the deletion scope before proceeding. The intended action may remove only the bundle, but the interface must be verified.","Location: Product Management > Combine SKU
No. Deleting a Combine SKU removes the bundle record; it does not delete the component Merchant SKU products. Those products remain available in Product Management > Product List and Inventory Management > Merchant SKU. Review active bundle mappings before deleting.","","Frontend: src/router/routes.jsx; src/components/layout/Sidebar.jsx; src/i18n.js | Frontend: src/features/productManagement; src/features/inventoryManagement/merchantSKU | Backend: modules/merchantSkus; modules/combineskus"
"Q-171","How do I search for a Combine SKU?","Product Management > Combine SKU","MODIFIED ANSWER; FORMAT UPDATED; IMAGE CHECK NEEDED","Added a self-contained location and recovery step.","How do I search for a Combine SKU?","Enter the bundle SKU or bundle name in the Search field.
Use the exact SKU for the most precise result.
You can see the process through the app screenshots https://printernoble.com/chatbot/uploads/1788407036_WERP_Q-171.png","Location: Product Management > Combine SKU
Go to Product Management > Combine SKU and enter the bundle SKU code or name in Search. Clear the search if no result appears, then check the spelling and your warehouse access.","","Frontend: src/router/routes.jsx; src/components/layout/Sidebar.jsx; src/i18n.js | Frontend: src/features/productManagement; src/features/inventoryManagement/merchantSKU | Backend: modules/merchantSkus; modules/combineskus"
"Q-172","What do Export and Print do on the Combine SKU page?","Product Management > Combine SKU","MODIFIED ANSWER; FORMAT UPDATED; IMAGE CHECK NEEDED","Confirmed selection prerequisite and output types.","What do Export and Print do on the Combine SKU page?","Export downloads bundle information.
Print prepares the bundle list for printing.
You can see the process through the app screenshots https://printernoble.com/chatbot/uploads/1788407298_WERP_Q-172.png","Location: Product Management > Combine SKU
On Product Management > Combine SKU, select the bundle rows first. Export offers CSV and Excel files for the selection, and Print opens the selected bundle information for printing. Check the selected count before continuing.","","Frontend: src/router/routes.jsx; src/components/layout/Sidebar.jsx; src/i18n.js | Frontend: src/features/productManagement; src/features/inventoryManagement/merchantSKU | Backend: modules/merchantSkus; modules/combineskus"
"Q-173","How can Product Management help my business?","Product Management","REVIEWED - MEANING RETAINED; FORMAT UPDATED","Meaning retained after section review.","How can Product Management help my business?","It creates a central place for product identification, inventory visibility, product bundles, and marketplace-related product operations.","Location: Product Management
It creates a central place for product identification, inventory visibility, product bundles, and marketplace-related product operations.","","Frontend: src/router/routes.jsx; src/components/layout/Sidebar.jsx; src/i18n.js | Frontend: src/features/productManagement; src/features/inventoryManagement/merchantSKU | Backend: modules/merchantSkus; modules/combineskus"
"Q-174","How can it reduce product mistakes?","Product Management","REVIEWED - MEANING RETAINED; FORMAT UPDATED","Meaning retained after section review.","How can it reduce product mistakes?","It helps staff use consistent SKUs, mappings, warehouse information, and product identities.","Location: Product Management
It helps staff use consistent SKUs, mappings, warehouse information, and product identities.","","Frontend: src/router/routes.jsx; src/components/layout/Sidebar.jsx; src/i18n.js | Frontend: src/features/productManagement; src/features/inventoryManagement/merchantSKU | Backend: modules/merchantSkus; modules/combineskus"
"Q-175","How can Product Management help prevent overselling?","Product Management","REVIEWED - MEANING RETAINED; FORMAT UPDATED","Meaning retained after section review.","How can Product Management help prevent overselling?","It displays available and in-transit inventory and works with Merchant SKU mapping and inventory synchronization.
Accurate configuration is still required.","Location: Product Management
It displays available and in-transit inventory and works with Merchant SKU mapping and inventory synchronization.
Accurate configuration is still required.","","Frontend: src/router/routes.jsx; src/components/layout/Sidebar.jsx; src/i18n.js | Frontend: src/features/productManagement; src/features/inventoryManagement/merchantSKU | Backend: modules/merchantSkus; modules/combineskus"
"Q-176","How can Combine SKU increase sales?","Product Management","REVIEWED - MEANING RETAINED; FORMAT UPDATED","Meaning retained after section review.","How can Combine SKU increase sales?","Bundles can support:
Promotions
Multipacks
Accessories
Starter kits
Higher-value orders
Easier customer purchasing
Higher sales are possible but not guaranteed.","Location: Product Management
Bundles can support:
- Promotions
- Multipacks
- Accessories
- Starter kits
- Higher-value orders
- Easier customer purchasing
Higher sales are possible but not guaranteed.","","Frontend: src/router/routes.jsx; src/components/layout/Sidebar.jsx; src/i18n.js | Frontend: src/features/productManagement; src/features/inventoryManagement/merchantSKU | Backend: modules/merchantSkus; modules/combineskus"
"Q-177","What should I review before launching a bundle?","Product Management","REVIEWED - MEANING RETAINED; FORMAT UPDATED","Meaning retained after section review.","What should I review before launching a bundle?","Check:
Component SKUs
Quantities
Warehouse
Available inventory
Bundle image
Bundle name
Marketplace listing
Packaging requirements
Expected margin","Location: Product Management
Check:
- Component SKUs
- Quantities
- Warehouse
- Available inventory
- Bundle image
- Bundle name
- Marketplace listing
- Packaging requirements
- Expected margin","","Frontend: src/router/routes.jsx; src/components/layout/Sidebar.jsx; src/i18n.js | Frontend: src/features/productManagement; src/features/inventoryManagement/merchantSKU | Backend: modules/merchantSkus; modules/combineskus"
"Q-178","What should my staff check every day?","Product Management","REVIEWED - MEANING RETAINED; FORMAT UPDATED","Meaning retained after section review.","What should my staff check every day?","A useful routine is:
Review unmapped products.
Check low and unavailable inventory.
Review new product synchronization.
Check product images and SKUs.
Review bundle availability.
Investigate incorrect quantities.
Confirm stock-alert settings.","Location: Product Management
A useful routine is:
Review unmapped products.
Check low and unavailable inventory.
Review new product synchronization.
Check product images and SKUs.
Review bundle availability.
Investigate incorrect quantities.
Confirm stock-alert settings.","","Frontend: src/router/routes.jsx; src/components/layout/Sidebar.jsx; src/i18n.js | Frontend: src/features/productManagement; src/features/inventoryManagement/merchantSKU | Backend: modules/merchantSkus; modules/combineskus"
"Q-179","How do I know if Product Management is configured correctly?","Product Management","REVIEWED - MEANING RETAINED; FORMAT UPDATED","Meaning retained after section review.","How do I know if Product Management is configured correctly?","Confirm:
Each product has the correct SKU.
Merchant SKUs are unique.
Platform SKUs are mapped.
Warehouses are assigned correctly.
Inventory quantities are accurate.
Product images match variations.
Bundles use the correct components.
Marketplace synchronization works.","Location: Product Management
Confirm:
Each product has the correct SKU.
Merchant SKUs are unique.
Platform SKUs are mapped.
Warehouses are assigned correctly.
Inventory quantities are accurate.
Product images match variations.
Bundles use the correct components.
Marketplace synchronization works.","","Frontend: src/router/routes.jsx; src/components/layout/Sidebar.jsx; src/i18n.js | Frontend: src/features/productManagement; src/features/inventoryManagement/merchantSKU | Backend: modules/merchantSkus; modules/combineskus"
"Q-180","Should every employee have permission to manage products?","Product Management","REVIEWED - MEANING RETAINED; FORMAT UPDATED","Meaning retained after section review.","Should every employee have permission to manage products?","No. Product creation, editing, bulk actions, and deletion should be limited to authorized staff.","Location: Product Management
No. Product creation, editing, bulk actions, and deletion should be limited to authorized staff.","","Frontend: src/router/routes.jsx; src/components/layout/Sidebar.jsx; src/i18n.js | Frontend: src/features/productManagement; src/features/inventoryManagement/merchantSKU | Backend: modules/merchantSkus; modules/combineskus"
"Q-181","What should a read-only product user be allowed to do?","Product Management","MODIFIED ANSWER; FORMAT UPDATED; IMAGE CHECK NEEDED","Corrected an unsupported read-only role model.","What should a read-only product user be allowed to do?","A read-only user may need to:
View product lists
Search and filter products
Review details
Check inventory information
Review bundle composition
They should not need Add, Edit, Delete, or Bulk Action permissions.
You can see the process through the app screenshots https://printernoble.com/chatbot/uploads/1788407299_WERP_Q-181.png","Location: Product Management
A user who only reviews products needs access to the relevant product pages and intended warehouses. However, Role Management uses page-access checkboxes rather than separate View, Edit, and Delete switches for every page. Have the owner confirm the actions available to that user before treating the account as read-only.","","Frontend: src/router/routes.jsx; src/components/layout/Sidebar.jsx; src/i18n.js | Frontend: src/features/productManagement; src/features/inventoryManagement/merchantSKU | Backend: modules/merchantSkus; modules/combineskus"
"Q-182","What should I test before relying on Product Management?","Product Management","REVIEWED - MEANING RETAINED; FORMAT UPDATED","Meaning retained after section review.","What should I test before relying on Product Management?","Use an authorized sample workflow to verify:
Store authorization
Product synchronization
Merchant SKU creation
SKU mapping
Warehouse assignment
Inventory receiving
Order deduction
Bundle stock calculation
Do not use important live products for an unverified test.","Location: Product Management
Use an authorized sample workflow to verify:
- Store authorization
- Product synchronization
- Merchant SKU creation
- SKU mapping
- Warehouse assignment
- Inventory receiving
- Order deduction
- Bundle stock calculation
Do not use important live products for an unverified test.","","Frontend: src/router/routes.jsx; src/components/layout/Sidebar.jsx; src/i18n.js | Frontend: src/features/productManagement; src/features/inventoryManagement/merchantSKU | Backend: modules/merchantSkus; modules/combineskus"
"Q-183","What is the overall purpose of Inventory Management?","Inventory Management","REVIEWED - MEANING RETAINED; FORMAT UPDATED; IMAGE CHECK NEEDED","Meaning retained after section review.","What is the overall purpose of Inventory Management?","It controls the relationship between products, internal SKUs, warehouses, and stock movements.
It helps users:
Define Merchant SKUs
Map marketplace products to inventory
Monitor quantities
Receive stock
Dispatch stock
Review inventory history
You can see the process through the app screenshots https://printernoble.com/chatbot/uploads/1788407300_WERP_Q-183.png","Location: Inventory Management
It controls the relationship between products, internal SKUs, warehouses, and stock movements.
It helps users:
- Define Merchant SKUs
- Map marketplace products to inventory
- Monitor quantities
- Receive stock
- Dispatch stock
- Review inventory history","","Frontend: src/router/routes.jsx; src/components/layout/Sidebar.jsx; src/i18n.js | Frontend: src/features/inventoryManagement | Backend: modules/inventory; modules/inbound; modules/outbound"
"Q-184","What is the recommended inventory workflow?","Inventory Management","MODIFIED ANSWER; FORMAT UPDATED; IMAGE CHECK NEEDED","Made the overview sequential and aligned it with the actual setup pages.","What is the recommended inventory workflow?","A typical workflow is:
Create or synchronize products.
Create Merchant SKUs.
Map platform SKUs to Merchant SKUs.
Assign Merchant SKUs to warehouses.
Receive stock through inbound records.
Monitor available and locked quantities.
Dispatch stock through orders or outbound records.
Review movements in Inventory Log.
You can see the process through the app screenshots https://printernoble.com/chatbot/uploads/1788407301_WERP_Q-184.png","Location: Inventory Management
1. Create the warehouse in Warehouse Management.
2. Create Merchant SKUs or synchronize marketplace listings and generate the required Merchant SKUs.
3. Check the warehouse and link each marketplace variation under SKU Mapping > By Product.
4. Record actual receipts through Manual inbound or Inbound.
5. Check Quantity, Lock Quantity, and mapping before Sync Stock.
6. Process approved orders or Outbound shipments and review Inventory Log.","","Frontend: src/router/routes.jsx; src/components/layout/Sidebar.jsx; src/i18n.js | Frontend: src/features/inventoryManagement | Backend: modules/inventory; modules/inbound; modules/outbound"
"Q-185","What is a Merchant SKU?","Inventory Management > Merchant SKU","REVIEWED - MEANING RETAINED; FORMAT UPDATED","Meaning retained after section review.","What is a Merchant SKU?","A Merchant SKU is the ERP’s internal stock identifier. It provides one inventory identity that can be connected to one or more marketplace product SKUs.","Location: Inventory Management > Merchant SKU
A Merchant SKU is the ERP's internal stock identifier. It provides one inventory identity that can be connected to one or more marketplace product SKUs.","","Frontend: src/router/routes.jsx; src/components/layout/Sidebar.jsx; src/i18n.js | Frontend: src/features/productManagement; src/features/inventoryManagement/merchantSKU | Backend: modules/merchantSkus; modules/combineskus | Frontend: src/features/inventoryManagement | Backend: modules/inventory; modules/inbound; modules/outbound"
"Q-186","How is a Merchant SKU different from a platform SKU?","Inventory Management > Merchant SKU","REVIEWED - MEANING RETAINED; FORMAT UPDATED","Meaning retained after section review.","How is a Merchant SKU different from a platform SKU?","Platform SKU belongs to a marketplace listing.
Merchant SKU belongs to the ERP’s internal inventory system.
SKU Mapping connects the two.","Location: Inventory Management > Merchant SKU
Platform SKU belongs to a marketplace listing.
Merchant SKU belongs to the ERP's internal inventory system.
SKU Mapping connects the two.","","Frontend: src/router/routes.jsx; src/components/layout/Sidebar.jsx; src/i18n.js | Frontend: src/features/productManagement; src/features/inventoryManagement/merchantSKU | Backend: modules/merchantSkus; modules/combineskus | Frontend: src/features/inventoryManagement | Backend: modules/inventory; modules/inbound; modules/outbound"
"Q-187","What information appears in the Merchant SKU table?","Inventory Management > Merchant SKU","REVIEWED - MEANING RETAINED; FORMAT UPDATED; IMAGE CHECK NEEDED","Meaning retained after section review.","What information appears in the Merchant SKU table?","The table contains:
Select All
Image
SKU Name
SKU Title
Weight
Size
Creation Time
Update Time
Details
Actions
You can see the process through the app screenshots https://printernoble.com/chatbot/uploads/1788407302_WERP_Q-187.png","Location: Inventory Management > Merchant SKU
The table contains:
- Select All
- Image
- SKU Name
- SKU Title
- Weight
- Size
- Creation Time
- Update Time
- Details
- Actions","","Frontend: src/router/routes.jsx; src/components/layout/Sidebar.jsx; src/i18n.js | Frontend: src/features/productManagement; src/features/inventoryManagement/merchantSKU | Backend: modules/merchantSkus; modules/combineskus | Frontend: src/features/inventoryManagement | Backend: modules/inventory; modules/inbound; modules/outbound"
"Q-188","How can I see how many Merchant SKUs I have?","Inventory Management > Merchant SKU","MODIFIED ANSWER; EDITED QUESTION; FORMAT UPDATED","Removed a company-specific snapshot count.","How many Merchant SKUs are currently shown?","The page reported 155 Merchant SKUs, displaying records 1–10 on the first page.
This is a live count and may change.","Location: Inventory Management > Merchant SKU
Open Inventory Management > Merchant SKU and read the Showing total below the table. The number changes as products are added or removed and when you search. Use the live total on your own account rather than a number from a screenshot.","","Frontend: src/router/routes.jsx; src/components/layout/Sidebar.jsx; src/i18n.js | Frontend: src/features/productManagement; src/features/inventoryManagement/merchantSKU | Backend: modules/merchantSkus; modules/combineskus | Frontend: src/features/inventoryManagement | Backend: modules/inventory; modules/inbound; modules/outbound"
"Q-189","How do I search for a Merchant SKU?","Inventory Management > Merchant SKU","REVIEWED - MEANING RETAINED; FORMAT UPDATED; IMAGE CHECK NEEDED","Meaning retained after section review.","How do I search for a Merchant SKU?","The search-type selector supports:
SKU Name
SKU Title
GTIN
Select the appropriate search type, enter the value, and press Search.
You can see the process through the app screenshots https://printernoble.com/chatbot/uploads/1788407303_WERP_Q-189.png","Location: Inventory Management > Merchant SKU
The search-type selector supports:
- SKU Name
- SKU Title
- GTIN
Select the appropriate search type, enter the value, and press Search.","","Frontend: src/router/routes.jsx; src/components/layout/Sidebar.jsx; src/i18n.js | Frontend: src/features/productManagement; src/features/inventoryManagement/merchantSKU | Backend: modules/merchantSkus; modules/combineskus | Frontend: src/features/inventoryManagement | Backend: modules/inventory; modules/inbound; modules/outbound"
"Q-190","What is GTIN?","Inventory Management > Merchant SKU","REVIEWED - MEANING RETAINED; FORMAT UPDATED","Meaning retained after section review.","What is GTIN?","GTIN means Global Trade Item Number. It is a standardized product identifier that can include UPC, EAN, JAN, or ISBN formats.
Not every Merchant SKU necessarily has a GTIN.","Location: Inventory Management > Merchant SKU
GTIN means Global Trade Item Number. It is a standardized product identifier that can include UPC, EAN, JAN, or ISBN formats.
Not every Merchant SKU necessarily has a GTIN.","","Frontend: src/router/routes.jsx; src/components/layout/Sidebar.jsx; src/i18n.js | Frontend: src/features/productManagement; src/features/inventoryManagement/merchantSKU | Backend: modules/merchantSkus; modules/combineskus | Frontend: src/features/inventoryManagement | Backend: modules/inventory; modules/inbound; modules/outbound"
"Q-191","What does Add Merchant SKU do?","Inventory Management > Merchant SKU","MODIFIED ANSWER; FORMAT UPDATED","Added exact menu, fields, and Save action.","What does Add Merchant SKU do?","It begins the process of creating a new internal SKU.
Typical information may include:
SKU name
SKU title
Product image
Weight
Dimensions
GTIN
Nothing should be submitted until the identifier is checked for duplication.","Location: Inventory Management > Merchant SKU
1. Go to Inventory Management > Merchant SKU.
2. Open Add Merchant SKU > Add Single SKU.
3. Enter Product Name, SKU Name, Product Details, price, weight, and size as shown.
4. Select the warehouse and choose an image with Browse File if needed.
5. Review the item and click Save. Use a unique SKU for a distinct physical product.","","Frontend: src/router/routes.jsx; src/components/layout/Sidebar.jsx; src/i18n.js | Frontend: src/features/productManagement; src/features/inventoryManagement/merchantSKU | Backend: modules/merchantSkus; modules/combineskus | Frontend: src/features/inventoryManagement | Backend: modules/inventory; modules/inbound; modules/outbound"
"Q-192","Where can I add an image for a Merchant SKU?","Inventory Management > Merchant SKU","MODIFIED ANSWER; QUESTION VARIANTS ADDED; FORMAT UPDATED; IMAGE CHECK NEEDED","Confirmed image-upload location and scope.","Where can I add an image for a Merchant SKU?","The list page displays an Image column, but no direct upload field. Image upload may be available in Add Merchant SKU or an editing action.
Confirm whether the image is stored only in the ERP or also synchronized to marketplace listings.
You can see the process through the app screenshots https://printernoble.com/chatbot/uploads/1788407304_WERP_Q-192.png","Location: Inventory Management > Merchant SKU
Go to Inventory Management > Merchant SKU. Open Add Merchant SKU > Add Single SKU for a new item, or Edit beside an existing SKU. Click Browse File, choose a JPEG or PNG smaller than 5 MB, and click Save after checking the product. This updates the internal ERP product image.","How can I add a product photo?; Where do I change the Merchant SKU image?","Frontend: src/router/routes.jsx; src/components/layout/Sidebar.jsx; src/i18n.js | Frontend: src/features/productManagement; src/features/inventoryManagement/merchantSKU | Backend: modules/merchantSkus; modules/combineskus | Frontend: src/features/inventoryManagement | Backend: modules/inventory; modules/inbound; modules/outbound"
"Q-193","Why are weight and size important?","Inventory Management > Merchant SKU","REVIEWED - MEANING RETAINED; FORMAT UPDATED","Meaning retained after section review.","Why are weight and size important?","Weight and dimensions can affect:
Shipping calculations
Courier selection
Warehouse storage
Packaging
Marketplace logistics
Bundle calculations
Incorrect values can produce incorrect shipping or fulfillment results.","Location: Inventory Management > Merchant SKU
Weight and dimensions can affect:
- Shipping calculations
- Courier selection
- Warehouse storage
- Packaging
- Marketplace logistics
- Bundle calculations
Incorrect values can produce incorrect shipping or fulfillment results.","","Frontend: src/router/routes.jsx; src/components/layout/Sidebar.jsx; src/i18n.js | Frontend: src/features/productManagement; src/features/inventoryManagement/merchantSKU | Backend: modules/merchantSkus; modules/combineskus | Frontend: src/features/inventoryManagement | Backend: modules/inventory; modules/inbound; modules/outbound"
"Q-194","What does Details show in Merchant SKU?","Inventory Management > Merchant SKU","MODIFIED ANSWER; EDITED QUESTION; FORMAT UPDATED","Replaced uncertain description with the actual control. Added the exact page name to distinguish this repeated question from similar controls on other pages.","What does Details do?","Details should open additional information about the selected Merchant SKU, such as mappings, dimensions, inventory, or warehouse associations.","Location: Inventory Management > Merchant SKU
On Inventory Management > Merchant SKU, click Details beside the SKU. Merchant SKU Details shows its name, title, dimensions, dates, and other saved product information. Use Edit on the row if you need to change it.","","Frontend: src/router/routes.jsx; src/components/layout/Sidebar.jsx; src/i18n.js | Frontend: src/features/productManagement; src/features/inventoryManagement/merchantSKU | Backend: modules/merchantSkus; modules/combineskus | Frontend: src/features/inventoryManagement | Backend: modules/inventory; modules/inbound; modules/outbound"
"Q-195","Which Actions are available in Merchant SKU?","Inventory Management > Merchant SKU","MODIFIED ANSWER; EDITED QUESTION; FORMAT UPDATED","Confirmed row actions. Added the exact page name to distinguish this repeated question from similar controls on other pages.","What does Actions do?","Actions opens record-specific operations, which may include editing or other SKU-management functions.
Review the available options before choosing one.","Location: Inventory Management > Merchant SKU
On Inventory Management > Merchant SKU, the row provides Edit and Delete. Edit opens the saved product fields; Delete asks for confirmation and can be blocked by stock or existing dependencies.","","Frontend: src/router/routes.jsx; src/components/layout/Sidebar.jsx; src/i18n.js | Frontend: src/features/productManagement; src/features/inventoryManagement/merchantSKU | Backend: modules/merchantSkus; modules/combineskus | Frontend: src/features/inventoryManagement | Backend: modules/inventory; modules/inbound; modules/outbound"
"Q-196","What does Bulk Action do?","Inventory Management > Merchant SKU","MODIFIED ANSWER; FORMAT UPDATED","Resolved previously uninspected bulk actions.","What does Bulk Action do?","It applies an operation to selected Merchant SKUs.
The exact operations were not displayed without selecting records. Verify the targets and operation before proceeding.","Location: Inventory Management > Merchant SKU
On Inventory Management > Merchant SKU, select the required rows and open Bulk Action. Delete Selected removes eligible records after confirmation; Export Selected downloads the selected SKU details as an Excel file. Check the selected count first.","","Frontend: src/router/routes.jsx; src/components/layout/Sidebar.jsx; src/i18n.js | Frontend: src/features/productManagement; src/features/inventoryManagement/merchantSKU | Backend: modules/merchantSkus; modules/combineskus | Frontend: src/features/inventoryManagement | Backend: modules/inventory; modules/inbound; modules/outbound"
"Q-197","What do Export and Print do in Merchant SKU?","Inventory Management > Merchant SKU","MODIFIED ANSWER; EDITED QUESTION; FORMAT UPDATED","Confirmed selection and export format. Added the exact page name to distinguish this repeated question from similar controls on other pages.","What do Export and Print do?","Export downloads Merchant SKU data.
Print prepares the list for printing.
Neither should change the SKU records, but exported business information should be stored securely.","Location: Inventory Management > Merchant SKU
Select the rows in Inventory Management > Merchant SKU, then use Export to choose CSV or Excel, or Print to open a print view. These actions use the selected records and do not change the SKU details.","","Frontend: src/router/routes.jsx; src/components/layout/Sidebar.jsx; src/i18n.js | Frontend: src/features/productManagement; src/features/inventoryManagement/merchantSKU | Backend: modules/merchantSkus; modules/combineskus | Frontend: src/features/inventoryManagement | Backend: modules/inventory; modules/inbound; modules/outbound"
"Q-198","What is SKU Mapping by Product?","Inventory Management > SKU Mapping > By Product","MODIFIED ANSWER; FORMAT UPDATED; IMAGE CHECK NEEDED","Removed snapshot counts and clarified variation-level mapping.","What is SKU Mapping by Product?","It displays marketplace products and shows whether their platform SKUs are connected to Merchant SKUs.
All: 70 products
Unmapped: 8
Mapped: 66
These figures may overlap because parent products can contain multiple variation SKUs.
You can see the process through the app screenshots https://printernoble.com/chatbot/uploads/1788407305_WERP_Q-198.png","Location: Inventory Management > SKU Mapping > By Product
Go to Inventory Management > SKU Mapping > By Product. This page starts with marketplace listings and shows whether each child or variation SKU is linked to a Merchant SKU. Use All, Unmapped, and Mapped with the platform and shop filters to review your own current products.","","Frontend: src/router/routes.jsx; src/components/layout/Sidebar.jsx; src/i18n.js | Frontend: src/features/productManagement; src/features/inventoryManagement/merchantSKU | Backend: modules/merchantSkus; modules/combineskus | Frontend: src/features/inventoryManagement/SKUMapping | Backend: modules/platformSkuMappings | Frontend: src/features/inventoryManagement | Backend: modules/inventory; modules/inbound; modules/outbound"
"Q-199","Why can the mapped and unmapped counts appear inconsistent with the total?","Inventory Management > SKU Mapping > By Product","REVIEWED - MEANING RETAINED; FORMAT UPDATED","Meaning retained after section review.","Why can the mapped and unmapped counts appear inconsistent with the total?","A parent product may contain several variation SKUs. One product can therefore contain both mapped and unmapped child SKUs.
The counters may be based on different product or variation-level rules.","Location: Inventory Management > SKU Mapping > By Product
A parent product may contain several variation SKUs. One product can therefore contain both mapped and unmapped child SKUs.
The counters may be based on different product or variation-level rules.","","Frontend: src/router/routes.jsx; src/components/layout/Sidebar.jsx; src/i18n.js | Frontend: src/features/productManagement; src/features/inventoryManagement/merchantSKU | Backend: modules/merchantSkus; modules/combineskus | Frontend: src/features/inventoryManagement/SKUMapping | Backend: modules/platformSkuMappings | Frontend: src/features/inventoryManagement | Backend: modules/inventory; modules/inbound; modules/outbound"
"Q-200","What information appears in the mapping table?","Inventory Management > SKU Mapping > By Product","REVIEWED - MEANING RETAINED; FORMAT UPDATED; IMAGE CHECK NEEDED","Meaning retained after section review.","What information appears in the mapping table?","The table contains:
Select All
Image
Product Name
Product ID
Store Name
Parent SKU
Variation Name
SKU
Merchant SKU
Actions
You can see the process through the app screenshots https://printernoble.com/chatbot/uploads/1788407306_WERP_Q-200.png","Location: Inventory Management > SKU Mapping > By Product
The table contains:
- Select All
- Image
- Product Name
- Product ID
- Store Name
- Parent SKU
- Variation Name
- SKU
- Merchant SKU
- Actions","","Frontend: src/router/routes.jsx; src/components/layout/Sidebar.jsx; src/i18n.js | Frontend: src/features/productManagement; src/features/inventoryManagement/merchantSKU | Backend: modules/merchantSkus; modules/combineskus | Frontend: src/features/inventoryManagement/SKUMapping | Backend: modules/platformSkuMappings | Frontend: src/features/inventoryManagement | Backend: modules/inventory; modules/inbound; modules/outbound"
"Q-201","What does the platform filter do in SKU Mapping > By Product?","Inventory Management > SKU Mapping > By Product","REVIEWED - MEANING RETAINED; EDITED QUESTION; FORMAT UPDATED; IMAGE CHECK NEEDED","Added the exact page name to distinguish this repeated question from similar controls on other pages.","What does the platform filter do?","It filters products by marketplace. Current options include:
All Platforms
Shopee
TikTok
You can see the process through the app screenshots https://printernoble.com/chatbot/uploads/1788407307_WERP_Q-201.png","Location: Inventory Management > SKU Mapping > By Product
It filters products by marketplace. Current options include:
- All Platforms
- Shopee
- TikTok","","Frontend: src/router/routes.jsx; src/components/layout/Sidebar.jsx; src/i18n.js | Frontend: src/features/productManagement; src/features/inventoryManagement/merchantSKU | Backend: modules/merchantSkus; modules/combineskus | Frontend: src/features/inventoryManagement/SKUMapping | Backend: modules/platformSkuMappings | Frontend: src/features/inventoryManagement | Backend: modules/inventory; modules/inbound; modules/outbound"
"Q-202","What does the shop filter do?","Inventory Management > SKU Mapping > By Product","MODIFIED ANSWER; FORMAT UPDATED","Removed private example-store names and used actual field labels.","What does the shop filter do?","It filters products by an authorized store. Available stores included:
Grozziieprinter
GROZZIIE TH
Grozziie VN
TIMOZIA","Location: Inventory Management > SKU Mapping > By Product
On Inventory Management > SKU Mapping > By Product, Select Shop limits the results to a connected store you can access. Select Platform first to narrow the store choices, or use All Shops to review the available stores together.","","Frontend: src/router/routes.jsx; src/components/layout/Sidebar.jsx; src/i18n.js | Frontend: src/features/productManagement; src/features/inventoryManagement/merchantSKU | Backend: modules/merchantSkus; modules/combineskus | Frontend: src/features/inventoryManagement/SKUMapping | Backend: modules/platformSkuMappings | Frontend: src/features/inventoryManagement | Backend: modules/inventory; modules/inbound; modules/outbound"
"Q-203","How can I search on this page?","Inventory Management > SKU Mapping > By Product","MODIFIED ANSWER; FORMAT UPDATED","Added exact navigation and search controls.","How can I search on this page?","The search selector supports:
Product Name
SKU
Product ID
Use Product ID or exact SKU for the most precise result.","Location: Inventory Management > SKU Mapping > By Product
Go to Inventory Management > SKU Mapping > By Product. Choose Product Name, SKU, or Product ID in the search-type selector, enter the matching value, and click Search or press Enter. Check Select Platform and Select Shop if the result is missing.","","Frontend: src/router/routes.jsx; src/components/layout/Sidebar.jsx; src/i18n.js | Frontend: src/features/productManagement; src/features/inventoryManagement/merchantSKU | Backend: modules/merchantSkus; modules/combineskus | Frontend: src/features/inventoryManagement/SKUMapping | Backend: modules/platformSkuMappings | Frontend: src/features/inventoryManagement | Backend: modules/inventory; modules/inbound; modules/outbound"
"Q-204","What does All show?","Inventory Management > SKU Mapping > By Product","REVIEWED - MEANING RETAINED; FORMAT UPDATED","Meaning retained after section review.","What does All show?","All shows both mapped and unmapped products within the active filters.","Location: Inventory Management > SKU Mapping > By Product
All shows both mapped and unmapped products within the active filters.","","Frontend: src/router/routes.jsx; src/components/layout/Sidebar.jsx; src/i18n.js | Frontend: src/features/productManagement; src/features/inventoryManagement/merchantSKU | Backend: modules/merchantSkus; modules/combineskus | Frontend: src/features/inventoryManagement/SKUMapping | Backend: modules/platformSkuMappings | Frontend: src/features/inventoryManagement | Backend: modules/inventory; modules/inbound; modules/outbound"
"Q-205","What does Unmapped show?","Inventory Management > SKU Mapping > By Product","REVIEWED - MEANING RETAINED; FORMAT UPDATED","Meaning retained after section review.","What does Unmapped show?","Unmapped shows products or variations without a Merchant SKU connection.
Unmapped products may not synchronize inventory correctly.","Location: Inventory Management > SKU Mapping > By Product
Unmapped shows products or variations without a Merchant SKU connection.
Unmapped products may not synchronize inventory correctly.","","Frontend: src/router/routes.jsx; src/components/layout/Sidebar.jsx; src/i18n.js | Frontend: src/features/productManagement; src/features/inventoryManagement/merchantSKU | Backend: modules/merchantSkus; modules/combineskus | Frontend: src/features/inventoryManagement/SKUMapping | Backend: modules/platformSkuMappings | Frontend: src/features/inventoryManagement | Backend: modules/inventory; modules/inbound; modules/outbound"
"Q-206","What does Mapped show?","Inventory Management > SKU Mapping > By Product","REVIEWED - MEANING RETAINED; FORMAT UPDATED; IMAGE CHECK NEEDED","Meaning retained after section review.","What does Mapped show?","Mapped shows products or variations connected to Merchant SKUs.
Mapping alone does not guarantee that inventory is synchronized; warehouse assignments and sync status must also be correct.
You can see the process through the app screenshots https://printernoble.com/chatbot/uploads/1788407308_WERP_Q-206.png","Location: Inventory Management > SKU Mapping > By Product
Mapped shows products or variations connected to Merchant SKUs.
Mapping alone does not guarantee that inventory is synchronized; warehouse assignments and sync status must also be correct.","","Frontend: src/router/routes.jsx; src/components/layout/Sidebar.jsx; src/i18n.js | Frontend: src/features/productManagement; src/features/inventoryManagement/merchantSKU | Backend: modules/merchantSkus; modules/combineskus | Frontend: src/features/inventoryManagement/SKUMapping | Backend: modules/platformSkuMappings | Frontend: src/features/inventoryManagement | Backend: modules/inventory; modules/inbound; modules/outbound"
"Q-207","What does ""Show child SKUs"" mean?","Inventory Management > SKU Mapping > By Product","MODIFIED ANSWER; FORMAT UPDATED; IMAGE CHECK NEEDED","Removed sample-specific variation counts and added a practical check.","What does “Show child SKUs” mean?","It expands a parent product to display its variation-level SKUs.
For example, a product may show “10 variant SKU(s).” Opening the child SKUs should reveal each variation and its mapping.
You can see the process through the app screenshots https://printernoble.com/chatbot/uploads/1788407309_WERP_Q-207.png","Location: Inventory Management > SKU Mapping > By Product
In SKU Mapping > By Product, Show child SKUs expands a parent listing so you can review its individual variations. Check each child SKU's seller SKU, variation name, Merchant SKU, and mapping. A parent product being visible does not mean every size or color is mapped.","","Frontend: src/router/routes.jsx; src/components/layout/Sidebar.jsx; src/i18n.js | Frontend: src/features/productManagement; src/features/inventoryManagement/merchantSKU | Backend: modules/merchantSkus; modules/combineskus | Frontend: src/features/inventoryManagement/SKUMapping | Backend: modules/platformSkuMappings | Frontend: src/features/inventoryManagement | Backend: modules/inventory; modules/inbound; modules/outbound"
"Q-208","What is Auto Mapping?","Inventory Management > SKU Mapping > By Product","MODIFIED ANSWER; FORMAT UPDATED","Replaced guessed name matching with exact matching and documented broad empty-selection scope.","What is Auto Mapping?","Auto Mapping attempts to connect platform SKUs to Merchant SKUs using matching information, usually SKU codes or another identifier.
Automatic results should be reviewed because similar names or reused codes can cause incorrect matches.","Location: Inventory Management > SKU Mapping > By Product
Auto Mapping links marketplace child or variation SKUs to existing Merchant SKUs using an exact seller-SKU match. It does not create new Merchant SKUs. Select the required rows, click Auto Mapping, review the platform and store scope, then click Auto Map. With no selected rows, the operation can consider all eligible unmapped variants. Review the results afterward.","","Frontend: src/router/routes.jsx; src/components/layout/Sidebar.jsx; src/i18n.js | Frontend: src/features/productManagement; src/features/inventoryManagement/merchantSKU | Backend: modules/merchantSkus; modules/combineskus | Frontend: src/features/inventoryManagement/SKUMapping | Backend: modules/platformSkuMappings | Frontend: src/features/inventoryManagement | Backend: modules/inventory; modules/inbound; modules/outbound"
"Q-209","What does Generate Merchant SKU do?","Inventory Management > SKU Mapping > By Product","MODIFIED ANSWER; FORMAT UPDATED; IMAGE CHECK NEEDED","Added variation selection and result review.","What does Generate Merchant SKU do?","It creates Merchant SKUs from selected marketplace products or SKUs.
Before using it, check whether an equivalent Merchant SKU already exists to avoid duplication.
You can see the process through the app screenshots https://printernoble.com/chatbot/uploads/1788407310_WERP_Q-209.png","Location: Inventory Management > SKU Mapping > By Product
On Inventory Management > SKU Mapping > By Product, expand Show child SKUs and select the required variation rows. Click Generate Merchant SKU, review the selection, then click Generate SKU. The ERP uses the child seller SKU as the Merchant SKU name and creates its mapping. Read the Created, Reused, Mapped, Skipped, and Failed results before retrying.","","Frontend: src/router/routes.jsx; src/components/layout/Sidebar.jsx; src/i18n.js | Frontend: src/features/productManagement; src/features/inventoryManagement/merchantSKU | Backend: modules/merchantSkus; modules/combineskus | Frontend: src/features/inventoryManagement/SKUMapping | Backend: modules/platformSkuMappings | Frontend: src/features/inventoryManagement | Backend: modules/inventory; modules/inbound; modules/outbound"
"Q-210","What does Sync Product do?","Inventory Management > SKU Mapping > By Product","MODIFIED ANSWER; QUESTION VARIANTS ADDED; FORMAT UPDATED","Explained exact sync scope and confirmation.","What does Sync Product do?","It requests updated product information from connected marketplace stores.
Synchronization can change local product information, so it should only be performed for an assigned task.","Location: Inventory Management > SKU Mapping > By Product
Open Inventory Management > SKU Mapping > By Product > Sync Product. Choose the platform and store, then click Confirm Sync. Leaving both unselected can synchronize all connected platforms and stores. When it finishes, read the synchronization results and check the affected products.","How do I import marketplace products?; How can I refresh my Shopee listings in the ERP?","Frontend: src/router/routes.jsx; src/components/layout/Sidebar.jsx; src/i18n.js | Frontend: src/features/productManagement; src/features/inventoryManagement/merchantSKU | Backend: modules/merchantSkus; modules/combineskus | Frontend: src/features/inventoryManagement/SKUMapping | Backend: modules/platformSkuMappings | Frontend: src/features/inventoryManagement | Backend: modules/inventory; modules/inbound; modules/outbound"
"Q-211","What should I do with an unmapped product?","Inventory Management > SKU Mapping > By Product","MODIFIED ANSWER; FORMAT UPDATED","Provided the actionable mapping workflow.","What should I do with an unmapped product?","Check:
Platform SKU
Existing Merchant SKU records
Product variation
Store
Warehouse
Whether a new Merchant SKU is genuinely required
Then connect it to the correct Merchant SKU.","Location: Inventory Management > SKU Mapping > By Product
Go to Inventory Management > SKU Mapping > By Product and open Unmapped. Expand Show child SKUs and check the exact variation. Use Auto Mapping when its matching Merchant SKU already exists, or Generate Merchant SKU for the selected variant when needed. For an available manual mapping action, choose Map with Merchant SKU, select the correct item, and Confirm Mapping. Then check Inventory List for its warehouse stock.","","Frontend: src/router/routes.jsx; src/components/layout/Sidebar.jsx; src/i18n.js | Frontend: src/features/productManagement; src/features/inventoryManagement/merchantSKU | Backend: modules/merchantSkus; modules/combineskus | Frontend: src/features/inventoryManagement/SKUMapping | Backend: modules/platformSkuMappings | Frontend: src/features/inventoryManagement | Backend: modules/inventory; modules/inbound; modules/outbound"
"Q-212","What is SKU Mapping by Merchant SKU?","Inventory Management > SKU Mapping > By Merchant","MODIFIED ANSWER; FORMAT UPDATED; IMAGE CHECK NEEDED","Removed snapshot counts and used the sidebar name By Merchant.","What is SKU Mapping by Merchant SKU?","It starts from the internal Merchant SKU and shows which marketplace products or stores are connected to it.
All: 155
Mapped: 134
Unmapped: 21
You can see the process through the app screenshots https://printernoble.com/chatbot/uploads/1788407311_WERP_Q-212.png","Location: Inventory Management > SKU Mapping > By Merchant
Go to Inventory Management > SKU Mapping > By Merchant. This view starts with an internal Merchant SKU and shows its connected stores, marketplace product SKUs, mapping status, and sync groups. All, Mapped, and Unmapped show the current records for your account and filters.","","Frontend: src/router/routes.jsx; src/components/layout/Sidebar.jsx; src/i18n.js | Frontend: src/features/inventoryManagement/SKUMapping | Backend: modules/platformSkuMappings | Frontend: src/features/inventoryManagement | Backend: modules/inventory; modules/inbound; modules/outbound"
"Q-213","What information appears in this table?","Inventory Management > SKU Mapping > By Merchant","REVIEWED - MEANING RETAINED; FORMAT UPDATED","Meaning retained after section review.","What information appears in this table?","The table contains:
Select All
Image
Parent Merchant SKU
Mapped Stores
Status
Sync Group
Action","Location: Inventory Management > SKU Mapping > By Merchant
The table contains:
- Select All
- Image
- Parent Merchant SKU
- Mapped Stores
- Status
- Sync Group
- Action","","Frontend: src/router/routes.jsx; src/components/layout/Sidebar.jsx; src/i18n.js | Frontend: src/features/inventoryManagement/SKUMapping | Backend: modules/platformSkuMappings | Frontend: src/features/inventoryManagement | Backend: modules/inventory; modules/inbound; modules/outbound"
"Q-214","What does Mapped Stores mean?","Inventory Management > SKU Mapping > By Merchant","REVIEWED - MEANING RETAINED; FORMAT UPDATED","Meaning retained after section review.","What does Mapped Stores mean?","It identifies the stores whose product SKUs are connected to the Merchant SKU.
One Merchant SKU can be connected to products from multiple stores.","Location: Inventory Management > SKU Mapping > By Merchant
It identifies the stores whose product SKUs are connected to the Merchant SKU.
One Merchant SKU can be connected to products from multiple stores.","","Frontend: src/router/routes.jsx; src/components/layout/Sidebar.jsx; src/i18n.js | Frontend: src/features/inventoryManagement/SKUMapping | Backend: modules/platformSkuMappings | Frontend: src/features/inventoryManagement | Backend: modules/inventory; modules/inbound; modules/outbound"
"Q-215","What does Status mean in SKU Mapping > By Merchant?","Inventory Management > SKU Mapping > By Merchant","MODIFIED ANSWER; EDITED QUESTION; FORMAT UPDATED; IMAGE CHECK NEEDED","Replaced reviewer language and distinguished mapping from stock-sync success. Added the exact page name to distinguish this repeated question from similar controls on other pages.","What does Status mean?","It indicates whether the Merchant SKU currently has platform SKU mappings.
Common visible states include Mapped and Unmapped.
You can see the process through the app screenshots https://printernoble.com/chatbot/uploads/1788407312_WERP_Q-215.png","Location: Inventory Management > SKU Mapping > By Merchant
In SKU Mapping > By Merchant, Status shows whether the Merchant SKU has marketplace SKU mappings. Mapped means a connection exists; Unmapped means it has no such mapping. Check the mapped stores and variations before assuming the stock is synchronized.","","Frontend: src/router/routes.jsx; src/components/layout/Sidebar.jsx; src/i18n.js | Frontend: src/features/inventoryManagement/SKUMapping | Backend: modules/platformSkuMappings | Frontend: src/features/inventoryManagement | Backend: modules/inventory; modules/inbound; modules/outbound"
"Q-216","What is a Sync Group?","Inventory Management > SKU Mapping > By Merchant","MODIFIED ANSWER; FORMAT UPDATED","Distinguished sync groups from bundles and confirmed warehouse constraint.","What is a Sync Group?","A Sync Group links related marketplace SKUs so inventory updates can be coordinated through a common Merchant SKU or group.
The precise synchronization rule should be confirmed before changing the group.","Location: Inventory Management > SKU Mapping > By Merchant
A Sync Group connects parent and child Merchant SKUs in the same warehouse so their inventory changes can be coordinated. It is different from a Combine SKU bundle. Before adding members, confirm that the products are intended to participate in the same stock workflow; unrelated items should not be grouped.","","Frontend: src/router/routes.jsx; src/components/layout/Sidebar.jsx; src/i18n.js | Frontend: src/features/inventoryManagement/SKUMapping | Backend: modules/platformSkuMappings | Frontend: src/features/inventoryManagement | Backend: modules/inventory; modules/inbound; modules/outbound"
"Q-217","What does ""View/change mapped platform SKU list"" do?","Inventory Management > SKU Mapping > By Merchant","MODIFIED ANSWER; FORMAT UPDATED; IMAGE CHECK NEEDED","Documented exact controls and reassignment consequence.","What does “View/change mapped platform SKU list” do?","It opens the platform SKUs connected to the Merchant SKU and may allow those mappings to be changed.
Changing a mapping can redirect inventory synchronization, so verify every SKU before saving.
You can see the process through the app screenshots https://printernoble.com/chatbot/uploads/1788407313_WERP_Q-217.png","Location: Inventory Management > SKU Mapping > By Merchant
Go to Inventory Management > SKU Mapping > By Merchant. Use View/change mapped platform SKU list beside the Merchant SKU, select the required stores and product variation rows, then click Save Mapping. A variation already mapped to another Merchant SKU will be reassigned if you select it, so check the current mapping before saving.","","Frontend: src/router/routes.jsx; src/components/layout/Sidebar.jsx; src/i18n.js | Frontend: src/features/inventoryManagement/SKUMapping | Backend: modules/platformSkuMappings | Frontend: src/features/inventoryManagement | Backend: modules/inventory; modules/inbound; modules/outbound"
"Q-218","What does ""Unlink mapped product SKU(s)"" do?","Inventory Management > SKU Mapping > By Merchant","MODIFIED ANSWER; FORMAT UPDATED","Clarified unlink selection and scope.","What does “Unlink mapped product SKU(s)” do?","It removes one or more platform SKU connections from the Merchant SKU.
Unlinking can interrupt inventory synchronization for those products. It should only be used with explicit authorization.","Location: Inventory Management > SKU Mapping > By Merchant
On Inventory Management > SKU Mapping > By Merchant, choose Unlink mapped product SKU(s). Select the individual product SKU rows or a whole store, then confirm Unlink. Selecting a whole store removes all its selected SKU connections for that Merchant SKU. This removes mappings, not the physical products.","","Frontend: src/router/routes.jsx; src/components/layout/Sidebar.jsx; src/i18n.js | Frontend: src/features/inventoryManagement/SKUMapping | Backend: modules/platformSkuMappings | Frontend: src/features/inventoryManagement | Backend: modules/inventory; modules/inbound; modules/outbound"
"Q-219","What does ""Group sync child SKUs"" do?","Inventory Management > SKU Mapping > By Merchant","MODIFIED ANSWER; FORMAT UPDATED","Replaced uncertain description with the actual prerequisite and workflow.","What does “Group sync child SKUs” do?","It appears to coordinate inventory synchronization for child or variation SKUs belonging to a mapping group.
Confirm the affected SKUs and stock behavior before using it.","Location: Inventory Management > SKU Mapping > By Merchant
On Inventory Management > SKU Mapping > By Merchant, first map the parent SKU to a store. Then choose Group sync child SKUs, select the intended same-warehouse Merchant SKUs, and confirm the link. Use the Sync Group list to review Parent and Child members and remove an incorrect child with Remove.","","Frontend: src/router/routes.jsx; src/components/layout/Sidebar.jsx; src/i18n.js | Frontend: src/features/inventoryManagement/SKUMapping | Backend: modules/platformSkuMappings | Frontend: src/features/inventoryManagement | Backend: modules/inventory; modules/inbound; modules/outbound"
"Q-220","Why is a Merchant SKU unmapped?","Inventory Management > SKU Mapping > By Merchant","REVIEWED - MEANING RETAINED; FORMAT UPDATED","Meaning retained after section review.","Why is a Merchant SKU unmapped?","Possible reasons include:
It was created manually but never linked.
The platform product was removed.
The marketplace SKU changed.
Product synchronization is incomplete.
No corresponding platform product exists.
A previous mapping was unlinked.","Location: Inventory Management > SKU Mapping > By Merchant
Possible reasons include:
It was created manually but never linked.
The platform product was removed.
The marketplace SKU changed.
Product synchronization is incomplete.
No corresponding platform product exists.
A previous mapping was unlinked.","","Frontend: src/router/routes.jsx; src/components/layout/Sidebar.jsx; src/i18n.js | Frontend: src/features/inventoryManagement/SKUMapping | Backend: modules/platformSkuMappings | Frontend: src/features/inventoryManagement | Backend: modules/inventory; modules/inbound; modules/outbound"
"Q-221","What is the Inventory List?","Inventory Management > Inventory List","REVIEWED - MEANING RETAINED; FORMAT UPDATED","Meaning retained after section review.","What is the Inventory List?","The Inventory List shows warehouse-level quantities and synchronization status for inventory records.","Location: Inventory Management > Inventory List
The Inventory List shows warehouse-level quantities and synchronization status for inventory records.","","Frontend: src/router/routes.jsx; src/components/layout/Sidebar.jsx; src/i18n.js | Frontend: src/features/inventoryManagement | Backend: modules/inventory; modules/inbound; modules/outbound"
"Q-222","Why are there more inventory items than Merchant SKUs?","Inventory Management > Inventory List","REVIEWED - MEANING RETAINED; FORMAT UPDATED","Meaning retained after section review.","Why are there more inventory items than Merchant SKUs?","One Merchant SKU can have inventory records in multiple warehouses.
For example, one SKU stored in three warehouses may appear as three inventory items.","Location: Inventory Management > Inventory List
One Merchant SKU can have inventory records in multiple warehouses.
For example, one SKU stored in three warehouses may appear as three inventory items.","","Frontend: src/router/routes.jsx; src/components/layout/Sidebar.jsx; src/i18n.js | Frontend: src/features/inventoryManagement | Backend: modules/inventory; modules/inbound; modules/outbound"
"Q-223","What information appears in the Inventory List?","Inventory Management > Inventory List","REVIEWED - MEANING RETAINED; FORMAT UPDATED","Meaning retained after section review.","What information appears in the Inventory List?","The table contains:
Select All
Image
SKU Name
Warehouse Name
Quantity
Lock Quantity
Stock Alert
Sync Status
Last Sync
Action","Location: Inventory Management > Inventory List
The table contains:
- Select All
- Image
- SKU Name
- Warehouse Name
- Quantity
- Lock Quantity
- Stock Alert
- Sync Status
- Last Sync
- Action","","Frontend: src/router/routes.jsx; src/components/layout/Sidebar.jsx; src/i18n.js | Frontend: src/features/inventoryManagement | Backend: modules/inventory; modules/inbound; modules/outbound"
"Q-224","What does Quantity mean?","Inventory Management > Inventory List","REVIEWED - MEANING RETAINED; FORMAT UPDATED","Meaning retained after section review.","What does Quantity mean?","Quantity is the recorded stock amount for that SKU in the specified warehouse.","Location: Inventory Management > Inventory List
Quantity is the recorded stock amount for that SKU in the specified warehouse.","","Frontend: src/router/routes.jsx; src/components/layout/Sidebar.jsx; src/i18n.js | Frontend: src/features/inventoryManagement | Backend: modules/inventory; modules/inbound; modules/outbound"
"Q-225","What does Lock Quantity mean?","Inventory Management > Inventory List","MODIFIED ANSWER; FORMAT UPDATED","Confirmed availability calculation.","What does Lock Quantity mean?","Lock Quantity is inventory reserved or temporarily unavailable, often because of pending orders or processing operations.
A simplified available-stock calculation may be:
Available stock = Quantity − Lock Quantity
The ERP’s exact calculation should be confirmed.","Location: Inventory Management > Inventory List
Lock Quantity is the part of Quantity reserved from normal availability. Available stock is Quantity minus Lock Quantity, with a minimum of zero. For example, Quantity 20 and Lock Quantity 5 leave 15 available. Open Inventory Management > Inventory List to check both values for the same warehouse.","","Frontend: src/router/routes.jsx; src/components/layout/Sidebar.jsx; src/i18n.js | Frontend: src/features/inventoryManagement | Backend: modules/inventory; modules/inbound; modules/outbound"
"Q-226","Why is stock locked?","Inventory Management > Inventory List","MODIFIED ANSWER; FORMAT UPDATED","Removed unsupported causes and clarified outbound draft behavior.","Why is stock locked?","Common reasons include:
An order reserved the item.
The order is being packed or processed.
An outbound operation is pending.
A synchronization operation is incomplete.
A temporary inventory hold exists.","Location: Inventory Management > Inventory List
Lock Quantity can come from an order reservation or a saved inventory adjustment. It is not the same as in-transit stock. Check the related order and Inventory Management > Inventory Log before changing it; an Outbound draft alone does not reserve stock in this workflow.","","Frontend: src/router/routes.jsx; src/components/layout/Sidebar.jsx; src/i18n.js | Frontend: src/features/inventoryManagement | Backend: modules/inventory; modules/inbound; modules/outbound"
"Q-227","What does Stock Alert mean?","Inventory Management > Inventory List","MODIFIED ANSWER; FORMAT UPDATED; IMAGE CHECK NEEDED","Removed screenshot-specific observation and explained the badges.","What does Stock Alert mean?","It indicates whether stock has reached its configured warning threshold.
Visible records included an Out of Stock status.
You can see the process through the app screenshots https://printernoble.com/chatbot/uploads/1788407314_WERP_Q-227.png","Location: Inventory Management > Inventory List
On Inventory Management > Inventory List, Stock Alert compares the recorded quantity with its warning threshold. Out of Stock means no stock is recorded, Low Stock means the quantity has reached the warning level, and In Stock means it is above that level. No Alert means no minimum warning level is configured.","","Frontend: src/router/routes.jsx; src/components/layout/Sidebar.jsx; src/i18n.js | Frontend: src/features/inventoryManagement | Backend: modules/inventory; modules/inbound; modules/outbound"
"Q-228","What does Synced mean?","Inventory Management > Inventory List","REVIEWED - MEANING RETAINED; FORMAT UPDATED","Meaning retained after section review.","What does Synced mean?","Synced indicates that the ERP considers the inventory synchronized with the relevant connected platform or store.","Location: Inventory Management > Inventory List
Synced indicates that the ERP considers the inventory synchronized with the relevant connected platform or store.","","Frontend: src/router/routes.jsx; src/components/layout/Sidebar.jsx; src/i18n.js | Frontend: src/features/inventoryManagement | Backend: modules/inventory; modules/inbound; modules/outbound"
"Q-229","What does Out of Sync mean?","Inventory Management > Inventory List","REVIEWED - MEANING RETAINED; FORMAT UPDATED","Meaning retained after section review.","What does Out of Sync mean?","Out of Sync means the ERP inventory and connected platform may not currently agree or that the latest synchronization failed.
Check:
Store authorization
SKU mapping
Warehouse mapping
Last Sync
Marketplace connectivity
Recent inventory changes","Location: Inventory Management > Inventory List
Out of Sync means the ERP inventory and connected platform may not currently agree or that the latest synchronization failed.
Check:
- Store authorization
- SKU mapping
- Warehouse mapping
- Last Sync
- Marketplace connectivity
- Recent inventory changes","","Frontend: src/router/routes.jsx; src/components/layout/Sidebar.jsx; src/i18n.js | Frontend: src/features/inventoryManagement | Backend: modules/inventory; modules/inbound; modules/outbound"
"Q-230","What does Last Sync mean?","Inventory Management > Inventory List","REVIEWED - MEANING RETAINED; FORMAT UPDATED","Meaning retained after section review.","What does Last Sync mean?","It shows when the ERP last synchronized the inventory record.
An old timestamp may indicate a synchronization delay or inactive connection.","Location: Inventory Management > Inventory List
It shows when the ERP last synchronized the inventory record.
An old timestamp may indicate a synchronization delay or inactive connection.","","Frontend: src/router/routes.jsx; src/components/layout/Sidebar.jsx; src/i18n.js | Frontend: src/features/inventoryManagement | Backend: modules/inventory; modules/inbound; modules/outbound"
"Q-231","What do All, Unmapped, and Mapped mean?","Inventory Management > Inventory List","MODIFIED ANSWER; FORMAT UPDATED; IMAGE CHECK NEEDED","Completed all three tab definitions.","What do All, Unmapped, and Mapped mean?","Mapped records have the required SKU relationship. Unmapped records require review before inventory can reliably synchronize.
You can see the process through the app screenshots https://printernoble.com/chatbot/uploads/1788407315_WERP_Q-231.png","Location: Inventory Management > Inventory List
On Inventory Management > Inventory List, All includes both mapped and unmapped records. Mapped means there is a platform SKU connection; Unmapped means the record lacks that connection. Unmapped stock can exist in the warehouse but cannot use that missing mapping to update a marketplace listing.","","Frontend: src/router/routes.jsx; src/components/layout/Sidebar.jsx; src/i18n.js | Frontend: src/features/inventoryManagement | Backend: modules/inventory; modules/inbound; modules/outbound"
"Q-232","What does Sync Stock do?","Inventory Management > Inventory List","MODIFIED ANSWER; FORMAT UPDATED; IMAGE CHECK NEEDED","Documented the all-mapped empty-selection behavior.","What does Sync Stock do?","It initiates stock synchronization for applicable records.
Because this can update marketplace inventory, it should only be used for an assigned synchronization task.
You can see the process through the app screenshots https://printernoble.com/chatbot/uploads/1788407316_WERP_Q-232.png","Location: Inventory Management > Inventory List
Go to Inventory Management > Inventory List. Select the intended mapped rows and click Sync Stock. Review the confirmation and click Sync. With no rows selected, it can synchronize all mapped SKU stock. Unmapped SKUs are not eligible, so check the scope carefully before confirming.","","Frontend: src/router/routes.jsx; src/components/layout/Sidebar.jsx; src/i18n.js | Frontend: src/features/inventoryManagement | Backend: modules/inventory; modules/inbound; modules/outbound"
"Q-233","What does Bulk Action do on the Inventory List?","Inventory Management > Inventory List","MODIFIED ANSWER; FORMAT UPDATED","Named the actual available operations.","What does Bulk Action do on the Inventory List?","It applies an inventory operation to selected records.
Check the selected warehouse and SKUs before executing any batch operation.","Location: Inventory Management > Inventory List
Select rows in Inventory Management > Inventory List and open Bulk Action. Stock alert settings changes their minimum-stock warning level. Batch Delete requests deletion of the selected inventory records and can be blocked when stock remains. Check the SKU, warehouse, and selected count before confirming.","","Frontend: src/router/routes.jsx; src/components/layout/Sidebar.jsx; src/i18n.js | Frontend: src/features/inventoryManagement | Backend: modules/inventory; modules/inbound; modules/outbound"
"Q-234","Why does a SKU show zero quantity but still appear in the Inventory List?","Inventory Management > Inventory List","REVIEWED - MEANING RETAINED; FORMAT UPDATED","Meaning retained after section review.","Why does a SKU show zero quantity but still appear in the Inventory List?","Inventory records remain useful even when their quantity is zero. The record preserves the warehouse association, mapping, sync status, and stock history.","Location: Inventory Management > Inventory List
Inventory records remain useful even when their quantity is zero. The record preserves the warehouse association, mapping, sync status, and stock history.","","Frontend: src/router/routes.jsx; src/components/layout/Sidebar.jsx; src/i18n.js | Frontend: src/features/inventoryManagement | Backend: modules/inventory; modules/inbound; modules/outbound"
"Q-235","What should I check if an inventory quantity appears incorrect?","Inventory Management > Inventory List","MODIFIED ANSWER; FORMAT UPDATED; IMAGE CHECK NEEDED","Turned a checklist into a useful diagnostic sequence.","What should I check if an inventory quantity appears incorrect?","Check:
Correct warehouse
Merchant SKU
SKU mapping
Quantity and Lock Quantity
Inbound records
Outbound records
Inventory Log
Last Sync and Sync Status
You can see the process through the app screenshots https://printernoble.com/chatbot/uploads/1788407317_WERP_Q-235.png","Location: Inventory Management > Inventory List
Compare the same SKU and warehouse in Inventory List and Inventory Log. Check Quantity, Lock Quantity, recent receipts, outbound shipments, orders, and returns. Then review the marketplace mapping, Sync Status, and Last Sync. Do not repeatedly adjust stock until you know whether the problem is the ERP balance, reserved stock, or marketplace synchronization.","","Frontend: src/router/routes.jsx; src/components/layout/Sidebar.jsx; src/i18n.js | Frontend: src/features/inventoryManagement | Backend: modules/inventory; modules/inbound; modules/outbound"
"Q-236","What is Manual Inbound?","Inventory Management > Manual inbound","REVIEWED - MEANING RETAINED; FORMAT UPDATED","Meaning retained after section review.","What is Manual Inbound?","Manual Inbound records stock received outside the regular inbound-shipment workflow.
It may be used for adjustments, local deliveries, supplier receipts, or other manually recorded stock arrivals.","Location: Inventory Management > Manual inbound
Manual Inbound records stock received outside the regular inbound-shipment workflow.
It may be used for adjustments, local deliveries, supplier receipts, or other manually recorded stock arrivals.","","Frontend: src/router/routes.jsx; src/components/layout/Sidebar.jsx; src/i18n.js | Frontend: src/features/inventoryManagement | Backend: modules/inventory; modules/inbound; modules/outbound"
"Q-237","What information appears in the Manual Inbound table?","Inventory Management > Manual inbound","REVIEWED - MEANING RETAINED; FORMAT UPDATED; IMAGE CHECK NEEDED","Meaning retained after section review.","What information appears in the Manual Inbound table?","The table contains:
Inbound ID
Image
Warehouse Name
Supplier
Received Date
Details
You can see the process through the app screenshots https://printernoble.com/chatbot/uploads/1788407372_WERP_Q-237.png","Location: Inventory Management > Manual inbound
The table contains:
- Inbound ID
- Image
- Warehouse Name
- Supplier
- Received Date
- Details","","Frontend: src/router/routes.jsx; src/components/layout/Sidebar.jsx; src/i18n.js | Frontend: src/features/inventoryManagement | Backend: modules/inventory; modules/inbound; modules/outbound"
"Q-238","How can I see the number of Manual Inbound records?","Inventory Management > Manual inbound","MODIFIED ANSWER; EDITED QUESTION; FORMAT UPDATED","Removed snapshot count.","How many Manual Inbound records currently exist?","The page reported 30 records, displaying 1–10 on the first page.","Location: Inventory Management > Manual inbound
Go to Inventory Management > Manual inbound and read the Showing total below Manual Inbound List. The total reflects the records matching your current filters. Clear the search and date filters to check a broader set of receipts.","","Frontend: src/router/routes.jsx; src/components/layout/Sidebar.jsx; src/i18n.js | Frontend: src/features/inventoryManagement | Backend: modules/inventory; modules/inbound; modules/outbound"
"Q-239","What does Create Manual Inbound do?","Inventory Management > Manual inbound","MODIFIED ANSWER; QUESTION VARIANTS ADDED; FORMAT UPDATED","Matched fields and immediate-receipt behavior.","What does Create Manual Inbound do?","It begins a manual stock-receipt workflow.
Users may need to select:
Warehouse
Supplier
Merchant SKU
Quantity
Received date
Supporting information
Submitting it can increase stock and should only be done from verified receiving information.","Location: Inventory Management > Manual inbound
1. Open Inventory Management > Manual inbound.
2. Click Create Manual Inbound and choose Select Warehouse.
3. Enter Supplier Name and Supplier Reference / PO No. when available.
4. Click Select Merchant SKU, add the received items, and enter each Quantity.
5. Check the physical receipt, then click Save. This records received stock immediately; use Inbound > Draft for goods that have not arrived.","How do I add stock I already received?; How can I record an immediate warehouse receipt?","Frontend: src/router/routes.jsx; src/components/layout/Sidebar.jsx; src/i18n.js | Frontend: src/features/inventoryManagement | Backend: modules/inventory; modules/inbound; modules/outbound"
"Q-240","What is an Inbound ID?","Inventory Management > Manual inbound","REVIEWED - MEANING RETAINED; FORMAT UPDATED","Meaning retained after section review.","What is an Inbound ID?","It is the ERP’s unique reference for an inbound transaction.
An example format is IB-2026-000059.","Location: Inventory Management > Manual inbound
It is the ERP's unique reference for an inbound transaction.
An example format is IB-2026-000059.","","Frontend: src/router/routes.jsx; src/components/layout/Sidebar.jsx; src/i18n.js | Frontend: src/features/inventoryManagement | Backend: modules/inventory; modules/inbound; modules/outbound"
"Q-241","Why is the supplier important?","Inventory Management > Manual inbound","REVIEWED - MEANING RETAINED; FORMAT UPDATED","Meaning retained after section review.","Why is the supplier important?","The supplier helps identify where the received inventory came from and supports receiving audits and discrepancy investigations.","Location: Inventory Management > Manual inbound
The supplier helps identify where the received inventory came from and supports receiving audits and discrepancy investigations.","","Frontend: src/router/routes.jsx; src/components/layout/Sidebar.jsx; src/i18n.js | Frontend: src/features/inventoryManagement | Backend: modules/inventory; modules/inbound; modules/outbound"
"Q-242","How can I find a Manual Inbound record?","Inventory Management > Manual inbound","MODIFIED ANSWER; FORMAT UPDATED; IMAGE CHECK NEEDED","Added route and details step.","How can I find a Manual Inbound record?","Use:
Warehouse filter
Created Time
Date range
Inbound number
Search field
Using the exact Inbound ID is normally the quickest method.
You can see the process through the app screenshots https://printernoble.com/chatbot/uploads/1788407373_WERP_Q-242.png","Location: Inventory Management > Manual inbound
Go to Inventory Management > Manual inbound. Select the warehouse and date filters, choose the inbound-number search when available, and search for the Inbound ID. Open Details beside the matching receipt to review its products and quantities.","","Frontend: src/router/routes.jsx; src/components/layout/Sidebar.jsx; src/i18n.js | Frontend: src/features/inventoryManagement | Backend: modules/inventory; modules/inbound; modules/outbound"
"Q-243","What is an inbound transaction?","Inventory Management > Inbound","REVIEWED - MEANING RETAINED; FORMAT UPDATED","Meaning retained after section review.","What is an inbound transaction?","An inbound transaction records inventory being sent to and received by a warehouse.","Location: Inventory Management > Inbound
An inbound transaction records inventory being sent to and received by a warehouse.","","Frontend: src/router/routes.jsx; src/components/layout/Sidebar.jsx; src/i18n.js | Frontend: src/features/inventoryManagement | Backend: modules/inventory; modules/inbound; modules/outbound"
"Q-244","What are the inbound stages?","Inventory Management > Inbound","REVIEWED - MEANING RETAINED; FORMAT UPDATED; IMAGE CHECK NEEDED","Meaning retained after section review.","What are the inbound stages?","The stages are:
Draft
On The Way
Complete
You can see the process through the app screenshots https://printernoble.com/chatbot/uploads/1788407374_WERP_Q-244.png","Location: Inventory Management > Inbound
The stages are:
- Draft
- On The Way
- Complete","","Frontend: src/router/routes.jsx; src/components/layout/Sidebar.jsx; src/i18n.js | Frontend: src/features/inventoryManagement | Backend: modules/inventory; modules/inbound; modules/outbound"
"Q-245","What does Draft mean?","Inventory Management > Inbound","MODIFIED ANSWER; FORMAT UPDATED; IMAGE CHECK NEEDED","Removed snapshot count and explained stock timing.","What does Draft mean?","Draft means the inbound record has been created but has not yet been shipped or fully started.
There was one draft record during the review.
You can see the process through the app screenshots https://printernoble.com/chatbot/uploads/1788407375_WERP_Q-245.png","Location: Inventory Management > Inbound
Inventory Management > Inbound > Draft contains inbound records that have been saved but not shipped. Saving a draft does not add available stock. Use Ship only when the goods have actually started their journey to the warehouse.","","Frontend: src/router/routes.jsx; src/components/layout/Sidebar.jsx; src/i18n.js | Frontend: src/features/inventoryManagement | Backend: modules/inventory; modules/inbound; modules/outbound"
"Q-246","What does On The Way mean?","Inventory Management > Inbound","MODIFIED ANSWER; FORMAT UPDATED","Removed snapshot count and clarified next step.","What does On The Way mean?","On The Way means the inbound shipment has been dispatched toward the warehouse but has not been completed.
There was one On The Way record during the review.","Location: Inventory Management > Inbound
Inventory Management > Inbound > On The Way contains dispatched inbound shipments that have not been received. Their expected quantities are in-transit stock. Use Receive when the goods arrive and record the quantities actually received.","","Frontend: src/router/routes.jsx; src/components/layout/Sidebar.jsx; src/i18n.js | Frontend: src/features/inventoryManagement | Backend: modules/inventory; modules/inbound; modules/outbound"
"Q-247","What does Complete mean?","Inventory Management > Inbound","MODIFIED ANSWER; FORMAT UPDATED","Clarified completion versus full receipt.","What does Complete mean?","Complete means the inbound process has finished.","Location: Inventory Management > Inbound
Inventory Management > Inbound > Complete contains receipts that have been confirmed. Open Details to compare expected and received quantities. Complete does not necessarily mean every expected unit arrived; a receipt can record a discrepancy.","","Frontend: src/router/routes.jsx; src/components/layout/Sidebar.jsx; src/i18n.js | Frontend: src/features/inventoryManagement | Backend: modules/inventory; modules/inbound; modules/outbound"
"Q-248","What does Create Inbound do?","Inventory Management > Inbound","MODIFIED ANSWER; QUESTION VARIANTS ADDED; FORMAT UPDATED","Separated draft fields from shipment fields.","What does Create Inbound do?","It creates a regular inbound shipment record.
The user may need to define:
Destination warehouse
Products or Merchant SKUs
Quantities
Estimated arrival time
Shipment information","Location: Inventory Management > Inbound
Go to Inventory Management > Inbound > Draft and click Create Inbound. Select the warehouse, enter supplier details, use Select Merchant SKU to add the items, enter the expected quantities, and click Save. This creates a draft. Tracking, purchase currency, and Estimated Arrival are entered when you use Ship.","How do I create an incoming stock shipment?; How do I make an inbound draft?","Frontend: src/router/routes.jsx; src/components/layout/Sidebar.jsx; src/i18n.js | Frontend: src/features/inventoryManagement | Backend: modules/inventory; modules/inbound; modules/outbound"
"Q-249","What does Ship do on the Draft page?","Inventory Management > Inbound","MODIFIED ANSWER; FORMAT UPDATED","Confirmed shipment form and stock effect.","What does Ship do on the Draft page?","Ship moves the selected draft into the dispatched or On The Way stage.
This changes operational status and should only be used after confirming that the physical shipment has actually departed.","Location: Inventory Management > Inbound
On Inventory Management > Inbound > Draft, choose Ship beside the record. Enter Tracking Number, Estimated Arrival, and Purchase Currency, complete any applicable cost details, then click Confirm Ship. The record moves to On The Way and its expected quantity becomes in-transit stock; available stock does not increase yet.","","Frontend: src/router/routes.jsx; src/components/layout/Sidebar.jsx; src/i18n.js | Frontend: src/features/inventoryManagement | Backend: modules/inventory; modules/inbound; modules/outbound"
"Q-250","What information appears in the inbound tables?","Inventory Management > Inbound","REVIEWED - MEANING RETAINED; FORMAT UPDATED; IMAGE CHECK NEEDED","Meaning retained after section review.","What information appears in the inbound tables?","The regular inbound tables include:
Inbound ID
Image
Warehouse Name
Estimated Arrival Time
Details
Actions, where applicable
You can see the process through the app screenshots https://printernoble.com/chatbot/uploads/1788407376_WERP_Q-250.png","Location: Inventory Management > Inbound
The regular inbound tables include:
- Inbound ID
- Image
- Warehouse Name
- Estimated Arrival Time
- Details
- Actions, where applicable","","Frontend: src/router/routes.jsx; src/components/layout/Sidebar.jsx; src/i18n.js | Frontend: src/features/inventoryManagement | Backend: modules/inventory; modules/inbound; modules/outbound"
"Q-251","Why is the estimated arrival time blank?","Inventory Management > Inbound","REVIEWED - MEANING RETAINED; FORMAT UPDATED","Meaning retained after section review.","Why is the estimated arrival time blank?","Possible reasons include:
No estimated date was entered.
The inbound was created manually.
The shipment has already completed.
The value was not supplied by the source workflow.","Location: Inventory Management > Inbound
Possible reasons include:
No estimated date was entered.
The inbound was created manually.
The shipment has already completed.
The value was not supplied by the source workflow.","","Frontend: src/router/routes.jsx; src/components/layout/Sidebar.jsx; src/i18n.js | Frontend: src/features/inventoryManagement | Backend: modules/inventory; modules/inbound; modules/outbound"
"Q-252","When does inbound stock become available?","Inventory Management > Inbound","MODIFIED ANSWER; FORMAT UPDATED; IMAGE CHECK NEEDED","Resolved exact stock timing.","When does inbound stock become available?","Normally, stock becomes available when receiving is completed, not merely when the inbound record is drafted or shipped.
The exact timing depends on the ERP’s receiving workflow.
You can see the process through the app screenshots https://printernoble.com/chatbot/uploads/1788407377_WERP_Q-252.png","Location: Inventory Management > Inbound
For regular inbound shipments, available stock increases when you confirm the actual received quantity under Inventory Management > Inbound > On The Way > Receive. Saving Draft or confirming Ship does not add on-hand stock. Manual inbound records already-received goods when you save that receipt.","","Frontend: src/router/routes.jsx; src/components/layout/Sidebar.jsx; src/i18n.js | Frontend: src/features/inventoryManagement | Backend: modules/inventory; modules/inbound; modules/outbound"
"Q-253","What does Bulk Action do on inbound pages?","Inventory Management > Inbound","MODIFIED ANSWER; FORMAT UPDATED","Listed stage-specific bulk actions.","What does Bulk Action do on inbound pages?","It applies an operation to selected inbound records.
The available actions can depend on the current stage. Confirm all selected records before using it.","Location: Inventory Management > Inbound
On Inventory Management > Inbound > Draft, Bulk Action provides Ship and Cancel. On Inbound > On The Way, it provides Receive and Cancel. Select only the intended records and complete the confirmation details for the action. Complete is for reviewing finished receipts.","","Frontend: src/router/routes.jsx; src/components/layout/Sidebar.jsx; src/i18n.js | Frontend: src/features/inventoryManagement | Backend: modules/inventory; modules/inbound; modules/outbound"
"Q-254","What should I check when an inbound quantity does not appear in inventory?","Inventory Management > Inbound","REVIEWED - MEANING RETAINED; FORMAT UPDATED","Meaning retained after section review.","What should I check when an inbound quantity does not appear in inventory?","Check:
Inbound status
Destination warehouse
Merchant SKU
Received quantity
Completion status
Inventory List
Inventory Log","Location: Inventory Management > Inbound
Check:
- Inbound status
- Destination warehouse
- Merchant SKU
- Received quantity
- Completion status
- Inventory List
- Inventory Log","","Frontend: src/router/routes.jsx; src/components/layout/Sidebar.jsx; src/i18n.js | Frontend: src/features/inventoryManagement | Backend: modules/inventory; modules/inbound; modules/outbound"
"Q-255","What is an outbound transaction?","Inventory Management > Outbound","REVIEWED - MEANING RETAINED; FORMAT UPDATED","Meaning retained after section review.","What is an outbound transaction?","An outbound transaction records inventory leaving a warehouse.
It may relate to transfers, fulfillment, disposal, or other stock-removal activity.","Location: Inventory Management > Outbound
An outbound transaction records inventory leaving a warehouse.
It may relate to transfers, fulfillment, disposal, or other stock-removal activity.","","Frontend: src/router/routes.jsx; src/components/layout/Sidebar.jsx; src/i18n.js | Frontend: src/features/inventoryManagement | Backend: modules/inventory; modules/inbound; modules/outbound"
"Q-256","What are the outbound stages?","Inventory Management > Outbound","REVIEWED - MEANING RETAINED; FORMAT UPDATED; IMAGE CHECK NEEDED","Meaning retained after section review.","What are the outbound stages?","The stages are:
Draft
On The Way
Complete
You can see the process through the app screenshots https://printernoble.com/chatbot/uploads/1788407378_WERP_Q-256.png","Location: Inventory Management > Outbound
The stages are:
- Draft
- On The Way
- Complete","","Frontend: src/router/routes.jsx; src/components/layout/Sidebar.jsx; src/i18n.js | Frontend: src/features/inventoryManagement | Backend: modules/inventory; modules/inbound; modules/outbound"
"Q-257","What does Outbound Draft mean?","Inventory Management > Outbound","MODIFIED ANSWER; FORMAT UPDATED; IMAGE CHECK NEEDED","Removed snapshot count and stated verified draft behavior.","What does Outbound Draft mean?","It means the outbound record was prepared but has not yet been dispatched.
No draft outbound records were visible during the review.
You can see the process through the app screenshots https://printernoble.com/chatbot/uploads/1788407379_WERP_Q-257.png","Location: Inventory Management > Outbound
Inventory Management > Outbound > Draft contains saved outbound requests that have not been shipped. You can review, edit, or delete a draft. Its stock has not yet been deducted by the outbound workflow.","","Frontend: src/router/routes.jsx; src/components/layout/Sidebar.jsx; src/i18n.js | Frontend: src/features/inventoryManagement | Backend: modules/inventory; modules/inbound; modules/outbound"
"Q-258","What does Outbound On The Way mean?","Inventory Management > Outbound","REVIEWED - MEANING RETAINED; FORMAT UPDATED; IMAGE CHECK NEEDED","Meaning retained after section review.","What does Outbound On The Way mean?","It means the stock has been dispatched from the warehouse but the outbound process has not been completed.
You can see the process through the app screenshots https://printernoble.com/chatbot/uploads/1788407380_WERP_Q-258.png","Location: Inventory Management > Outbound
It means the stock has been dispatched from the warehouse but the outbound process has not been completed.","","Frontend: src/router/routes.jsx; src/components/layout/Sidebar.jsx; src/i18n.js | Frontend: src/features/inventoryManagement | Backend: modules/inventory; modules/inbound; modules/outbound"
"Q-259","What does Completed Outbound mean?","Inventory Management > Outbound","MODIFIED ANSWER; FORMAT UPDATED; IMAGE CHECK NEEDED","Clarified completion and prevented a double-deduction interpretation.","What does Completed Outbound mean?","It means the outbound process has finished.
You can see the process through the app screenshots https://printernoble.com/chatbot/uploads/1788407381_WERP_Q-259.png","Location: Inventory Management > Outbound
Inventory Management > Outbound > Complete contains shipments whose receipt has been confirmed. Open Details to compare expected and received quantities. Completing receipt does not deduct the source stock again; that deduction took place when the outbound was shipped.","","Frontend: src/router/routes.jsx; src/components/layout/Sidebar.jsx; src/i18n.js | Frontend: src/features/inventoryManagement | Backend: modules/inventory; modules/inbound; modules/outbound"
"Q-260","What does Create Outbound do?","Inventory Management > Outbound","MODIFIED ANSWER; FORMAT UPDATED","Matched form names and corrected stock timing.","What does Create Outbound do?","It begins a new outbound-stock workflow.
Users may need to select:
Source warehouse
Merchant SKUs
Quantities
Destination or purpose
Estimated arrival information
Submitting it can reduce or reserve inventory.","Location: Inventory Management > Outbound
Go to Inventory Management > Outbound > Draft and click Create Outbound. Choose the source warehouse, complete supplier or reference details, Receiving Warehouse, Receiving Warehouse Full Address, and any Outbound Notes. Use Select Merchant SKU to add the items and quantities, then Save and confirm the draft. Stock is deducted later when you confirm Ship.","","Frontend: src/router/routes.jsx; src/components/layout/Sidebar.jsx; src/i18n.js | Frontend: src/features/inventoryManagement | Backend: modules/inventory; modules/inbound; modules/outbound"
"Q-261","What does Ship do on the Outbound Draft page?","Inventory Management > Outbound","MODIFIED ANSWER; FORMAT UPDATED","Documented irreversible UI transition and immediate deduction.","What does Ship do on the Outbound Draft page?","It moves selected draft records into the dispatched or On The Way stage.
Only use it after confirming that the physical goods have left the warehouse.","Location: Inventory Management > Outbound
On Inventory Management > Outbound > Draft, open Ship for the correct record, complete the shipment information, and review Confirm Ship Outbound. Confirming ships the record and immediately reduces stock. After shipping, the draft Edit and Delete actions are no longer available, so check the quantities before confirming.","","Frontend: src/router/routes.jsx; src/components/layout/Sidebar.jsx; src/i18n.js | Frontend: src/features/inventoryManagement | Backend: modules/inventory; modules/inbound; modules/outbound"
"Q-262","What information appears in the outbound tables?","Inventory Management > Outbound","REVIEWED - MEANING RETAINED; FORMAT UPDATED","Meaning retained after section review.","What information appears in the outbound tables?","The tables contain:
Outbound ID
Image
Warehouse Name
Estimated Arrival Time
Details
Actions, where applicable","Location: Inventory Management > Outbound
The tables contain:
- Outbound ID
- Image
- Warehouse Name
- Estimated Arrival Time
- Details
- Actions, where applicable","","Frontend: src/router/routes.jsx; src/components/layout/Sidebar.jsx; src/i18n.js | Frontend: src/features/inventoryManagement | Backend: modules/inventory; modules/inbound; modules/outbound"
"Q-263","Why does the Outbound Draft page say ""No items found""?","Inventory Management > Outbound","REVIEWED - MEANING RETAINED; FORMAT UPDATED","Meaning retained after section review.","Why does the Outbound Draft page say “No items found”?","It means no draft records match the current filters.
It does not mean that the ERP has no outbound history. Check On The Way and Complete.","Location: Inventory Management > Outbound
It means no draft records match the current filters.
It does not mean that the ERP has no outbound history. Check On The Way and Complete.","","Frontend: src/router/routes.jsx; src/components/layout/Sidebar.jsx; src/i18n.js | Frontend: src/features/inventoryManagement | Backend: modules/inventory; modules/inbound; modules/outbound"
"Q-264","When is stock reduced during outbound processing?","Inventory Management > Outbound","MODIFIED ANSWER; QUESTION VARIANTS ADDED; FORMAT UPDATED","Replaced speculation with backend-confirmed timing.","When is stock reduced during outbound processing?","The exact timing is not stated on the list page.
The system might reduce or lock stock when the outbound is created, shipped, or completed. Check Inventory Log to confirm the actual transaction time.","Location: Inventory Management > Outbound
Outbound stock is reduced when you confirm Ship from Inventory Management > Outbound > Draft. Saving the draft does not deduct stock, and confirming receipt later does not deduct it again. Check Inventory Management > Inventory Log to see the outbound movement.","When is outbound stock deducted?; Does saving an outbound draft reduce inventory?","Frontend: src/router/routes.jsx; src/components/layout/Sidebar.jsx; src/i18n.js | Frontend: src/features/inventoryManagement | Backend: modules/inventory; modules/inbound; modules/outbound"
"Q-265","What should I check if outbound stock was deducted incorrectly?","Inventory Management > Outbound","REVIEWED - MEANING RETAINED; FORMAT UPDATED","Meaning retained after section review.","What should I check if outbound stock was deducted incorrectly?","Check:
Outbound ID
Source warehouse
Merchant SKU
Quantity
Outbound status
Related order
Inventory Log purpose
Remaining quantity","Location: Inventory Management > Outbound
Check:
- Outbound ID
- Source warehouse
- Merchant SKU
- Quantity
- Outbound status
- Related order
- Inventory Log purpose
- Remaining quantity","","Frontend: src/router/routes.jsx; src/components/layout/Sidebar.jsx; src/i18n.js | Frontend: src/features/inventoryManagement | Backend: modules/inventory; modules/inbound; modules/outbound"
"Q-266","What is the Inventory Log?","Inventory Management > Inventory Log","REVIEWED - MEANING RETAINED; FORMAT UPDATED","Meaning retained after section review.","What is the Inventory Log?","Inventory Log is the stock-movement audit trail. It records quantities entering and leaving inventory and the reason for each movement.","Location: Inventory Management > Inventory Log
Inventory Log is the stock-movement audit trail. It records quantities entering and leaving inventory and the reason for each movement.","","Frontend: src/router/routes.jsx; src/components/layout/Sidebar.jsx; src/i18n.js | Frontend: src/features/inventoryManagement | Backend: modules/inventory; modules/inbound; modules/outbound"
"Q-267","What columns appear in Inventory Log?","Inventory Management > Inventory Log","REVIEWED - MEANING RETAINED; FORMAT UPDATED; IMAGE CHECK NEEDED","Meaning retained after section review.","What columns appear in Inventory Log?","The table contains:
SL No
Seller SKU
Stock In Quantity
Stock Out Quantity
Purpose
Remaining Quantity
Operation Time
You can see the process through the app screenshots https://printernoble.com/chatbot/uploads/1788407382_WERP_Q-267.png","Location: Inventory Management > Inventory Log
The table contains:
- SL No
- Seller SKU
- Stock In Quantity
- Stock Out Quantity
- Purpose
- Remaining Quantity
- Operation Time","","Frontend: src/router/routes.jsx; src/components/layout/Sidebar.jsx; src/i18n.js | Frontend: src/features/inventoryManagement | Backend: modules/inventory; modules/inbound; modules/outbound"
"Q-268","What is Seller SKU?","Inventory Management > Inventory Log","MODIFIED ANSWER; FORMAT UPDATED","Avoided asserting that every ledger code comes directly from a marketplace.","What is Seller SKU?","Seller SKU is the SKU associated with the seller or marketplace product involved in the stock movement.
Check its mapping to determine the related Merchant SKU.","Location: Inventory Management > Inventory Log
Seller SKU identifies the SKU shown for the stock movement. Match it with the item in Inventory Management > Merchant SKU and check SKU Mapping when comparing it with a marketplace listing. A marketplace seller code and an internal Merchant SKU code are not always identical.","","Frontend: src/router/routes.jsx; src/components/layout/Sidebar.jsx; src/i18n.js | Frontend: src/features/inventoryManagement | Backend: modules/inventory; modules/inbound; modules/outbound"
"Q-269","What does Stock In Quantity mean?","Inventory Management > Inventory Log","REVIEWED - MEANING RETAINED; FORMAT UPDATED","Meaning retained after section review.","What does Stock In Quantity mean?","It records how many units were added in that transaction.
A zero means the transaction did not add stock.","Location: Inventory Management > Inventory Log
It records how many units were added in that transaction.
A zero means the transaction did not add stock.","","Frontend: src/router/routes.jsx; src/components/layout/Sidebar.jsx; src/i18n.js | Frontend: src/features/inventoryManagement | Backend: modules/inventory; modules/inbound; modules/outbound"
"Q-270","What does Stock Out Quantity mean?","Inventory Management > Inventory Log","REVIEWED - MEANING RETAINED; FORMAT UPDATED","Meaning retained after section review.","What does Stock Out Quantity mean?","It records how many units were removed in that transaction.
A zero means the transaction did not remove stock.","Location: Inventory Management > Inventory Log
It records how many units were removed in that transaction.
A zero means the transaction did not remove stock.","","Frontend: src/router/routes.jsx; src/components/layout/Sidebar.jsx; src/i18n.js | Frontend: src/features/inventoryManagement | Backend: modules/inventory; modules/inbound; modules/outbound"
"Q-271","What does Purpose mean?","Inventory Management > Inventory Log","REVIEWED - MEANING RETAINED; FORMAT UPDATED","Meaning retained after section review.","What does Purpose mean?","Purpose explains why the inventory changed.
Visible entries included “Sales deduction,” meaning inventory was reduced because of a sale.","Location: Inventory Management > Inventory Log
Purpose explains why the inventory changed.
Visible entries included ""Sales deduction,"" meaning inventory was reduced because of a sale.","","Frontend: src/router/routes.jsx; src/components/layout/Sidebar.jsx; src/i18n.js | Frontend: src/features/inventoryManagement | Backend: modules/inventory; modules/inbound; modules/outbound"
"Q-272","What does Remaining Quantity mean?","Inventory Management > Inventory Log","REVIEWED - MEANING RETAINED; FORMAT UPDATED","Meaning retained after section review.","What does Remaining Quantity mean?","It is the quantity recorded after that transaction was applied.
Reading records chronologically helps explain how the current balance was reached.","Location: Inventory Management > Inventory Log
It is the quantity recorded after that transaction was applied.
Reading records chronologically helps explain how the current balance was reached.","","Frontend: src/router/routes.jsx; src/components/layout/Sidebar.jsx; src/i18n.js | Frontend: src/features/inventoryManagement | Backend: modules/inventory; modules/inbound; modules/outbound"
"Q-273","What does Operation Time mean?","Inventory Management > Inventory Log","REVIEWED - MEANING RETAINED; FORMAT UPDATED","Meaning retained after section review.","What does Operation Time mean?","It is the recorded date and time when the stock movement was processed.
If the time differs from the order time, synchronization or processing may have occurred later.","Location: Inventory Management > Inventory Log
It is the recorded date and time when the stock movement was processed.
If the time differs from the order time, synchronization or processing may have occurred later.","","Frontend: src/router/routes.jsx; src/components/layout/Sidebar.jsx; src/i18n.js | Frontend: src/features/inventoryManagement | Backend: modules/inventory; modules/inbound; modules/outbound"
"Q-274","What is the difference between Recent and History?","Inventory Management > Inventory Log","MODIFIED ANSWER; FORMAT UPDATED","Resolved Recent versus History from the actual date-filter logic.","What is the difference between Recent and History?","Recent shows the latest inventory movements.
History should provide older or broader historical records.
The precise retention period is not stated on the page.","Location: Inventory Management > Inventory Log
In Inventory Management > Inventory Log, Type > Recent shows today's movements. Choose History to display Start Date and End Date, select the period, then click Search. This changes the date filter; it does not move or delete records.","","Frontend: src/router/routes.jsx; src/components/layout/Sidebar.jsx; src/i18n.js | Frontend: src/features/inventoryManagement | Backend: modules/inventory; modules/inbound; modules/outbound"
"Q-275","How do I search Inventory Log?","Inventory Management > Inventory Log","MODIFIED ANSWER; FORMAT UPDATED; IMAGE CHECK NEEDED","Added a complete investigation workflow.","How do I search Inventory Log?","Enter the Seller SKU in the “Input seller SKU here” field, select the relevant warehouse if needed, and press Search.
You can see the process through the app screenshots https://printernoble.com/chatbot/uploads/1788407383_WERP_Q-275.png","Location: Inventory Management > Inventory Log
1. Open Inventory Management > Inventory Log.
2. Select the warehouse.
3. Choose Recent for today, or History and the required Start Date and End Date.
4. Enter the SKU in Input seller SKU here and click Search.
5. Read Purpose, Stock In Quantity, Stock Out Quantity, Remaining Quantity, and Operation Time.","","Frontend: src/router/routes.jsx; src/components/layout/Sidebar.jsx; src/i18n.js | Frontend: src/features/inventoryManagement | Backend: modules/inventory; modules/inbound; modules/outbound"
"Q-276","Why should I select a warehouse?","Inventory Management > Inventory Log","REVIEWED - MEANING RETAINED; FORMAT UPDATED","Meaning retained after section review.","Why should I select a warehouse?","The same SKU can exist in multiple warehouses. Selecting a warehouse prevents movements from different locations from being mixed together.","Location: Inventory Management > Inventory Log
The same SKU can exist in multiple warehouses. Selecting a warehouse prevents movements from different locations from being mixed together.","","Frontend: src/router/routes.jsx; src/components/layout/Sidebar.jsx; src/i18n.js | Frontend: src/features/inventoryManagement | Backend: modules/inventory; modules/inbound; modules/outbound"
"Q-277","Which warehouses can I choose in Inventory Log?","Inventory Management > Inventory Log","MODIFIED ANSWER; EDITED QUESTION; FORMAT UPDATED; IMAGE CHECK NEEDED","Removed company-specific warehouse examples.","Which warehouses are currently available in the log filter?","The visible choices included:
CE BEE Logistics
Grozziie
TIMOZIA-MY
Grozziie-Third-party-warehouse
Grozziie-MY
You can see the process through the app screenshots https://printernoble.com/chatbot/uploads/1788407384_WERP_Q-277.png","Location: Inventory Management > Inventory Log
Select Warehouse in Inventory Management > Inventory Log lists warehouses available to your account. A Sub Account may only see its assigned warehouses. If the required warehouse is missing, ask the owner to check your warehouse access in System Configuration > Account Management > Sub Account.","","Frontend: src/router/routes.jsx; src/components/layout/Sidebar.jsx; src/i18n.js | Frontend: src/features/inventoryManagement | Backend: modules/inventory; modules/inbound; modules/outbound"
"Q-278","How can I see how many inventory movements match my search?","Inventory Management > Inventory Log","MODIFIED ANSWER; EDITED QUESTION; FORMAT UPDATED","Removed snapshot count.","How many log records are currently shown?","The page reported 25 records, with records 1–10 displayed on the first page.
This count depends on the active Recent/History and warehouse filters.","Location: Inventory Management > Inventory Log
Read the Showing total below the Inventory Log table. It changes with the selected warehouse, SKU, and date period. Recent shows today; use History with Start Date and End Date to look for older movements.","","Frontend: src/router/routes.jsx; src/components/layout/Sidebar.jsx; src/i18n.js | Frontend: src/features/inventoryManagement | Backend: modules/inventory; modules/inbound; modules/outbound"
"Q-279","Why do several sales deductions occur close together?","Inventory Management > Inventory Log","REVIEWED - MEANING RETAINED; FORMAT UPDATED; IMAGE CHECK NEEDED","Meaning retained after section review.","Why do several sales deductions occur close together?","Possible reasons include:
Several individual orders
Multiple units processed separately
Marketplace synchronization batches
Separate product variations
Repeated fulfillment events
Use order numbers and detailed records, where available, to verify each deduction.
You can see the process through the app screenshots https://printernoble.com/chatbot/uploads/1788407385_WERP_Q-279.png","Location: Inventory Management > Inventory Log
Possible reasons include:
- Several individual orders
- Multiple units processed separately
- Marketplace synchronization batches
- Separate product variations
- Repeated fulfillment events
Use order numbers and detailed records, where available, to verify each deduction.","","Frontend: src/router/routes.jsx; src/components/layout/Sidebar.jsx; src/i18n.js | Frontend: src/features/inventoryManagement | Backend: modules/inventory; modules/inbound; modules/outbound"
"Q-280","How do I investigate a stock discrepancy using Inventory Log?","Inventory Management > Inventory Log","REVIEWED - MEANING RETAINED; FORMAT UPDATED","Meaning retained after section review.","How do I investigate a stock discrepancy using Inventory Log?","Start with the current quantity and work backward through movements:
Search the exact SKU.
Select the correct warehouse.
Review Operation Time.
Check Stock In and Stock Out.
Read the Purpose.
Compare Remaining Quantity between records.
Match deductions to orders or outbound records.
Match additions to inbound records.","Location: Inventory Management > Inventory Log
Start with the current quantity and work backward through movements:
Search the exact SKU.
Select the correct warehouse.
Review Operation Time.
Check Stock In and Stock Out.
Read the Purpose.
Compare Remaining Quantity between records.
Match deductions to orders or outbound records.
Match additions to inbound records.","","Frontend: src/router/routes.jsx; src/components/layout/Sidebar.jsx; src/i18n.js | Frontend: src/features/inventoryManagement | Backend: modules/inventory; modules/inbound; modules/outbound"
"Q-281","Can Inventory Log records be edited?","Inventory Management > Inventory Log","MODIFIED ANSWER; FORMAT UPDATED","Confirmed view-only ledger and named the existing correction surfaces.","Can Inventory Log records be edited?","No visible editing control was present during the review. Inventory logs should generally remain an audit trail.
Corrections should normally be made through an authorized adjustment workflow rather than rewriting history.","Location: Inventory Management > Inventory Log
Inventory Management > Inventory Log has no Edit or Delete control for individual movements. If the recorded stock needs correction, review the cause first, then use an authorized stock receipt, outbound, or Inventory List adjustment. The new movement should explain the correction instead of rewriting the old log.","","Frontend: src/router/routes.jsx; src/components/layout/Sidebar.jsx; src/i18n.js | Frontend: src/features/inventoryManagement | Backend: modules/inventory; modules/inbound; modules/outbound"
"Q-282","What pages are available under Order Management?","Order Management > Order Processing","REVIEWED - MEANING RETAINED; FORMAT UPDATED; IMAGE CHECK NEEDED","Meaning retained after section review.","What pages are available under Order Management?","Order Management contains:
Order Processing
New Order
Processed Order
To Pickup Order
Shipped Order
Completed
All Order
Return Order
Canceled Order
Manual Order
Platform Manual Order
You can see the process through the app screenshots https://printernoble.com/chatbot/uploads/1788407386_WERP_Q-282.png","Location: Order Management > Order Processing
Order Management contains:
- Order Processing
- New Order
- Processed Order
- To Pickup Order
- Shipped Order
- Completed
- All Order
- Return Order
- Canceled Order
- Manual Order
- Platform Manual Order","","Frontend: src/router/routes.jsx; src/components/layout/Sidebar.jsx; src/i18n.js | Frontend: src/features/orderManagement/orderProcessing; src/features/orderManagement/shared | Backend: modules/orders; modules/returnOrders"
"Q-283","What is the purpose of Order Management?","Order Management > Order Processing","REVIEWED - MEANING RETAINED; FORMAT UPDATED","Meaning retained after section review.","What is the purpose of Order Management?","It manages orders from the time they enter the ERP until they are packed, transferred to fulfillment, shipped, delivered, returned, or cancelled.
It also supports manually created orders and return-order management.","Location: Order Management > Order Processing
It manages orders from the time they enter the ERP until they are packed, transferred to fulfillment, shipped, delivered, returned, or cancelled.
It also supports manually created orders and return-order management.","","Frontend: src/router/routes.jsx; src/components/layout/Sidebar.jsx; src/i18n.js | Frontend: src/features/orderManagement/orderProcessing; src/features/orderManagement/shared | Backend: modules/orders; modules/returnOrders"
"Q-284","What is the general order-processing workflow?","Order Management > Order Processing","MODIFIED ANSWER; FORMAT UPDATED; IMAGE CHECK NEEDED","Used exact sidebar names and avoided promising unconditional transitions.","What is the general order-processing workflow?","The visible workflow is approximately:
New Order → Processed Order → To Pickup → Shipped → Completed
Orders may also move into:
Return Order
Canceled Order
Exact transitions can depend on the marketplace and courier.
You can see the process through the app screenshots https://printernoble.com/chatbot/uploads/1788407387_WERP_Q-284.png","Location: Order Management > Order Processing
Use Order Management > Order Processing. The usual progression is New Order, Processed Order, To Pickup Order, Shipped Order, then Completed. Return Order and Canceled Order handle exceptions, while All Order is useful for searching across stages. Marketplace status and successful processing determine where an order appears.","","Frontend: src/router/routes.jsx; src/components/layout/Sidebar.jsx; src/i18n.js | Frontend: src/features/orderManagement/orderProcessing; src/features/orderManagement/shared | Backend: modules/orders; modules/returnOrders"
"Q-285","Does changing an order's status change inventory?","Order Management > Order Processing","MODIFIED ANSWER; FORMAT UPDATED; IMAGE CHECK NEEDED","Prevented generic cancellation wording from contradicting Manual Order behavior.","Does changing an order’s status change inventory?","It can. Packing, processing, shipping, cancellation, and returns may reserve, deduct, release, or restore inventory.
Always verify the related Inventory Log when investigating stock changes.
You can see the process through the app screenshots https://printernoble.com/chatbot/uploads/1788407388_WERP_Q-285.png","Location: Order Management > Order Processing
Some order actions can affect stock, but not every status change has the same effect. In particular, Manual Order creation can deduct stock, and courier cancellation does not automatically restore it. Check the action's confirmation and Inventory Management > Inventory Log for the same SKU and warehouse before assuming stock was deducted, released, or returned.","","Frontend: src/router/routes.jsx; src/components/layout/Sidebar.jsx; src/i18n.js | Frontend: src/features/orderManagement/orderProcessing; src/features/orderManagement/shared | Backend: modules/orders; modules/returnOrders"
"Q-286","Why might an order appear on more than one page?","Order Management > Order Processing","REVIEWED - MEANING RETAINED; FORMAT UPDATED","Meaning retained after section review.","Why might an order appear on more than one page?","An order may have:
A current ERP status
A marketplace status
A courier status
A return or cancellation status
Some pages or counters may group these states differently.","Location: Order Management > Order Processing
An order may have:
- A current ERP status
- A marketplace status
- A courier status
- A return or cancellation status
Some pages or counters may group these states differently.","","Frontend: src/router/routes.jsx; src/components/layout/Sidebar.jsx; src/i18n.js | Frontend: src/features/orderManagement/orderProcessing; src/features/orderManagement/shared | Backend: modules/orders; modules/returnOrders"
"Q-287","What does the platform filter do in Order Processing?","Order Management > Order Processing","REVIEWED - MEANING RETAINED; EDITED QUESTION; FORMAT UPDATED","Added the exact page name to distinguish this repeated question from similar controls on other pages.","What does the platform filter do?","It limits orders to a marketplace, such as Shopee or TikTok.
“All Platforms” combines orders from every connected platform available to the account.","Location: Order Management > Order Processing
It limits orders to a marketplace, such as Shopee or TikTok.
""All Platforms"" combines orders from every connected platform available to the account.","","Frontend: src/router/routes.jsx; src/components/layout/Sidebar.jsx; src/i18n.js | Frontend: src/features/orderManagement/orderProcessing; src/features/orderManagement/shared | Backend: modules/orders; modules/returnOrders"
"Q-288","What does the store filter do?","Order Management > Order Processing","REVIEWED - MEANING RETAINED; FORMAT UPDATED; IMAGE CHECK NEEDED","Meaning retained after section review.","What does the store filter do?","It limits orders to a selected authorized store.
This is useful when multiple stores operate on the same marketplace.
You can see the process through the app screenshots https://printernoble.com/chatbot/uploads/1788407389_WERP_Q-288.png","Location: Order Management > Order Processing
It limits orders to a selected authorized store.
This is useful when multiple stores operate on the same marketplace.","","Frontend: src/router/routes.jsx; src/components/layout/Sidebar.jsx; src/i18n.js | Frontend: src/features/orderManagement/orderProcessing; src/features/orderManagement/shared | Backend: modules/orders; modules/returnOrders"
"Q-289","What is Single Search?","Order Management > Order Processing","REVIEWED - MEANING RETAINED; FORMAT UPDATED","Meaning retained after section review.","What is Single Search?","Single Search searches for one value at a time, such as one SKU, package number, order number, or tracking number.","Location: Order Management > Order Processing
Single Search searches for one value at a time, such as one SKU, package number, order number, or tracking number.","","Frontend: src/router/routes.jsx; src/components/layout/Sidebar.jsx; src/i18n.js | Frontend: src/features/orderManagement/orderProcessing; src/features/orderManagement/shared | Backend: modules/orders; modules/returnOrders"
"Q-290","What is Batch Search?","Order Management > Order Processing","MODIFIED ANSWER; FORMAT UPDATED","Confirmed accepted separators and search scope.","What is Batch Search?","Batch Search is intended for searching multiple values together.
The accepted separator or input format should be checked before using it.","Location: Order Management > Order Processing
Choose Batch Search in the order search controls. Select one search type, such as Order Number, then enter the values separated by spaces, new lines, or commas and click Search. Use values of the same type in one batch, and check platform, store, and date filters if some results are missing.","","Frontend: src/router/routes.jsx; src/components/layout/Sidebar.jsx; src/i18n.js | Frontend: src/features/orderManagement/orderProcessing; src/features/orderManagement/shared | Backend: modules/orders; modules/returnOrders"
"Q-291","Which fields can be used to search regular orders?","Order Management > Order Processing","REVIEWED - MEANING RETAINED; FORMAT UPDATED; IMAGE CHECK NEEDED","Meaning retained after section review.","Which fields can be used to search regular orders?","The search-type selector supports:
SKU
Package Number
Order Number
Tracking Number
You can see the process through the app screenshots https://printernoble.com/chatbot/uploads/1788407390_WERP_Q-291.png","Location: Order Management > Order Processing
The search-type selector supports:
- SKU
- Package Number
- Order Number
- Tracking Number","","Frontend: src/router/routes.jsx; src/components/layout/Sidebar.jsx; src/i18n.js | Frontend: src/features/orderManagement/orderProcessing; src/features/orderManagement/shared | Backend: modules/orders; modules/returnOrders"
"Q-292","Which search field should I use first?","Order Management > Order Processing","REVIEWED - MEANING RETAINED; FORMAT UPDATED; IMAGE CHECK NEEDED","Meaning retained after section review.","Which search field should I use first?","Use the most unique identifier available:
Order Number
Tracking Number
Package Number
Exact SKU
A SKU may return several orders.
You can see the process through the app screenshots https://printernoble.com/chatbot/uploads/1788407391_WERP_Q-292.png","Location: Order Management > Order Processing
Use the most unique identifier available:
- Order Number
- Tracking Number
- Package Number
- Exact SKU
A SKU may return several orders.","","Frontend: src/router/routes.jsx; src/components/layout/Sidebar.jsx; src/i18n.js | Frontend: src/features/orderManagement/orderProcessing; src/features/orderManagement/shared | Backend: modules/orders; modules/returnOrders"
"Q-293","What does the date filter do?","Order Management > Order Processing","REVIEWED - MEANING RETAINED; FORMAT UPDATED; IMAGE CHECK NEEDED","Meaning retained after section review.","What does the date filter do?","It restricts results to a selected time period.
Regular order-processing pages provide a recent-period filter such as Last 7 Days. Return Orders provides a longer period such as Last 1 Month.
You can see the process through the app screenshots https://printernoble.com/chatbot/uploads/1788407421_WERP_Q-293.png","Location: Order Management > Order Processing
It restricts results to a selected time period.
Regular order-processing pages provide a recent-period filter such as Last 7 Days. Return Orders provides a longer period such as Last 1 Month.","","Frontend: src/router/routes.jsx; src/components/layout/Sidebar.jsx; src/i18n.js | Frontend: src/features/orderManagement/orderProcessing; src/features/orderManagement/shared | Backend: modules/orders; modules/returnOrders"
"Q-294","Why can't I find an older order?","Order Management > Order Processing","REVIEWED - MEANING RETAINED; FORMAT UPDATED","Meaning retained after section review.","Why can’t I find an older order?","Possible reasons include:
The date filter is too narrow.
The wrong store is selected.
The wrong platform is selected.
The order is on another status page.
The search type does not match the entered value.
Marketplace synchronization has not completed.","Location: Order Management > Order Processing
Possible reasons include:
The date filter is too narrow.
The wrong store is selected.
The wrong platform is selected.
The order is on another status page.
The search type does not match the entered value.
Marketplace synchronization has not completed.","","Frontend: src/router/routes.jsx; src/components/layout/Sidebar.jsx; src/i18n.js | Frontend: src/features/orderManagement/orderProcessing; src/features/orderManagement/shared | Backend: modules/orders; modules/returnOrders"
"Q-295","What does the Status filter do?","Order Management > Order Processing","REVIEWED - MEANING RETAINED; FORMAT UPDATED","Meaning retained after section review.","What does the Status filter do?","It limits the page to orders matching a selected processing status.
The available options can differ by page.","Location: Order Management > Order Processing
It limits the page to orders matching a selected processing status.
The available options can differ by page.","","Frontend: src/router/routes.jsx; src/components/layout/Sidebar.jsx; src/i18n.js | Frontend: src/features/orderManagement/orderProcessing; src/features/orderManagement/shared | Backend: modules/orders; modules/returnOrders"
"Q-296","What does Select All do in Order Processing?","Order Management > Order Processing","MODIFIED ANSWER; EDITED QUESTION; FORMAT UPDATED","Corrected current-page-only selection scope. Added the exact page name to distinguish this repeated question from similar controls on other pages.","What does Select All do?","It selects the orders displayed on the current page for a batch operation.
It may not select orders on other pagination pages. Confirm the selection scope before performing any action.","Location: Order Management > Order Processing
In the regular Order Processing lists, Select All requests the orders matching the active search and filters across result pages. Check the selected count before Pack, Push, Export, or Print. Clear the selection and tick individual rows to act on only a few orders.","","Frontend: src/router/routes.jsx; src/components/layout/Sidebar.jsx; src/i18n.js | Frontend: src/features/orderManagement/orderProcessing; src/features/orderManagement/shared | Backend: modules/orders; modules/returnOrders"
"Q-297","What do Export and Print do in Order Processing?","Order Management > Order Processing","MODIFIED ANSWER; EDITED QUESTION; FORMAT UPDATED; IMAGE CHECK NEEDED","Clarified list printing versus courier documents. Added the exact page name to distinguish this repeated question from similar controls on other pages.","What do Export and Print do?","Export downloads order information.
Print prepares order information for printing.
Exports and printed documents can contain customer information, so they must be handled securely.
You can see the process through the app screenshots https://printernoble.com/chatbot/uploads/1788407422_WERP_Q-297.png","Location: Order Management > Order Processing
On an Order Management list, select the intended records before using Export or Print. Export provides a file of the selected order information; Print prepares that selection for printing. These list controls are separate from Push or Print AWB Again, which prepare shipment waybills.","","Frontend: src/router/routes.jsx; src/components/layout/Sidebar.jsx; src/i18n.js | Frontend: src/features/orderManagement/orderProcessing; src/features/orderManagement/shared | Backend: modules/orders; modules/returnOrders"
"Q-298","What does the Image column show in Order Processing?","Order Management > Order Processing","REVIEWED - MEANING RETAINED; EDITED QUESTION; FORMAT UPDATED","Added the exact page name to distinguish this repeated question from similar controls on other pages.","What does the Image column show?","It displays the product image associated with the order line or SKU.","Location: Order Management > Order Processing
It displays the product image associated with the order line or SKU.","","Frontend: src/router/routes.jsx; src/components/layout/Sidebar.jsx; src/i18n.js | Frontend: src/features/orderManagement/orderProcessing; src/features/orderManagement/shared | Backend: modules/orders; modules/returnOrders"
"Q-299","What does SKU mean in an order?","Order Management > Order Processing","REVIEWED - MEANING RETAINED; FORMAT UPDATED","Meaning retained after section review.","What does SKU mean in an order?","It identifies the product or variation included in the order.
The platform SKU should be mapped to the correct Merchant SKU for reliable inventory handling.","Location: Order Management > Order Processing
It identifies the product or variation included in the order.
The platform SKU should be mapped to the correct Merchant SKU for reliable inventory handling.","","Frontend: src/router/routes.jsx; src/components/layout/Sidebar.jsx; src/i18n.js | Frontend: src/features/orderManagement/orderProcessing; src/features/orderManagement/shared | Backend: modules/orders; modules/returnOrders"
"Q-300","What is the Order Number?","Order Management > Order Processing","REVIEWED - MEANING RETAINED; FORMAT UPDATED","Meaning retained after section review.","What is the Order Number?","It is the marketplace or ERP identifier assigned to an order.
It is generally one of the best references for locating a specific transaction.","Location: Order Management > Order Processing
It is the marketplace or ERP identifier assigned to an order.
It is generally one of the best references for locating a specific transaction.","","Frontend: src/router/routes.jsx; src/components/layout/Sidebar.jsx; src/i18n.js | Frontend: src/features/orderManagement/orderProcessing; src/features/orderManagement/shared | Backend: modules/orders; modules/returnOrders"
"Q-301","What is the Platform column?","Order Management > Order Processing","REVIEWED - MEANING RETAINED; FORMAT UPDATED","Meaning retained after section review.","What is the Platform column?","It identifies the marketplace from which the order originated.","Location: Order Management > Order Processing
It identifies the marketplace from which the order originated.","","Frontend: src/router/routes.jsx; src/components/layout/Sidebar.jsx; src/i18n.js | Frontend: src/features/orderManagement/orderProcessing; src/features/orderManagement/shared | Backend: modules/orders; modules/returnOrders"
"Q-302","What is the Store column?","Order Management > Order Processing","REVIEWED - MEANING RETAINED; FORMAT UPDATED","Meaning retained after section review.","What is the Store column?","It identifies the authorized marketplace store that received the order.","Location: Order Management > Order Processing
It identifies the authorized marketplace store that received the order.","","Frontend: src/router/routes.jsx; src/components/layout/Sidebar.jsx; src/i18n.js | Frontend: src/features/orderManagement/orderProcessing; src/features/orderManagement/shared | Backend: modules/orders; modules/returnOrders"
"Q-303","What is the Warehouse Package Number?","Order Management > Order Processing","REVIEWED - MEANING RETAINED; FORMAT UPDATED","Meaning retained after section review.","What is the Warehouse Package Number?","It is the ERP or warehouse reference for the package prepared during fulfillment.
It may differ from the marketplace order number and courier tracking number.","Location: Order Management > Order Processing
It is the ERP or warehouse reference for the package prepared during fulfillment.
It may differ from the marketplace order number and courier tracking number.","","Frontend: src/router/routes.jsx; src/components/layout/Sidebar.jsx; src/i18n.js | Frontend: src/features/orderManagement/orderProcessing; src/features/orderManagement/shared | Backend: modules/orders; modules/returnOrders"
"Q-304","What is a Tracking Number?","Order Management > Order Processing","REVIEWED - MEANING RETAINED; FORMAT UPDATED","Meaning retained after section review.","What is a Tracking Number?","It is the courier’s shipment identifier. It is used to follow the parcel after booking or dispatch.","Location: Order Management > Order Processing
It is the courier's shipment identifier. It is used to follow the parcel after booking or dispatch.","","Frontend: src/router/routes.jsx; src/components/layout/Sidebar.jsx; src/i18n.js | Frontend: src/features/orderManagement/orderProcessing; src/features/orderManagement/shared | Backend: modules/orders; modules/returnOrders"
"Q-305","Why might the tracking number be missing?","Order Management > Order Processing","REVIEWED - MEANING RETAINED; FORMAT UPDATED","Meaning retained after section review.","Why might the tracking number be missing?","Possible reasons include:
Courier booking has not occurred.
The order has not reached the required stage.
Booking failed.
The seller arranged delivery separately.
The courier has not returned the number.
Synchronization is delayed.","Location: Order Management > Order Processing
Possible reasons include:
Courier booking has not occurred.
The order has not reached the required stage.
Booking failed.
The seller arranged delivery separately.
The courier has not returned the number.
Synchronization is delayed.","","Frontend: src/router/routes.jsx; src/components/layout/Sidebar.jsx; src/i18n.js | Frontend: src/features/orderManagement/orderProcessing; src/features/orderManagement/shared | Backend: modules/orders; modules/returnOrders"
"Q-306","What is Create Time?","Order Management > Order Processing","REVIEWED - MEANING RETAINED; FORMAT UPDATED","Meaning retained after section review.","What is Create Time?","It indicates when the order or corresponding ERP record was created.
It may differ from payment time, processing time, and shipment time.","Location: Order Management > Order Processing
It indicates when the order or corresponding ERP record was created.
It may differ from payment time, processing time, and shipment time.","","Frontend: src/router/routes.jsx; src/components/layout/Sidebar.jsx; src/i18n.js | Frontend: src/features/orderManagement/orderProcessing; src/features/orderManagement/shared | Backend: modules/orders; modules/returnOrders"
"Q-307","What does Status mean in Order Processing?","Order Management > Order Processing","REVIEWED - MEANING RETAINED; EDITED QUESTION; FORMAT UPDATED","Added the exact page name to distinguish this repeated question from similar controls on other pages.","What does Status mean?","It shows the order’s current ERP processing state.
The marketplace or courier may maintain a separate status.","Location: Order Management > Order Processing
It shows the order's current ERP processing state.
The marketplace or courier may maintain a separate status.","","Frontend: src/router/routes.jsx; src/components/layout/Sidebar.jsx; src/i18n.js | Frontend: src/features/orderManagement/orderProcessing; src/features/orderManagement/shared | Backend: modules/orders; modules/returnOrders"
"Q-308","What does Details show in Order Processing?","Order Management > Order Processing","MODIFIED ANSWER; EDITED QUESTION; FORMAT UPDATED","Added location and a readable sequence. Added the exact page name to distinguish this repeated question from similar controls on other pages.","What does Details do?","Details opens additional information about the selected order.
It may include products, quantities, addresses, shipment information, status history, and other order-level information.","Location: Order Management > Order Processing
Open the order list under Order Management > Order Processing, find the order, and click Details. Review its products, quantities, receiver information, and shipment details. Use the order-specific actions only after checking that this is the correct order.","","Frontend: src/router/routes.jsx; src/components/layout/Sidebar.jsx; src/i18n.js | Frontend: src/features/orderManagement/orderProcessing; src/features/orderManagement/shared | Backend: modules/orders; modules/returnOrders"
"Q-309","Which Actions are available in Order Processing?","Order Management > Order Processing","REVIEWED - MEANING RETAINED; EDITED QUESTION; FORMAT UPDATED; IMAGE CHECK NEEDED","Added the exact page name to distinguish this repeated question from similar controls on other pages.","What does Actions do?","Actions opens the operations available for that order.
Available actions depend on the page, status, platform, courier, and user permissions.
You can see the process through the app screenshots https://printernoble.com/chatbot/uploads/1788407423_WERP_Q-309.png","Location: Order Management > Order Processing
Actions opens the operations available for that order.
Available actions depend on the page, status, platform, courier, and user permissions.","","Frontend: src/router/routes.jsx; src/components/layout/Sidebar.jsx; src/i18n.js | Frontend: src/features/orderManagement/orderProcessing; src/features/orderManagement/shared | Backend: modules/orders; modules/returnOrders"
"Q-310","What is ""Exchange / Add SKU""?","Order Management > Order Processing","MODIFIED ANSWER; FORMAT UPDATED","Explained the two operations distinctly.","What is “Exchange / Add SKU”?","It indicates whether an order’s product selection has been exchanged or supplemented with another SKU during processing.
Any replacement must be verified carefully because it can affect inventory and customer fulfillment.","Location: Order Management > Order Processing
Exchange / Add SKU shows product changes recorded for an order. Exchange identifies a replacement SKU, while Add identifies an extra SKU. Review the original and replacement or added items before packing; these changes can affect the stock used for fulfillment.","","Frontend: src/router/routes.jsx; src/components/layout/Sidebar.jsx; src/i18n.js | Frontend: src/features/orderManagement/orderProcessing; src/features/orderManagement/shared | Backend: modules/orders; modules/returnOrders"
"Q-311","Where do I find new orders?","Order Management > Order Processing > New Order","MODIFIED ANSWER; EDITED QUESTION; FORMAT UPDATED; IMAGE CHECK NEEDED","Matched sidebar, page title, and visible tab names.","What is the New Orders page?","It contains orders that have entered the ERP but have not completed the initial packing stage.
You can see the process through the app screenshots https://printernoble.com/chatbot/uploads/1788407424_WERP_Q-311.png","Location: Order Management > Order Processing > New Order
Go to Order Management > Order Processing > New Order. The page heading is New Orders, and its views include To Pack, Packed Successfully, Pack Failed, Out Of Stock, Exchange/Add, and Platform Processing. Use these views to find orders that need preparation or attention.","","Frontend: src/router/routes.jsx; src/components/layout/Sidebar.jsx; src/i18n.js | Frontend: src/features/orderManagement/orderProcessing; src/features/orderManagement/shared | Backend: modules/orders; modules/returnOrders"
"Q-312","What does To Pack mean?","Order Management > Order Processing > New Order","REVIEWED - MEANING RETAINED; FORMAT UPDATED","Meaning retained after section review.","What does To Pack mean?","It identifies orders waiting to be packed.","Location: Order Management > Order Processing > New Order
It identifies orders waiting to be packed.","","Frontend: src/router/routes.jsx; src/components/layout/Sidebar.jsx; src/i18n.js | Frontend: src/features/orderManagement/orderProcessing; src/features/orderManagement/shared | Backend: modules/orders; modules/returnOrders"
"Q-313","What does Pack do?","Order Management > Order Processing > New Order","MODIFIED ANSWER; FORMAT UPDATED; IMAGE CHECK NEEDED","Explained the actual platform operation and result checks.","What does Pack do?","Pack begins or confirms the packing process for selected orders.
It can change the order’s status and may reserve or deduct inventory.
You can see the process through the app screenshots https://printernoble.com/chatbot/uploads/1788407425_WERP_Q-313.png","Location: Order Management > Order Processing > New Order
Go to Order Management > Order Processing > New Order > To Pack. Select the correct orders and choose Pack when available. Complete the platform-specific packing or collection choices, then read the success and failure results. Pack can change marketplace fulfillment status and stock handling, so verify the products and quantities first.","","Frontend: src/router/routes.jsx; src/components/layout/Sidebar.jsx; src/i18n.js | Frontend: src/features/orderManagement/orderProcessing; src/features/orderManagement/shared | Backend: modules/orders; modules/returnOrders"
"Q-314","What should I verify before packing an order?","Order Management > Order Processing > New Order","REVIEWED - MEANING RETAINED; FORMAT UPDATED","Meaning retained after section review.","What should I verify before packing an order?","Confirm:
Correct order
Correct SKU and variation
Required quantity
Correct warehouse
Available inventory
Customer shipping details
Any exchange or added SKU","Location: Order Management > Order Processing > New Order
Confirm:
- Correct order
- Correct SKU and variation
- Required quantity
- Correct warehouse
- Available inventory
- Customer shipping details
- Any exchange or added SKU","","Frontend: src/router/routes.jsx; src/components/layout/Sidebar.jsx; src/i18n.js | Frontend: src/features/orderManagement/orderProcessing; src/features/orderManagement/shared | Backend: modules/orders; modules/returnOrders"
"Q-315","What does Packed Successfully mean?","Order Management > Order Processing > New Order","REVIEWED - MEANING RETAINED; FORMAT UPDATED","Meaning retained after section review.","What does Packed Successfully mean?","It indicates that the ERP completed the packing operation without a reported error.","Location: Order Management > Order Processing > New Order
It indicates that the ERP completed the packing operation without a reported error.","","Frontend: src/router/routes.jsx; src/components/layout/Sidebar.jsx; src/i18n.js | Frontend: src/features/orderManagement/orderProcessing; src/features/orderManagement/shared | Backend: modules/orders; modules/returnOrders"
"Q-316","What does Pack Failed mean?","Order Management > Order Processing > New Order","REVIEWED - MEANING RETAINED; FORMAT UPDATED","Meaning retained after section review.","What does Pack Failed mean?","It indicates that packing did not complete successfully.
Possible causes include unavailable stock, missing mapping, invalid order data, warehouse problems, or a system error.","Location: Order Management > Order Processing > New Order
It indicates that packing did not complete successfully.
Possible causes include unavailable stock, missing mapping, invalid order data, warehouse problems, or a system error.","","Frontend: src/router/routes.jsx; src/components/layout/Sidebar.jsx; src/i18n.js | Frontend: src/features/orderManagement/orderProcessing; src/features/orderManagement/shared | Backend: modules/orders; modules/returnOrders"
"Q-317","What does Out of Stock mean on New Orders?","Order Management > Order Processing > New Order","REVIEWED - MEANING RETAINED; FORMAT UPDATED","Meaning retained after section review.","What does Out of Stock mean on New Orders?","It identifies orders that cannot currently be fulfilled because the required stock is unavailable.
Check SKU Mapping, Inventory List, Lock Quantity, and the selected warehouse.","Location: Order Management > Order Processing > New Order
It identifies orders that cannot currently be fulfilled because the required stock is unavailable.
Check SKU Mapping, Inventory List, Lock Quantity, and the selected warehouse.","","Frontend: src/router/routes.jsx; src/components/layout/Sidebar.jsx; src/i18n.js | Frontend: src/features/orderManagement/orderProcessing; src/features/orderManagement/shared | Backend: modules/orders; modules/returnOrders"
"Q-318","What does Exchange/Add mean?","Order Management > Order Processing > New Order","REVIEWED - MEANING RETAINED; FORMAT UPDATED","Meaning retained after section review.","What does Exchange/Add mean?","It identifies orders where a product SKU may need to be replaced or supplemented.
Any substitute should match the intended product and be authorized before processing.","Location: Order Management > Order Processing > New Order
It identifies orders where a product SKU may need to be replaced or supplemented.
Any substitute should match the intended product and be authorized before processing.","","Frontend: src/router/routes.jsx; src/components/layout/Sidebar.jsx; src/i18n.js | Frontend: src/features/orderManagement/orderProcessing; src/features/orderManagement/shared | Backend: modules/orders; modules/returnOrders"
"Q-319","What does Platform Processing mean?","Order Management > Order Processing > New Order","REVIEWED - MEANING RETAINED; FORMAT UPDATED","Meaning retained after section review.","What does Platform Processing mean?","It indicates that the marketplace is still processing the order or that the ERP is waiting for a platform-side result.","Location: Order Management > Order Processing > New Order
It indicates that the marketplace is still processing the order or that the ERP is waiting for a platform-side result.","","Frontend: src/router/routes.jsx; src/components/layout/Sidebar.jsx; src/i18n.js | Frontend: src/features/orderManagement/orderProcessing; src/features/orderManagement/shared | Backend: modules/orders; modules/returnOrders"
"Q-320","Why is the Pack button unavailable?","Order Management > Order Processing > New Order","REVIEWED - MEANING RETAINED; FORMAT UPDATED","Meaning retained after section review.","Why is the Pack button unavailable?","Possible reasons include:
No order is selected.
The order is not eligible for packing.
Inventory is unavailable.
Required mapping is missing.
The marketplace is still processing it.
The user lacks permission.","Location: Order Management > Order Processing > New Order
Possible reasons include:
No order is selected.
The order is not eligible for packing.
Inventory is unavailable.
Required mapping is missing.
The marketplace is still processing it.
The user lacks permission.","","Frontend: src/router/routes.jsx; src/components/layout/Sidebar.jsx; src/i18n.js | Frontend: src/features/orderManagement/orderProcessing; src/features/orderManagement/shared | Backend: modules/orders; modules/returnOrders"
"Q-321","Where do I find processed orders?","Order Management > Order Processing > Processed Order","MODIFIED ANSWER; EDITED QUESTION; FORMAT UPDATED","Added exact navigation and conditional actions.","What is the Processed Orders page?","It contains orders that have passed the initial packing or processing stage and are ready for the next fulfillment operation.","Location: Order Management > Order Processing > Processed Order
Open Order Management > Order Processing > Processed Order. The page heading is Processed Orders. Use Pushing, Pushed Successful, and Withdraw to find the orders you need. The available action can be Push, Print AWB Again, or Pack, depending on the platform and current view.","","Frontend: src/router/routes.jsx; src/components/layout/Sidebar.jsx; src/i18n.js | Frontend: src/features/orderManagement/orderProcessing; src/features/orderManagement/shared | Backend: modules/orders; modules/returnOrders"
"Q-322","What does Push do?","Order Management > Order Processing > Processed Order","MODIFIED ANSWER; FORMAT UPDATED; IMAGE CHECK NEEDED","Corrected the vague claim that Push sends to any configured warehouse or logistics stage.","What does Push do?","Push sends selected processed orders to the next connected fulfillment, warehouse, marketplace, or logistics stage.
The exact destination depends on the ERP configuration.
You can see the process through the app screenshots https://printernoble.com/chatbot/uploads/1788407426_WERP_Q-322.png","Location: Order Management > Order Processing > Processed Order
On Order Management > Order Processing > Processed Order, Push requests the marketplace shipment document or waybill for the selected eligible orders. When the AWB preview is ready, use the print controls. A successful Push does not mean a courier has physically collected the parcels.","","Frontend: src/router/routes.jsx; src/components/layout/Sidebar.jsx; src/i18n.js | Frontend: src/features/orderManagement/orderProcessing; src/features/orderManagement/shared | Backend: modules/orders; modules/returnOrders"
"Q-323","What should I check before using Push?","Order Management > Order Processing > Processed Order","REVIEWED - MEANING RETAINED; FORMAT UPDATED","Meaning retained after section review.","What should I check before using Push?","Verify:
Selected orders
Warehouse package
SKU and quantity
Shipping details
Tracking or courier information
Current platform status","Location: Order Management > Order Processing > Processed Order
Verify:
- Selected orders
- Warehouse package
- SKU and quantity
- Shipping details
- Tracking or courier information
- Current platform status","","Frontend: src/router/routes.jsx; src/components/layout/Sidebar.jsx; src/i18n.js | Frontend: src/features/orderManagement/orderProcessing; src/features/orderManagement/shared | Backend: modules/orders; modules/returnOrders"
"Q-324","What does Pushing mean?","Order Management > Order Processing > Processed Order","REVIEWED - MEANING RETAINED; FORMAT UPDATED","Meaning retained after section review.","What does Pushing mean?","It indicates that the ERP has started the push request but has not yet received a final result.
Avoid repeating the operation until the existing request finishes or fails.","Location: Order Management > Order Processing > Processed Order
It indicates that the ERP has started the push request but has not yet received a final result.
Avoid repeating the operation until the existing request finishes or fails.","","Frontend: src/router/routes.jsx; src/components/layout/Sidebar.jsx; src/i18n.js | Frontend: src/features/orderManagement/orderProcessing; src/features/orderManagement/shared | Backend: modules/orders; modules/returnOrders"
"Q-325","What does Pushed Successful mean?","Order Management > Order Processing > Processed Order","MODIFIED ANSWER; FORMAT UPDATED","Clarified the actual tracked state.","What does Pushed Successful mean?","It indicates that the selected order was successfully sent to the next configured system or stage.","Location: Order Management > Order Processing > Processed Order
Pushed Successful identifies orders for which the ERP recorded successful waybill preparation. Open that view on Order Management > Order Processing > Processed Order and use Print AWB Again when available. It confirms document processing, not delivery to the customer.","","Frontend: src/router/routes.jsx; src/components/layout/Sidebar.jsx; src/i18n.js | Frontend: src/features/orderManagement/orderProcessing; src/features/orderManagement/shared | Backend: modules/orders; modules/returnOrders"
"Q-326","What does Withdraw mean?","Order Management > Order Processing > Processed Order","MODIFIED ANSWER; FORMAT UPDATED","Resolved withdraw behavior and removed a false courier-recall implication.","What does Withdraw mean?","Withdraw likely removes or recalls an order from a previously pushed state.
Because it can affect fulfillment, confirm the exact consequences before using it.","Location: Order Management > Order Processing > Processed Order
Withdraw moves the order into the ERP's Withdraw work list and clears its saved order-specific SKU adjustments. It does not cancel the marketplace order or recall a parcel from the courier. Open Order Management > Order Processing > Processed Order > Withdraw to review it and use Pack when ready to resume.","","Frontend: src/router/routes.jsx; src/components/layout/Sidebar.jsx; src/i18n.js | Frontend: src/features/orderManagement/orderProcessing; src/features/orderManagement/shared | Backend: modules/orders; modules/returnOrders"
"Q-327","Why might Push fail or remain pending?","Order Management > Order Processing > Processed Order","MODIFIED ANSWER; FORMAT UPDATED","Removed technical jargon and gave a safe retry sequence.","Why might Push fail or remain pending?","Possible causes include:
Missing order information
Invalid SKU mapping
Warehouse configuration problem
Courier or marketplace API delay
Expired store authorization
Network or service interruption
Duplicate processing request","Location: Order Management > Order Processing > Processed Order
Read the failure message and check the order details, SKU mapping, warehouse, store authorization, and current order stage. A marketplace or connection problem can also delay the shipping-document request. Check whether a waybill or successful result already exists before retrying, so you do not repeat a completed action.","","Frontend: src/router/routes.jsx; src/components/layout/Sidebar.jsx; src/i18n.js | Frontend: src/features/orderManagement/orderProcessing; src/features/orderManagement/shared | Backend: modules/orders; modules/returnOrders"
"Q-328","Where is the To Pickup Order page?","Order Management > Order Processing > To Pickup Order","MODIFIED ANSWER; EDITED QUESTION; FORMAT UPDATED","Matched sidebar and page title.","What is the To Pickup page?","It contains parcels prepared for courier collection or another handoff step.","Location: Order Management > Order Processing > To Pickup Order
Open Order Management > Order Processing > To Pickup Order. The page heading is Pickup Orders. It contains orders awaiting the courier handoff stage. Check the order and tracking details before changing its status.","","Frontend: src/router/routes.jsx; src/components/layout/Sidebar.jsx; src/i18n.js | Frontend: src/features/orderManagement/orderProcessing; src/features/orderManagement/shared | Backend: modules/orders; modules/returnOrders"
"Q-329","What should happen before an order reaches To Pickup?","Order Management > Order Processing > To Pickup Order","REVIEWED - MEANING RETAINED; FORMAT UPDATED","Meaning retained after section review.","What should happen before an order reaches To Pickup?","The order should normally be processed, packed, and prepared for courier handoff.","Location: Order Management > Order Processing > To Pickup Order
The order should normally be processed, packed, and prepared for courier handoff.","","Frontend: src/router/routes.jsx; src/components/layout/Sidebar.jsx; src/i18n.js | Frontend: src/features/orderManagement/orderProcessing; src/features/orderManagement/shared | Backend: modules/orders; modules/returnOrders"
"Q-330","What does Move to Shipped do?","Order Management > Order Processing > To Pickup Order","MODIFIED ANSWER; FORMAT UPDATED; IMAGE CHECK NEEDED","Added path, selection, and operational distinction.","What does Move to Shipped do?","It manually advances selected orders from the pickup stage to the shipped stage.
Only use it after confirming that the parcel has actually been handed over or dispatched.
You can see the process through the app screenshots https://printernoble.com/chatbot/uploads/1788407427_WERP_Q-330.png","Location: Order Management > Order Processing > To Pickup Order
Go to Order Management > Order Processing > To Pickup Order. Select the parcels that have actually been handed over and choose Move to Shipped. Check the result afterward. This records the status change; it does not arrange a courier pickup by itself.","","Frontend: src/router/routes.jsx; src/components/layout/Sidebar.jsx; src/i18n.js | Frontend: src/features/orderManagement/orderProcessing; src/features/orderManagement/shared | Backend: modules/orders; modules/returnOrders"
"Q-331","Why might an order remain in To Pickup?","Order Management > Order Processing > To Pickup Order","REVIEWED - MEANING RETAINED; FORMAT UPDATED","Meaning retained after section review.","Why might an order remain in To Pickup?","Possible reasons include:
Courier has not collected the parcel.
Pickup is scheduled for later.
Tracking has not updated.
Manual status confirmation is required.
Courier synchronization is delayed.
Shipment booking has a problem.","Location: Order Management > Order Processing > To Pickup Order
Possible reasons include:
Courier has not collected the parcel.
Pickup is scheduled for later.
Tracking has not updated.
Manual status confirmation is required.
Courier synchronization is delayed.
Shipment booking has a problem.","","Frontend: src/router/routes.jsx; src/components/layout/Sidebar.jsx; src/i18n.js | Frontend: src/features/orderManagement/orderProcessing; src/features/orderManagement/shared | Backend: modules/orders; modules/returnOrders"
"Q-332","Can I mark an order shipped before courier pickup?","Order Management > Order Processing > To Pickup Order","REVIEWED - MEANING RETAINED; FORMAT UPDATED; IMAGE CHECK NEEDED","Meaning retained after section review.","Can I mark an order shipped before courier pickup?","The interface may permit manual movement, but doing so would make the ERP status inaccurate.
Only move an order after verifying the real shipment state.
You can see the process through the app screenshots https://printernoble.com/chatbot/uploads/1788407428_WERP_Q-332.png","Location: Order Management > Order Processing > To Pickup Order
The interface may permit manual movement, but doing so would make the ERP status inaccurate.
Only move an order after verifying the real shipment state.","","Frontend: src/router/routes.jsx; src/components/layout/Sidebar.jsx; src/i18n.js | Frontend: src/features/orderManagement/orderProcessing; src/features/orderManagement/shared | Backend: modules/orders; modules/returnOrders"
"Q-333","Where can I see shipped orders?","Order Management > Order Processing > Shipped Order","MODIFIED ANSWER; EDITED QUESTION; FORMAT UPDATED; IMAGE CHECK NEEDED","Matched menu names and provided useful navigation.","What is the Shipped Orders page?","It contains orders dispatched from the warehouse and moving through the delivery network.
You can see the process through the app screenshots https://printernoble.com/chatbot/uploads/1788407429_WERP_Q-333.png","Location: Order Management > Order Processing > Shipped Order
Open Order Management > Order Processing > Shipped Order. The page heading is Shipped Orders. Use the platform, store, date, and search filters to find dispatched orders and review their tracking details. Shipped does not mean delivered.","","Frontend: src/router/routes.jsx; src/components/layout/Sidebar.jsx; src/i18n.js | Frontend: src/features/orderManagement/orderProcessing; src/features/orderManagement/shared | Backend: modules/orders; modules/returnOrders"
"Q-334","Does Shipped mean the customer received the order?","Order Management > Order Processing > Shipped Order","REVIEWED - MEANING RETAINED; FORMAT UPDATED","Meaning retained after section review.","Does Shipped mean the customer received the order?","No. Shipped means the parcel has been dispatched. Delivery is represented by a later completed or delivered status.","Location: Order Management > Order Processing > Shipped Order
No. Shipped means the parcel has been dispatched. Delivery is represented by a later completed or delivered status.","","Frontend: src/router/routes.jsx; src/components/layout/Sidebar.jsx; src/i18n.js | Frontend: src/features/orderManagement/orderProcessing; src/features/orderManagement/shared | Backend: modules/orders; modules/returnOrders"
"Q-335","Why might a shipped order not move to Completed?","Order Management > Order Processing > Shipped Order","REVIEWED - MEANING RETAINED; FORMAT UPDATED","Meaning retained after section review.","Why might a shipped order not move to Completed?","Possible reasons include:
Courier has not delivered it.
Courier status has not synchronized.
Delivery is delayed.
The parcel is on hold.
Delivery failed.
The order is being returned.
Manual confirmation is required.","Location: Order Management > Order Processing > Shipped Order
Possible reasons include:
Courier has not delivered it.
Courier status has not synchronized.
Delivery is delayed.
The parcel is on hold.
Delivery failed.
The order is being returned.
Manual confirmation is required.","","Frontend: src/router/routes.jsx; src/components/layout/Sidebar.jsx; src/i18n.js | Frontend: src/features/orderManagement/orderProcessing; src/features/orderManagement/shared | Backend: modules/orders; modules/returnOrders"
"Q-336","Where should I check shipment progress?","Order Management > Order Processing > Shipped Order","REVIEWED - MEANING RETAINED; FORMAT UPDATED","Meaning retained after section review.","Where should I check shipment progress?","Use the tracking number with the connected courier or review the order’s Details and status information.","Location: Order Management > Order Processing > Shipped Order
Use the tracking number with the connected courier or review the order's Details and status information.","","Frontend: src/router/routes.jsx; src/components/layout/Sidebar.jsx; src/i18n.js | Frontend: src/features/orderManagement/orderProcessing; src/features/orderManagement/shared | Backend: modules/orders; modules/returnOrders"
"Q-337","Can shipped orders still be cancelled?","Order Management > Order Processing > Shipped Order","REVIEWED - MEANING RETAINED; FORMAT UPDATED","Meaning retained after section review.","Can shipped orders still be cancelled?","Cancellation after shipment may not be possible through the normal cancellation workflow. It may require courier interception, return handling, or marketplace support.","Location: Order Management > Order Processing > Shipped Order
Cancellation after shipment may not be possible through the normal cancellation workflow. It may require courier interception, return handling, or marketplace support.","","Frontend: src/router/routes.jsx; src/components/layout/Sidebar.jsx; src/i18n.js | Frontend: src/features/orderManagement/orderProcessing; src/features/orderManagement/shared | Backend: modules/orders; modules/returnOrders"
"Q-338","Where can I see completed orders?","Order Management > Order Processing > Completed","MODIFIED ANSWER; EDITED QUESTION; FORMAT UPDATED","Used exact navigation and qualified platform completion.","What is the Completed Orders page?","It contains orders whose normal fulfillment lifecycle has finished.
Depending on the platform, completion may mean delivered, buyer-confirmed, or finalized after a settlement period.","Location: Order Management > Order Processing > Completed
Open Order Management > Order Processing > Completed. The page heading is Completed Orders. It shows orders that the connected platform places in the completed stage. Delivery completion and payment settlement are separate, so use the marketplace payment records to check settlement.","","Frontend: src/router/routes.jsx; src/components/layout/Sidebar.jsx; src/i18n.js | Frontend: src/features/orderManagement/orderProcessing; src/features/orderManagement/shared | Backend: modules/orders; modules/returnOrders"
"Q-339","Does Completed always mean payment was settled?","Order Management > Order Processing > Completed","REVIEWED - MEANING RETAINED; FORMAT UPDATED","Meaning retained after section review.","Does Completed always mean payment was settled?","Not necessarily. Delivery completion and financial settlement can be separate marketplace events.","Location: Order Management > Order Processing > Completed
Not necessarily. Delivery completion and financial settlement can be separate marketplace events.","","Frontend: src/router/routes.jsx; src/components/layout/Sidebar.jsx; src/i18n.js | Frontend: src/features/orderManagement/orderProcessing; src/features/orderManagement/shared | Backend: modules/orders; modules/returnOrders"
"Q-340","Can a completed order still be returned?","Order Management > Order Processing > Completed","REVIEWED - MEANING RETAINED; FORMAT UPDATED; IMAGE CHECK NEEDED","Meaning retained after section review.","Can a completed order still be returned?","Yes. Marketplaces can permit returns or refunds after delivery, subject to their policies.
A later return record may therefore exist for a completed order.
You can see the process through the app screenshots https://printernoble.com/chatbot/uploads/1788407430_WERP_Q-340.png","Location: Order Management > Order Processing > Completed
Yes. Marketplaces can permit returns or refunds after delivery, subject to their policies.
A later return record may therefore exist for a completed order.","","Frontend: src/router/routes.jsx; src/components/layout/Sidebar.jsx; src/i18n.js | Frontend: src/features/orderManagement/orderProcessing; src/features/orderManagement/shared | Backend: modules/orders; modules/returnOrders"
"Q-341","Should completed orders be edited?","Order Management > Order Processing > Completed","REVIEWED - MEANING RETAINED; FORMAT UPDATED","Meaning retained after section review.","Should completed orders be edited?","Completed records should generally be treated as historical records.
Any adjustment should follow an authorized return, refund, or correction process.","Location: Order Management > Order Processing > Completed
Completed records should generally be treated as historical records.
Any adjustment should follow an authorized return, refund, or correction process.","","Frontend: src/router/routes.jsx; src/components/layout/Sidebar.jsx; src/i18n.js | Frontend: src/features/orderManagement/orderProcessing; src/features/orderManagement/shared | Backend: modules/orders; modules/returnOrders"
"Q-342","What is the All Order page?","Order Management > Order Processing > All Order","MODIFIED ANSWER; EDITED QUESTION; FORMAT UPDATED","Used the exact sidebar name and clarified manual-order separation.","What is the All Orders page?","It provides a combined view of orders across multiple processing statuses.","Location: Order Management > Order Processing > All Order
Open Order Management > Order Processing > All Order. The page heading is All Orders. Use this view when you know an order number but are unsure of its status. It is separate from Manual Order and Platform Manual Order.","","Frontend: src/router/routes.jsx; src/components/layout/Sidebar.jsx; src/i18n.js | Frontend: src/features/orderManagement/orderProcessing; src/features/orderManagement/shared | Backend: modules/orders; modules/returnOrders"
"Q-343","When should I use All Orders?","Order Management > Order Processing > All Order","REVIEWED - MEANING RETAINED; FORMAT UPDATED","Meaning retained after section review.","When should I use All Orders?","Use it when:
You know the order number but not its status.
An order is missing from the expected page.
You want a broader operational search.
You need to compare orders across stages.","Location: Order Management > Order Processing > All Order
Use it when:
You know the order number but not its status.
An order is missing from the expected page.
You want a broader operational search.
You need to compare orders across stages.","","Frontend: src/router/routes.jsx; src/components/layout/Sidebar.jsx; src/i18n.js | Frontend: src/features/orderManagement/orderProcessing; src/features/orderManagement/shared | Backend: modules/orders; modules/returnOrders"
"Q-344","Why might an order still not appear in All Orders?","Order Management > Order Processing > All Order","REVIEWED - MEANING RETAINED; FORMAT UPDATED","Meaning retained after section review.","Why might an order still not appear in All Orders?","Possible reasons include:
Incorrect platform or store
Date filter
Incorrect search type
Synchronization delay
Expired store authorization
Order belongs to Manual Order or Platform Manual Order
The order was not imported successfully","Location: Order Management > Order Processing > All Order
Possible reasons include:
- Incorrect platform or store
- Date filter
- Incorrect search type
- Synchronization delay
- Expired store authorization
- Order belongs to Manual Order or Platform Manual Order
- The order was not imported successfully","","Frontend: src/router/routes.jsx; src/components/layout/Sidebar.jsx; src/i18n.js | Frontend: src/features/orderManagement/orderProcessing; src/features/orderManagement/shared | Backend: modules/orders; modules/returnOrders"
"Q-345","What is the Return Orders page?","Order Management > Order Processing > Return Order","REVIEWED - MEANING RETAINED; FORMAT UPDATED; IMAGE CHECK NEEDED","Meaning retained after section review.","What is the Return Orders page?","It manages orders being returned, refunded, rejected, or otherwise moving through a reverse-logistics workflow.
You can see the process through the app screenshots https://printernoble.com/chatbot/uploads/1788407431_WERP_Q-345.png","Location: Order Management > Order Processing > Return Order
It manages orders being returned, refunded, rejected, or otherwise moving through a reverse-logistics workflow.","","Frontend: src/router/routes.jsx; src/components/layout/Sidebar.jsx; src/i18n.js | Frontend: src/features/orderManagement/orderProcessing; src/features/orderManagement/shared | Backend: modules/orders; modules/returnOrders"
"Q-346","What filters are available for returns?","Order Management > Order Processing > Return Order","REVIEWED - MEANING RETAINED; FORMAT UPDATED","Meaning retained after section review.","What filters are available for returns?","The page provides:
Platform
Store
Single Search
Date period
Search type
Search types include:
SKU
Order Number
Tracking Number
Return ID
Return Status
Platform Status","Location: Order Management > Order Processing > Return Order
The page provides:
- Platform
- Store
- Single Search
- Date period
- Search type
Search types include:
- SKU
- Order Number
- Tracking Number
- Return ID
- Return Status
- Platform Status","","Frontend: src/router/routes.jsx; src/components/layout/Sidebar.jsx; src/i18n.js | Frontend: src/features/orderManagement/orderProcessing; src/features/orderManagement/shared | Backend: modules/orders; modules/returnOrders"
"Q-347","What is a Return ID?","Order Management > Order Processing > Return Order","REVIEWED - MEANING RETAINED; FORMAT UPDATED","Meaning retained after section review.","What is a Return ID?","It is the unique reference assigned to the return case.
It may differ from the original order number and tracking number.","Location: Order Management > Order Processing > Return Order
It is the unique reference assigned to the return case.
It may differ from the original order number and tracking number.","","Frontend: src/router/routes.jsx; src/components/layout/Sidebar.jsx; src/i18n.js | Frontend: src/features/orderManagement/orderProcessing; src/features/orderManagement/shared | Backend: modules/orders; modules/returnOrders"
"Q-348","What is Return Status?","Order Management > Order Processing > Return Order","MODIFIED ANSWER; FORMAT UPDATED; IMAGE CHECK NEEDED","Expanded a too-short definition with the important inventory consequence.","What is Return Status?","It represents the ERP’s current stage for the return.
You can see the process through the app screenshots https://printernoble.com/chatbot/uploads/1788407432_WERP_Q-348.png","Location: Order Management > Order Processing > Return Order
In Return Order, Return Status records the handling stage, such as Need To Check, Defect Found, Pending Inspection, or Resalable Item. Use a status that matches the actual inspection result. Resalable Item can return the goods to stock, so check the warehouse, products, and quantities before saving it.","","Frontend: src/router/routes.jsx; src/components/layout/Sidebar.jsx; src/i18n.js | Frontend: src/features/orderManagement/orderProcessing; src/features/orderManagement/shared | Backend: modules/orders; modules/returnOrders"
"Q-349","What is Platform Status?","Order Management > Order Processing > Return Order","REVIEWED - MEANING RETAINED; FORMAT UPDATED","Meaning retained after section review.","What is Platform Status?","It represents the marketplace’s reported status for the return.
The ERP and platform statuses may temporarily differ because of synchronization delays or different status definitions.","Location: Order Management > Order Processing > Return Order
It represents the marketplace's reported status for the return.
The ERP and platform statuses may temporarily differ because of synchronization delays or different status definitions.","","Frontend: src/router/routes.jsx; src/components/layout/Sidebar.jsx; src/i18n.js | Frontend: src/features/orderManagement/orderProcessing; src/features/orderManagement/shared | Backend: modules/orders; modules/returnOrders"
"Q-350","What does Sync Return Orders do?","Order Management > Order Processing > Return Order","MODIFIED ANSWER; FORMAT UPDATED","Documented confirmation fields and effect.","What does Sync Return Orders do?","It requests updated return information from connected marketplaces.
This can update local return records and should only be used when synchronization is intended.","Location: Order Management > Order Processing > Return Order
Go to Order Management > Order Processing > Return Order and click Sync Return Orders. Review the date range, Choose Platform, and Choose Store, then click Start Sync. The operation imports new matching returns and updates existing return information. It does not by itself confirm that physical goods have been received.","","Frontend: src/router/routes.jsx; src/components/layout/Sidebar.jsx; src/i18n.js | Frontend: src/features/orderManagement/orderProcessing; src/features/orderManagement/shared | Backend: modules/orders; modules/returnOrders"
"Q-351","What does Add Manual Return Order do?","Order Management > Order Processing > Return Order","MODIFIED ANSWER; FORMAT UPDATED","Replaced an outline with the actual form sequence.","What does Add Manual Return Order do?","It begins the creation of a return record that was not imported automatically.
Before submitting it, verify the original order, returned SKU, quantity, reason, warehouse, and inventory treatment.","Location: Order Management > Order Processing > Return Order
1. Go to Order Management > Order Processing > Return Order.
2. Click Add Manual Return Order.
3. Select the platform, store, warehouse, and original order; use the order lookup when available.
4. Complete Return ID, refund currency, reason, notes, and the requested return details.
5. Select the returned Merchant SKUs and actual quantities.
6. Review the confirmation and click Save Manual Return Order. Search the original order first to avoid a duplicate return.","","Frontend: src/router/routes.jsx; src/components/layout/Sidebar.jsx; src/i18n.js | Frontend: src/features/orderManagement/orderProcessing; src/features/orderManagement/shared | Backend: modules/orders; modules/returnOrders"
"Q-352","When should a manual return be created?","Order Management > Order Processing > Return Order","REVIEWED - MEANING RETAINED; FORMAT UPDATED","Meaning retained after section review.","When should a manual return be created?","Possible cases include:
Return happened outside the connected platform.
Marketplace return failed to synchronize.
A manually created order was returned.
An offline or courier-managed return needs recording.
Avoid creating a duplicate return if a platform record already exists.","Location: Order Management > Order Processing > Return Order
Possible cases include:
Return happened outside the connected platform.
Marketplace return failed to synchronize.
A manually created order was returned.
An offline or courier-managed return needs recording.
Avoid creating a duplicate return if a platform record already exists.","","Frontend: src/router/routes.jsx; src/components/layout/Sidebar.jsx; src/i18n.js | Frontend: src/features/orderManagement/orderProcessing; src/features/orderManagement/shared | Backend: modules/orders; modules/returnOrders"
"Q-353","Does a return automatically restore inventory?","Order Management > Order Processing > Return Order","MODIFIED ANSWER; FORMAT UPDATED","Documented the real status-driven inventory effect.","Does a return automatically restore inventory?","Not always. Returned inventory may need inspection before it is considered sellable.
Possible conditions include:
Sellable
Damaged
Incomplete
Wrong item
Awaiting inspection","Location: Order Management > Order Processing > Return Order
A return is added back to sellable stock when you choose Resalable Item, select the receiving warehouse, and confirm the stock update. Inspect the goods first. Need To Check, Defect Found, and Pending Inspection should not be treated as sellable stock. Changing a return away from Resalable Item can reverse its earlier stock increase.","","Frontend: src/router/routes.jsx; src/components/layout/Sidebar.jsx; src/i18n.js | Frontend: src/features/orderManagement/orderProcessing; src/features/orderManagement/shared | Backend: modules/orders; modules/returnOrders"
"Q-354","What should I verify before increasing stock from a return?","Order Management > Order Processing > Return Order","REVIEWED - MEANING RETAINED; FORMAT UPDATED","Meaning retained after section review.","What should I verify before increasing stock from a return?","Confirm:
Correct returned SKU
Returned quantity
Receiving warehouse
Physical receipt
Item condition
Existing return record
Whether inventory was already restored","Location: Order Management > Order Processing > Return Order
Confirm:
- Correct returned SKU
- Returned quantity
- Receiving warehouse
- Physical receipt
- Item condition
- Existing return record
- Whether inventory was already restored","","Frontend: src/router/routes.jsx; src/components/layout/Sidebar.jsx; src/i18n.js | Frontend: src/features/orderManagement/orderProcessing; src/features/orderManagement/shared | Backend: modules/orders; modules/returnOrders"
"Q-355","Where can I see canceled orders and cancellation requests?","Order Management > Order Processing > Canceled Order","MODIFIED ANSWER; EDITED QUESTION; FORMAT UPDATED; IMAGE CHECK NEEDED","Matched exact sidebar and tab spellings.","What is the Cancelled Orders page?","It contains cancellation requests and orders that have been cancelled.
You can see the process through the app screenshots https://printernoble.com/chatbot/uploads/1788407433_WERP_Q-355.png","Location: Order Management > Order Processing > Canceled Order
Go to Order Management > Order Processing > Canceled Order. The page heading is Cancelled Orders. Use All, Cancelation Request, and Cancelled to review the marketplace cancellation state. A request is not the same as a completed cancellation.","","Frontend: src/router/routes.jsx; src/components/layout/Sidebar.jsx; src/i18n.js | Frontend: src/features/orderManagement/orderProcessing; src/features/orderManagement/shared | Backend: modules/orders; modules/returnOrders"
"Q-356","What status views are available?","Order Management > Order Processing > Canceled Order","MODIFIED ANSWER; FORMAT UPDATED","Corrected the tab label to the frontend spelling.","What status views are available?","The page provides views such as:
All
Cancellation Request
Cancelled","Location: Order Management > Order Processing > Canceled Order
On Order Management > Order Processing > Canceled Order, the tabs are All, Cancelation Request, and Cancelled. All combines the cancellation views; Cancelation Request shows pending requests; Cancelled shows finalized cancellations reported to the ERP.","","Frontend: src/router/routes.jsx; src/components/layout/Sidebar.jsx; src/i18n.js | Frontend: src/features/orderManagement/orderProcessing; src/features/orderManagement/shared | Backend: modules/orders; modules/returnOrders"
"Q-357","What does Cancelation Request mean?","Order Management > Order Processing > Canceled Order","MODIFIED ANSWER; EDITED QUESTION; FORMAT UPDATED","Preserved the actual tab spelling and explained requested versus completed cancellation.","What is a Cancellation Request?","It means cancellation has been requested but may not yet be finalized.","Location: Order Management > Order Processing > Canceled Order
The Cancelation Request tab on Order Processing > Canceled Order shows orders with a requested cancellation that is not yet final. Check the marketplace result and current shipment state before treating the order as cancelled.","","Frontend: src/router/routes.jsx; src/components/layout/Sidebar.jsx; src/i18n.js | Frontend: src/features/orderManagement/orderProcessing; src/features/orderManagement/shared | Backend: modules/orders; modules/returnOrders"
"Q-358","What does Cancelled mean?","Order Management > Order Processing > Canceled Order","REVIEWED - MEANING RETAINED; FORMAT UPDATED","Meaning retained after section review.","What does Cancelled mean?","It means the cancellation has been completed according to the ERP or marketplace status.","Location: Order Management > Order Processing > Canceled Order
It means the cancellation has been completed according to the ERP or marketplace status.","","Frontend: src/router/routes.jsx; src/components/layout/Sidebar.jsx; src/i18n.js | Frontend: src/features/orderManagement/orderProcessing; src/features/orderManagement/shared | Backend: modules/orders; modules/returnOrders"
"Q-359","Why might an order remain under Cancellation Request?","Order Management > Order Processing > Canceled Order","MODIFIED ANSWER; FORMAT UPDATED","Removed speculative causes presented as established ERP states.","Why might an order remain under Cancellation Request?","Possible reasons include:
Marketplace approval is pending.
Seller action is required.
The order has already entered fulfillment.
Courier processing has started.
Synchronization is delayed.
Cancellation is being reviewed.","Location: Order Management > Order Processing > Canceled Order
A request can remain pending while the marketplace reviews it or while its latest result has not synchronized. Check the order directly in the marketplace and confirm whether fulfillment or courier handoff has already progressed. Do not treat a request as final cancellation until the result is confirmed.","","Frontend: src/router/routes.jsx; src/components/layout/Sidebar.jsx; src/i18n.js | Frontend: src/features/orderManagement/orderProcessing; src/features/orderManagement/shared | Backend: modules/orders; modules/returnOrders"
"Q-360","What happens to reserved stock when an order is cancelled?","Order Management > Order Processing > Canceled Order","MODIFIED ANSWER; FORMAT UPDATED","Removed an unverified automatic-release promise.","What happens to reserved stock when an order is cancelled?","Reserved or locked inventory should normally be released when cancellation is finalized.
Check Inventory List and Inventory Log if the stock does not return.","Location: Order Management > Order Processing > Canceled Order
Do not assume that a cancellation immediately restores every stock value. Check the final order status, then compare Quantity and Lock Quantity in Inventory Management > Inventory List and review Inventory Log. If a reservation or deduction remains unexpectedly, ask support to check that order before manually adding stock.","","Frontend: src/router/routes.jsx; src/components/layout/Sidebar.jsx; src/i18n.js | Frontend: src/features/orderManagement/orderProcessing; src/features/orderManagement/shared | Backend: modules/orders; modules/returnOrders"
"Q-361","Should I process a cancellation directly from the table?","Order Management > Order Processing > Canceled Order","MODIFIED ANSWER; FORMAT UPDATED","Removed an implied cancellation action absent from the page.","Should I process a cancellation directly from the table?","Only when the user has verified the order, current fulfillment state, marketplace rules, and effect on inventory.
Cancellation is a consequential action and may be irreversible.","Location: Order Management > Order Processing > Canceled Order
The current Canceled Order page is for reviewing cancellation records and requests; it does not show a general Cancel Order command. Check the original order and handle any required approval in the marketplace seller tools. Then refresh the ERP view to confirm the result.","","Frontend: src/router/routes.jsx; src/components/layout/Sidebar.jsx; src/i18n.js | Frontend: src/features/orderManagement/orderProcessing; src/features/orderManagement/shared | Backend: modules/orders; modules/returnOrders"
"Q-362","What is a Manual Order?","Order Management > Manual Order","REVIEWED - MEANING RETAINED; FORMAT UPDATED","Meaning retained after section review.","What is a Manual Order?","A Manual Order is created directly in the ERP rather than imported automatically from a marketplace.","Location: Order Management > Manual Order
A Manual Order is created directly in the ERP rather than imported automatically from a marketplace.","","Frontend: src/router/routes.jsx; src/components/layout/Sidebar.jsx; src/i18n.js | Frontend: src/features/orderManagement/manualOrder; src/features/orderManagement/platformManualOrder | Backend: modules/manualOrders; modules/platformManualOrders"
"Q-363","When should I create a Manual Order?","Order Management > Manual Order","REVIEWED - MEANING RETAINED; FORMAT UPDATED","Meaning retained after section review.","When should I create a Manual Order?","Possible uses include:
Offline sales
Phone orders
Replacement shipments
Internal or special deliveries
Orders from unsupported channels
Authorized test orders
Avoid creating a manual order when the platform order already exists.","Location: Order Management > Manual Order
Possible uses include:
- Offline sales
- Phone orders
- Replacement shipments
- Internal or special deliveries
- Orders from unsupported channels
- Authorized test orders
Avoid creating a manual order when the platform order already exists.","","Frontend: src/router/routes.jsx; src/components/layout/Sidebar.jsx; src/i18n.js | Frontend: src/features/orderManagement/manualOrder; src/features/orderManagement/platformManualOrder | Backend: modules/manualOrders; modules/platformManualOrders"
"Q-364","What does Add Manual Order do?","Order Management > Manual Order","MODIFIED ANSWER; FORMAT UPDATED; IMAGE CHECK NEEDED","Rewrote the full manual-order workflow using current controls.","What does Add Manual Order do?","It opens the manual-order creation workflow.
Typical information may include:
Products or SKUs
Quantities
Receiver
Address
Country
Payment type
Courier
Shipment method
Submitting it can create a real operational order.
You can see the process through the app screenshots https://printernoble.com/chatbot/uploads/1788407434_WERP_Q-364.png","Location: Order Management > Manual Order
1. Go to Order Management > Manual Order and click Add Manual Order.
2. Choose Select Warehouse and check Order Number, date, time, and currency.
3. Complete Sender / Warehouse Information and Buyer / Receiver Information.
4. Search for Merchant or Combine SKUs, add the products, and check each Quantity.
5. Enter Package Weight, Package Size, and Shipment Content.
6. Choose Create Without Courier for self-arranged delivery, or Check Rates, select a courier, and Submit Order for courier booking.
7. Review the final stock and charge confirmation before proceeding.","","Frontend: src/router/routes.jsx; src/components/layout/Sidebar.jsx; src/i18n.js | Frontend: src/features/orderManagement/manualOrder; src/features/orderManagement/platformManualOrder | Backend: modules/manualOrders; modules/platformManualOrders"
"Q-365","Where can I add product images to a Manual Order?","Order Management > Manual Order","MODIFIED ANSWER; FORMAT UPDATED","Removed speculative upload locations.","Where can I add product images to a Manual Order?","The list page does not display an image-upload control.
Manual orders usually select existing SKUs whose product images already exist. If image upload is supported, it may appear inside the order form or product-management workflow.","Location: Order Management > Manual Order
Manual Order uses images from the Merchant SKU or Combine SKU products you select. The order form does not upload a new catalog-product image. Correct a Merchant SKU image under Product Management > Product List > Actions > Edit, then select the correct SKU in the order.","","Frontend: src/router/routes.jsx; src/components/layout/Sidebar.jsx; src/i18n.js | Frontend: src/features/orderManagement/manualOrder; src/features/orderManagement/platformManualOrder | Backend: modules/manualOrders; modules/platformManualOrders"
"Q-366","What does Add Gift do?","Order Management > Manual Order","MODIFIED ANSWER; FORMAT UPDATED; IMAGE CHECK NEEDED","Corrected gift order versus modifying an existing order.","What does Add Gift do?","It begins a workflow for adding a gift item to an order.
Confirm the gift SKU, quantity, stock impact, and whether it should appear on shipping documents.
You can see the process through the app screenshots https://printernoble.com/chatbot/uploads/1788407435_WERP_Q-366.png","Location: Order Management > Manual Order
Go to Order Management > Manual Order and click Add Gift to create a separate gift-type manual order. Complete the warehouse, receiver, products, quantities, and delivery details, then review the confirmation before saving. This is not an action for adding a free item to an existing marketplace order.","","Frontend: src/router/routes.jsx; src/components/layout/Sidebar.jsx; src/i18n.js | Frontend: src/features/orderManagement/manualOrder; src/features/orderManagement/platformManualOrder | Backend: modules/manualOrders; modules/platformManualOrders"
"Q-367","What does the payment filter do?","Order Management > Manual Order","MODIFIED ANSWER; FORMAT UPDATED; IMAGE CHECK NEEDED","Avoided documenting backend-only COD as an available frontend option.","What does the payment filter do?","It filters orders by payment type. The visible options include All and Prepaid.
Other payment types may depend on the account or courier configuration.
You can see the process through the app screenshots https://printernoble.com/chatbot/uploads/1788407436_WERP_Q-367.png","Location: Order Management > Manual Order
The payment filter on Order Management > Manual Order includes All and Prepaid. Prepaid narrows the list to prepaid orders. The current customer form displays Prepaid; it does not provide a COD selection control.","","Frontend: src/router/routes.jsx; src/components/layout/Sidebar.jsx; src/i18n.js | Frontend: src/features/orderManagement/manualOrder; src/features/orderManagement/platformManualOrder | Backend: modules/manualOrders; modules/platformManualOrders"
"Q-368","What do the Manual Order shipment statuses mean?","Order Management > Manual Order","REVIEWED - MEANING RETAINED; FORMAT UPDATED; IMAGE CHECK NEEDED","Meaning retained after section review.","What do the Manual Order shipment statuses mean?","The page includes:
Created
Booking Pending
Booking Failed
Self-arranged Delivery
Schedule In Arrangement
To Be Collected
Drop Off
Collected
Delivery In Transit
Delivery On Hold
Delivered
Returned
Cancelled
All
You can see the process through the app screenshots https://printernoble.com/chatbot/uploads/1788407437_WERP_Q-368.png","Location: Order Management > Manual Order
The page includes:
- Created
- Booking Pending
- Booking Failed
- Self-arranged Delivery
- Schedule In Arrangement
- To Be Collected
- Drop Off
- Collected
- Delivery In Transit
- Delivery On Hold
- Delivered
- Returned
- Cancelled
- All","","Frontend: src/router/routes.jsx; src/components/layout/Sidebar.jsx; src/i18n.js | Frontend: src/features/orderManagement/manualOrder; src/features/orderManagement/platformManualOrder | Backend: modules/manualOrders; modules/platformManualOrders"
"Q-369","What does Created mean?","Order Management > Manual Order","REVIEWED - MEANING RETAINED; FORMAT UPDATED","Meaning retained after section review.","What does Created mean?","The manual order exists, but shipment booking or fulfillment has not progressed.","Location: Order Management > Manual Order
The manual order exists, but shipment booking or fulfillment has not progressed.","","Frontend: src/router/routes.jsx; src/components/layout/Sidebar.jsx; src/i18n.js | Frontend: src/features/orderManagement/manualOrder; src/features/orderManagement/platformManualOrder | Backend: modules/manualOrders; modules/platformManualOrders"
"Q-370","What does Booking Pending mean?","Order Management > Manual Order","REVIEWED - MEANING RETAINED; FORMAT UPDATED","Meaning retained after section review.","What does Booking Pending mean?","A courier booking request has started but has not received a final result.","Location: Order Management > Manual Order
A courier booking request has started but has not received a final result.","","Frontend: src/router/routes.jsx; src/components/layout/Sidebar.jsx; src/i18n.js | Frontend: src/features/orderManagement/manualOrder; src/features/orderManagement/platformManualOrder | Backend: modules/manualOrders; modules/platformManualOrders"
"Q-371","What does Booking Failed mean?","Order Management > Manual Order","REVIEWED - MEANING RETAINED; FORMAT UPDATED","Meaning retained after section review.","What does Booking Failed mean?","The courier booking was unsuccessful.
Check the address, phone number, service availability, parcel dimensions, weight, and courier response.","Location: Order Management > Manual Order
The courier booking was unsuccessful.
Check the address, phone number, service availability, parcel dimensions, weight, and courier response.","","Frontend: src/router/routes.jsx; src/components/layout/Sidebar.jsx; src/i18n.js | Frontend: src/features/orderManagement/manualOrder; src/features/orderManagement/platformManualOrder | Backend: modules/manualOrders; modules/platformManualOrders"
"Q-372","What does Self-arranged Delivery mean?","Order Management > Manual Order","REVIEWED - MEANING RETAINED; FORMAT UPDATED","Meaning retained after section review.","What does Self-arranged Delivery mean?","The seller will manage delivery outside the ERP’s connected courier-booking workflow.","Location: Order Management > Manual Order
The seller will manage delivery outside the ERP's connected courier-booking workflow.","","Frontend: src/router/routes.jsx; src/components/layout/Sidebar.jsx; src/i18n.js | Frontend: src/features/orderManagement/manualOrder; src/features/orderManagement/platformManualOrder | Backend: modules/manualOrders; modules/platformManualOrders"
"Q-373","What does Schedule In Arrangement mean?","Order Management > Manual Order","REVIEWED - MEANING RETAINED; FORMAT UPDATED","Meaning retained after section review.","What does Schedule In Arrangement mean?","The shipment is being scheduled or arranged and has not yet reached the collection stage.","Location: Order Management > Manual Order
The shipment is being scheduled or arranged and has not yet reached the collection stage.","","Frontend: src/router/routes.jsx; src/components/layout/Sidebar.jsx; src/i18n.js | Frontend: src/features/orderManagement/manualOrder; src/features/orderManagement/platformManualOrder | Backend: modules/manualOrders; modules/platformManualOrders"
"Q-374","What does To Be Collected mean?","Order Management > Manual Order","REVIEWED - MEANING RETAINED; FORMAT UPDATED","Meaning retained after section review.","What does To Be Collected mean?","The parcel is ready and waiting for courier collection.","Location: Order Management > Manual Order
The parcel is ready and waiting for courier collection.","","Frontend: src/router/routes.jsx; src/components/layout/Sidebar.jsx; src/i18n.js | Frontend: src/features/orderManagement/manualOrder; src/features/orderManagement/platformManualOrder | Backend: modules/manualOrders; modules/platformManualOrders"
"Q-375","What does Drop Off mean?","Order Management > Manual Order","REVIEWED - MEANING RETAINED; FORMAT UPDATED","Meaning retained after section review.","What does Drop Off mean?","The parcel is expected to be taken to a courier drop-off location.","Location: Order Management > Manual Order
The parcel is expected to be taken to a courier drop-off location.","","Frontend: src/router/routes.jsx; src/components/layout/Sidebar.jsx; src/i18n.js | Frontend: src/features/orderManagement/manualOrder; src/features/orderManagement/platformManualOrder | Backend: modules/manualOrders; modules/platformManualOrders"
"Q-376","What does Collected mean?","Order Management > Manual Order","REVIEWED - MEANING RETAINED; FORMAT UPDATED","Meaning retained after section review.","What does Collected mean?","The courier has collected the parcel.","Location: Order Management > Manual Order
The courier has collected the parcel.","","Frontend: src/router/routes.jsx; src/components/layout/Sidebar.jsx; src/i18n.js | Frontend: src/features/orderManagement/manualOrder; src/features/orderManagement/platformManualOrder | Backend: modules/manualOrders; modules/platformManualOrders"
"Q-377","What does Delivery In Transit mean?","Order Management > Manual Order","REVIEWED - MEANING RETAINED; FORMAT UPDATED","Meaning retained after section review.","What does Delivery In Transit mean?","The courier is transporting the parcel toward the recipient.","Location: Order Management > Manual Order
The courier is transporting the parcel toward the recipient.","","Frontend: src/router/routes.jsx; src/components/layout/Sidebar.jsx; src/i18n.js | Frontend: src/features/orderManagement/manualOrder; src/features/orderManagement/platformManualOrder | Backend: modules/manualOrders; modules/platformManualOrders"
"Q-378","What does Delivery On Hold mean?","Order Management > Manual Order","REVIEWED - MEANING RETAINED; FORMAT UPDATED","Meaning retained after section review.","What does Delivery On Hold mean?","The courier has temporarily paused delivery.
Possible causes include address problems, recipient unavailability, weather, customs, or operational delays.","Location: Order Management > Manual Order
The courier has temporarily paused delivery.
Possible causes include address problems, recipient unavailability, weather, customs, or operational delays.","","Frontend: src/router/routes.jsx; src/components/layout/Sidebar.jsx; src/i18n.js | Frontend: src/features/orderManagement/manualOrder; src/features/orderManagement/platformManualOrder | Backend: modules/manualOrders; modules/platformManualOrders"
"Q-379","What does Delivered mean?","Order Management > Manual Order","REVIEWED - MEANING RETAINED; FORMAT UPDATED","Meaning retained after section review.","What does Delivered mean?","The courier reports that the parcel was delivered.","Location: Order Management > Manual Order
The courier reports that the parcel was delivered.","","Frontend: src/router/routes.jsx; src/components/layout/Sidebar.jsx; src/i18n.js | Frontend: src/features/orderManagement/manualOrder; src/features/orderManagement/platformManualOrder | Backend: modules/manualOrders; modules/platformManualOrders"
"Q-380","What does Returned mean?","Order Management > Manual Order","REVIEWED - MEANING RETAINED; FORMAT UPDATED","Meaning retained after section review.","What does Returned mean?","The parcel is being returned or has returned to the sender.
Returned inventory should be inspected before being restored.","Location: Order Management > Manual Order
The parcel is being returned or has returned to the sender.
Returned inventory should be inspected before being restored.","","Frontend: src/router/routes.jsx; src/components/layout/Sidebar.jsx; src/i18n.js | Frontend: src/features/orderManagement/manualOrder; src/features/orderManagement/platformManualOrder | Backend: modules/manualOrders; modules/platformManualOrders"
"Q-381","What does Cancelled mean for a Manual Order?","Order Management > Manual Order","MODIFIED ANSWER; FORMAT UPDATED","Confirmed cancellation handler does not restore stock or refund the wallet.","What does Cancelled mean for a Manual Order?","It means the manual-order workflow was cancelled.
Check whether locked stock was released and whether a courier booking must also be cancelled.","Location: Order Management > Manual Order
Cancelled means the manual shipment was cancelled. The EasyParcel cancellation action updates shipment status but does not itself restore warehouse stock or guarantee a shipping-wallet refund. Check the order, Inventory List, and wallet result before making any separate correction.","","Frontend: src/router/routes.jsx; src/components/layout/Sidebar.jsx; src/i18n.js | Frontend: src/features/orderManagement/manualOrder; src/features/orderManagement/platformManualOrder | Backend: modules/manualOrders; modules/platformManualOrders"
"Q-382","What is a Platform Manual Order?","Order Management > Platform Manual Order","REVIEWED - MEANING RETAINED; FORMAT UPDATED","Meaning retained after section review.","What is a Platform Manual Order?","It is a manually created ERP order based on information from a marketplace shipment or label when automatic order import is unavailable or incomplete.","Location: Order Management > Platform Manual Order
It is a manually created ERP order based on information from a marketplace shipment or label when automatic order import is unavailable or incomplete.","","Frontend: src/router/routes.jsx; src/components/layout/Sidebar.jsx; src/i18n.js | Frontend: src/features/orderManagement/manualOrder; src/features/orderManagement/platformManualOrder | Backend: modules/manualOrders; modules/platformManualOrders"
"Q-383","How is it different from a regular Manual Order?","Order Management > Platform Manual Order","REVIEWED - MEANING RETAINED; FORMAT UPDATED; IMAGE CHECK NEEDED","Meaning retained after section review.","How is it different from a regular Manual Order?","Manual Order is created directly as an independent ERP order.
Platform Manual Order is associated with marketplace information or a marketplace shipping label.
You can see the process through the app screenshots https://printernoble.com/chatbot/uploads/1788407438_WERP_Q-383.png","Location: Order Management > Platform Manual Order
Manual Order is created directly as an independent ERP order.
Platform Manual Order is associated with marketplace information or a marketplace shipping label.","","Frontend: src/router/routes.jsx; src/components/layout/Sidebar.jsx; src/i18n.js | Frontend: src/features/orderManagement/manualOrder; src/features/orderManagement/platformManualOrder | Backend: modules/manualOrders; modules/platformManualOrders"
"Q-384","What does Create Manual Order by Label do?","Order Management > Platform Manual Order","MODIFIED ANSWER; FORMAT UPDATED; IMAGE CHECK NEEDED","Clarified uploaded label versus OCR or new booking.","What does Create Manual Order by Label do?","It begins creating an ERP order using information from a platform label.
Before submitting, verify the order number, SKU, receiver, courier, tracking number, and shipment status.
You can see the process through the app screenshots https://printernoble.com/chatbot/uploads/1788407439_WERP_Q-384.png","Location: Order Management > Platform Manual Order
Go to Order Management > Platform Manual Order and choose Create Manual Order by Label. Select the warehouse, upload the existing PDF waybill, complete the order, sender, buyer, delivery, product, and package details, then Save and confirm. Uploading a label does not automatically fill every field or create a new courier booking.","","Frontend: src/router/routes.jsx; src/components/layout/Sidebar.jsx; src/i18n.js | Frontend: src/features/orderManagement/manualOrder; src/features/orderManagement/platformManualOrder | Backend: modules/manualOrders; modules/platformManualOrders"
"Q-385","Where can I upload the shipping label?","Order Management > Platform Manual Order","MODIFIED ANSWER; FORMAT UPDATED; IMAGE CHECK NEEDED","Confirmed upload location and displayed format guidance.","Where can I upload the shipping label?","The upload area may appear after opening Create Manual Order by Label.
Uploading a label transfers order and customer information to the ERP, so use only the correct authorized file.
You can see the process through the app screenshots https://printernoble.com/chatbot/uploads/1788407440_WERP_Q-385.png","Location: Order Management > Platform Manual Order
Open Order Management > Platform Manual Order > Create Manual Order by Label. In Upload Waybill, click Browse File and select the PDF shipping label. Follow the displayed guidance: PDF only, less than 10 MB. Complete and check the other required order fields before saving.","","Frontend: src/router/routes.jsx; src/components/layout/Sidebar.jsx; src/i18n.js | Frontend: src/features/orderManagement/manualOrder; src/features/orderManagement/platformManualOrder | Backend: modules/manualOrders; modules/platformManualOrders"
"Q-386","Which search methods are available?","Order Management > Platform Manual Order","REVIEWED - MEANING RETAINED; FORMAT UPDATED; IMAGE CHECK NEEDED","Meaning retained after section review.","Which search methods are available?","The page supports:
Single Search
Batch Search
SKU
Order Number
You can see the process through the app screenshots https://printernoble.com/chatbot/uploads/1788407475_WERP_Q-386.png","Location: Order Management > Platform Manual Order
The page supports:
- Single Search
- Batch Search
- SKU
- Order Number","","Frontend: src/router/routes.jsx; src/components/layout/Sidebar.jsx; src/i18n.js | Frontend: src/features/orderManagement/manualOrder; src/features/orderManagement/platformManualOrder | Backend: modules/manualOrders; modules/platformManualOrders"
"Q-387","What does All status do?","Order Management > Platform Manual Order","REVIEWED - MEANING RETAINED; FORMAT UPDATED","Meaning retained after section review.","What does All status do?","It filters platform-manual orders by shipment status.
Select a specific status when investigating a particular fulfillment stage.","Location: Order Management > Platform Manual Order
It filters platform-manual orders by shipment status.
Select a specific status when investigating a particular fulfillment stage.","","Frontend: src/router/routes.jsx; src/components/layout/Sidebar.jsx; src/i18n.js | Frontend: src/features/orderManagement/manualOrder; src/features/orderManagement/platformManualOrder | Backend: modules/manualOrders; modules/platformManualOrders"
"Q-388","What does Edit status do?","Order Management > Platform Manual Order","MODIFIED ANSWER; FORMAT UPDATED; IMAGE CHECK NEEDED","Added exact modal name and clarified scope.","What does Edit status do?","It manually changes the shipment status of a platform-manual order.
Only use it when the real shipment state has been verified, because an incorrect status can disrupt fulfillment and reporting.
You can see the process through the app screenshots https://printernoble.com/chatbot/uploads/1788407476_WERP_Q-388.png","Location: Order Management > Platform Manual Order
On Order Management > Platform Manual Order, click Edit status beside the correct order. In Update Shipment Status, choose the actual shipment stage and save it. This changes the ERP record; it does not contact a courier to dispatch or deliver the parcel.","","Frontend: src/router/routes.jsx; src/components/layout/Sidebar.jsx; src/i18n.js | Frontend: src/features/orderManagement/manualOrder; src/features/orderManagement/platformManualOrder | Backend: modules/manualOrders; modules/platformManualOrders"
"Q-389","What does Details show in Platform Manual Order?","Order Management > Platform Manual Order","MODIFIED ANSWER; EDITED QUESTION; FORMAT UPDATED","Expanded an overly short answer with useful detail. Added the exact page name to distinguish this repeated question from similar controls on other pages.","What does Details do?","It opens additional information about the platform-manual order.","Location: Order Management > Platform Manual Order
On Order Management > Platform Manual Order, click Details beside the order. Platform Manual Order Details displays the order, sender, receiver, products, package information, and uploaded waybill. Use Open Waybill or the available print controls to inspect the PDF.","","Frontend: src/router/routes.jsx; src/components/layout/Sidebar.jsx; src/i18n.js | Frontend: src/features/orderManagement/manualOrder; src/features/orderManagement/platformManualOrder | Backend: modules/manualOrders; modules/platformManualOrders"
"Q-390","Which Actions are available in Platform Manual Order?","Order Management > Platform Manual Order","MODIFIED ANSWER; EDITED QUESTION; FORMAT UPDATED; IMAGE CHECK NEEDED","Matched actual action layout. Added the exact page name to distinguish this repeated question from similar controls on other pages.","What does Actions do?","It opens operations available for the selected platform-manual order.
Review the available options and their consequences before choosing one.
You can see the process through the app screenshots https://printernoble.com/chatbot/uploads/1788407477_WERP_Q-390.png","Location: Order Management > Platform Manual Order
Open Actions beside the order in Order Management > Platform Manual Order. Edit opens the saved order form; Delete opens a confirmation. Shipment status has its own Edit status control. Check the order and stock implications before confirming changes.","","Frontend: src/router/routes.jsx; src/components/layout/Sidebar.jsx; src/i18n.js | Frontend: src/features/orderManagement/manualOrder; src/features/orderManagement/platformManualOrder | Backend: modules/manualOrders; modules/platformManualOrders"
"Q-391","How do I prevent duplicate platform-manual orders?","Order Management > Platform Manual Order","REVIEWED - MEANING RETAINED; FORMAT UPDATED","Meaning retained after section review.","How do I prevent duplicate platform-manual orders?","Before creating one, search using:
Exact order number
Tracking number, where supported
Exact SKU
Store or platform
Existing regular orders
Do not create the manual version if the same platform order already exists.","Location: Order Management > Platform Manual Order
Before creating one, search using:
- Exact order number
- Tracking number, where supported
- Exact SKU
- Store or platform
- Existing regular orders
Do not create the manual version if the same platform order already exists.","","Frontend: src/router/routes.jsx; src/components/layout/Sidebar.jsx; src/i18n.js | Frontend: src/features/orderManagement/manualOrder; src/features/orderManagement/platformManualOrder | Backend: modules/manualOrders; modules/platformManualOrders"
"Q-392","What is Warehouse Management?","Warehouse Management","REVIEWED - MEANING RETAINED; FORMAT UPDATED; IMAGE CHECK NEEDED","Meaning retained after section review.","What is Warehouse Management?","Warehouse Management is where warehouses or inventory locations are registered and maintained.
Each warehouse can be used to organize:
Merchant SKUs
Inventory quantities
Inbound shipments
Outbound shipments
Order fulfillment
Stock synchronization
You can see the process through the app screenshots https://printernoble.com/chatbot/uploads/1788407478_WERP_Q-392.png","Location: Warehouse Management
Warehouse Management is where warehouses or inventory locations are registered and maintained.
Each warehouse can be used to organize:
- Merchant SKUs
- Inventory quantities
- Inbound shipments
- Outbound shipments
- Order fulfillment
- Stock synchronization","","Frontend: src/router/routes.jsx; src/components/layout/Sidebar.jsx; src/i18n.js | Frontend: src/features/warehouseManagement | Backend: modules/warehouses"
"Q-393","How do I open Warehouse Management?","Warehouse Management","REVIEWED - MEANING RETAINED; FORMAT UPDATED; IMAGE CHECK NEEDED","Meaning retained after section review.","How do I open Warehouse Management?","Select Warehouse Management from the main sidebar.
Unlike some other modules, it appears as a direct navigation link rather than an expandable group.
You can see the process through the app screenshots https://printernoble.com/chatbot/uploads/1788407479_WERP_Q-393.png","Location: Warehouse Management
Select Warehouse Management from the main sidebar.
Unlike some other modules, it appears as a direct navigation link rather than an expandable group.","","Frontend: src/router/routes.jsx; src/components/layout/Sidebar.jsx; src/i18n.js | Frontend: src/features/warehouseManagement | Backend: modules/warehouses"
"Q-394","What is the Warehouses List?","Warehouse Management","MODIFIED ANSWER; FORMAT UPDATED; IMAGE CHECK NEEDED","Expanded the field list with useful navigation.","What is the Warehouses List?","It is the table showing warehouses registered in the ERP.
The table structure includes:
Warehouse Name
Warehouse Attribute
Warehouse Location
Total SKU
Set As Default
Actions
You can see the process through the app screenshots https://printernoble.com/chatbot/uploads/1788407480_WERP_Q-394.png","Location: Warehouse Management
Warehouse Management shows the Warehouses List. Its columns include Warehouse Name, Warehouse Attribute, Warehouse Location, Total SKU, Set As Default, and Actions. Use Actions > Details for the warehouse information, or Edit when an authorized change is needed.","","Frontend: src/router/routes.jsx; src/components/layout/Sidebar.jsx; src/i18n.js | Frontend: src/features/warehouseManagement | Backend: modules/warehouses"
"Q-395","Why would a business need multiple warehouses?","Warehouse Management","REVIEWED - MEANING RETAINED; FORMAT UPDATED","Meaning retained after section review.","Why would a business need multiple warehouses?","Multiple warehouses may be needed for:
Different countries or regions
Marketplace fulfillment locations
Third-party logistics providers
Separate brands or business units
Faster customer delivery
Different stock ownership
Returns or damaged-stock handling","Location: Warehouse Management
Multiple warehouses may be needed for:
- Different countries or regions
- Marketplace fulfillment locations
- Third-party logistics providers
- Separate brands or business units
- Faster customer delivery
- Different stock ownership
- Returns or damaged-stock handling","","Frontend: src/router/routes.jsx; src/components/layout/Sidebar.jsx; src/i18n.js | Frontend: src/features/warehouseManagement | Backend: modules/warehouses"
"Q-396","Does every warehouse maintain separate inventory?","Warehouse Management","MODIFIED ANSWER; FORMAT UPDATED; IMAGE CHECK NEEDED","Resolved separate-stock behavior.","Does every warehouse maintain separate inventory?","Usually, yes. A Merchant SKU can have different quantities in different warehouses.
Inventory should not be assumed to be shared automatically between warehouses.
You can see the process through the app screenshots https://printernoble.com/chatbot/uploads/1788407481_WERP_Q-396.png","Location: Warehouse Management
Yes. Inventory Management > Inventory List records a Merchant SKU separately for each warehouse where it has a stock record. Select Warehouse before comparing quantities. Stock in another warehouse is not automatically transferred to the warehouse you are viewing.","","Frontend: src/router/routes.jsx; src/components/layout/Sidebar.jsx; src/i18n.js | Frontend: src/features/warehouseManagement | Backend: modules/warehouses"
"Q-397","Can the same SKU exist in several warehouses?","Warehouse Management","REVIEWED - MEANING RETAINED; FORMAT UPDATED","Meaning retained after section review.","Can the same SKU exist in several warehouses?","Yes. The same Merchant SKU can be assigned to several warehouses with a separate quantity in each one.
This is one reason the Inventory List can contain more records than the Merchant SKU list.","Location: Warehouse Management
Yes. The same Merchant SKU can be assigned to several warehouses with a separate quantity in each one.
This is one reason the Inventory List can contain more records than the Merchant SKU list.","","Frontend: src/router/routes.jsx; src/components/layout/Sidebar.jsx; src/i18n.js | Frontend: src/features/warehouseManagement | Backend: modules/warehouses"
"Q-398","How do I search for a warehouse?","Warehouse Management","REVIEWED - MEANING RETAINED; FORMAT UPDATED; IMAGE CHECK NEEDED","Meaning retained after section review.","How do I search for a warehouse?","Use the search field above the warehouse table.
The search placeholder indicates that it can search using:
Name
Attribute
Location
State
ZIP
City
You can see the process through the app screenshots https://printernoble.com/chatbot/uploads/1788407482_WERP_Q-398.png","Location: Warehouse Management
Use the search field above the warehouse table.
The search placeholder indicates that it can search using:
- Name
- Attribute
- Location
- State
- ZIP
- City","","Frontend: src/router/routes.jsx; src/components/layout/Sidebar.jsx; src/i18n.js | Frontend: src/features/warehouseManagement | Backend: modules/warehouses"
"Q-399","Can I search using only part of a warehouse name?","Warehouse Management","MODIFIED ANSWER; FORMAT UPDATED; IMAGE CHECK NEEDED","Confirmed substring search.","Can I search using only part of a warehouse name?","The search field may support partial matching, although the exact matching behavior is not stated.
If a partial search does not work, enter the complete warehouse name.
You can see the process through the app screenshots https://printernoble.com/chatbot/uploads/1788407483_WERP_Q-399.png","Location: Warehouse Management
Yes. Warehouse Management supports searching part of a stored warehouse name or other searchable location information. Enter the text in Search Warehouse. Clear the search or try a shorter word if no record appears, and check your warehouse permissions.","","Frontend: src/router/routes.jsx; src/components/layout/Sidebar.jsx; src/i18n.js | Frontend: src/features/warehouseManagement | Backend: modules/warehouses"
"Q-400","Can I search by city or ZIP code?","Warehouse Management","MODIFIED ANSWER; FORMAT UPDATED; IMAGE CHECK NEEDED","Removed code-review phrasing about the placeholder.","Can I search by city or ZIP code?","Yes. City and ZIP are listed as supported search information in the search field’s placeholder.
You can see the process through the app screenshots https://printernoble.com/chatbot/uploads/1788407484_WERP_Q-400.png","Location: Warehouse Management
Yes. In Warehouse Management, enter the city or ZIP in the search field above Warehouses List. You can also search by name, attribute, location, or state. Clear the search if you want to return to all warehouses available to your account.","","Frontend: src/router/routes.jsx; src/components/layout/Sidebar.jsx; src/i18n.js | Frontend: src/features/warehouseManagement | Backend: modules/warehouses"
"Q-401","Why does my warehouse search return no result?","Warehouse Management","REVIEWED - MEANING RETAINED; FORMAT UPDATED","Meaning retained after section review.","Why does my warehouse search return no result?","Possible reasons include:
Spelling error
Extra spaces
Incorrect ZIP code
Search value is not stored in the expected field
Warehouse was not added
Warehouse details were changed
The list has not finished loading
Try a shorter name, city, or ZIP search.","Location: Warehouse Management
Possible reasons include:
- Spelling error
- Extra spaces
- Incorrect ZIP code
- Search value is not stored in the expected field
- Warehouse was not added
- Warehouse details were changed
- The list has not finished loading
Try a shorter name, city, or ZIP search.","","Frontend: src/router/routes.jsx; src/components/layout/Sidebar.jsx; src/i18n.js | Frontend: src/features/warehouseManagement | Backend: modules/warehouses"
"Q-402","Does searching change warehouse data?","Warehouse Management","REVIEWED - MEANING RETAINED; FORMAT UPDATED","Meaning retained after section review.","Does searching change warehouse data?","No. Searching only filters the visible list. It does not edit or delete warehouse records.","Location: Warehouse Management
No. Searching only filters the visible list. It does not edit or delete warehouse records.","","Frontend: src/router/routes.jsx; src/components/layout/Sidebar.jsx; src/i18n.js | Frontend: src/features/warehouseManagement | Backend: modules/warehouses"
"Q-403","What does Add New Warehouse do?","Warehouse Management","MODIFIED ANSWER; QUESTION VARIANTS ADDED; FORMAT UPDATED; IMAGE CHECK NEEDED","Added actual fields, submit label, and first-warehouse behavior.","What does Add New Warehouse do?","It begins the warehouse-creation workflow.
A user will normally need to enter identification and location information before saving the warehouse.
You can see the process through the app screenshots https://printernoble.com/chatbot/uploads/1788407485_WERP_Q-403.png","Location: Warehouse Management
Open Warehouse Management and click Add New Warehouse. Select Warehouse Attribute, enter Warehouse Name, Manager, Phone Number, Location, Country, State, Zip Code, and City as applicable, then click Add. The first warehouse created for a company becomes its default warehouse.","How do I add a new warehouse?; Where can I create a warehouse location?","Frontend: src/router/routes.jsx; src/components/layout/Sidebar.jsx; src/i18n.js | Frontend: src/features/warehouseManagement | Backend: modules/warehouses"
"Q-404","What information should I prepare before adding a warehouse?","Warehouse Management","MODIFIED ANSWER; FORMAT UPDATED; IMAGE CHECK NEEDED","Removed an implied default-setting field from the creation form.","What information should I prepare before adding a warehouse?","Prepare:
Warehouse name
Warehouse attribute or type
Country
State or province
City
ZIP or postal code
Street address
Contact information, if required
Whether it should be the default warehouse
You can see the process through the app screenshots https://printernoble.com/chatbot/uploads/1788407486_WERP_Q-404.png","Location: Warehouse Management
Prepare a unique Warehouse Name, its Warehouse Attribute, manager and phone details, and the full address: Location, Country, State, Zip Code, and City. Add these in Warehouse Management > Add New Warehouse. After creation, check Set As Default in the list rather than looking for a default checkbox in the form.","","Frontend: src/router/routes.jsx; src/components/layout/Sidebar.jsx; src/i18n.js | Frontend: src/features/warehouseManagement | Backend: modules/warehouses"
"Q-405","How should I choose a warehouse name?","Warehouse Management","REVIEWED - MEANING RETAINED; FORMAT UPDATED; IMAGE CHECK NEEDED","Meaning retained after section review.","How should I choose a warehouse name?","Use a name that clearly identifies the location and avoids confusion.
A useful naming pattern is:
Country/Region – City – Warehouse Type
For example:
Malaysia – Kuala Lumpur – Main Warehouse
Avoid generic names such as “Warehouse 1” unless the organization has a documented naming system.
You can see the process through the app screenshots https://printernoble.com/chatbot/uploads/1788407487_WERP_Q-405.png","Location: Warehouse Management
Use a name that clearly identifies the location and avoids confusion.
A useful naming pattern is:
- Country/Region - City - Warehouse Type
For example:
- Malaysia - Kuala Lumpur - Main Warehouse
Avoid generic names such as ""Warehouse 1"" unless the organization has a documented naming system.","","Frontend: src/router/routes.jsx; src/components/layout/Sidebar.jsx; src/i18n.js | Frontend: src/features/warehouseManagement | Backend: modules/warehouses"
"Q-406","Can two warehouses have the same name?","Warehouse Management","MODIFIED ANSWER; FORMAT UPDATED","Confirmed backend uniqueness check.","Can two warehouses have the same name?","The system may technically permit similar names, but duplicate names create operational confusion.
Use a unique name for each physical or logical inventory location.","Location: Warehouse Management
The ERP blocks an exact duplicate warehouse name within the same company. Use a clear, unique name in Warehouse Management > Add New Warehouse, and search the list before adding a location that may already exist.","","Frontend: src/router/routes.jsx; src/components/layout/Sidebar.jsx; src/i18n.js | Frontend: src/features/warehouseManagement | Backend: modules/warehouses"
"Q-407","What is a warehouse attribute?","Warehouse Management","MODIFIED ANSWER; FORMAT UPDATED; IMAGE CHECK NEEDED","Removed invented attribute choices.","What is a warehouse attribute?","A warehouse attribute describes the warehouse’s role or classification.
Possible examples may include:
Owned warehouse
Third-party warehouse
Marketplace warehouse
Main warehouse
Returns warehouse
Users should select from the actual options provided in the creation form.
You can see the process through the app screenshots https://printernoble.com/chatbot/uploads/1788407488_WERP_Q-407.png","Location: Warehouse Management
Warehouse Attribute classifies the location as an own warehouse or a third-party warehouse. Choose the option matching who operates it in Warehouse Management > Add New Warehouse. A returns area or marketplace location can be described in the name, but those are not separate attribute options in this form.","","Frontend: src/router/routes.jsx; src/components/layout/Sidebar.jsx; src/i18n.js | Frontend: src/features/warehouseManagement | Backend: modules/warehouses"
"Q-408","What is a third-party warehouse?","Warehouse Management","REVIEWED - MEANING RETAINED; FORMAT UPDATED","Meaning retained after section review.","What is a third-party warehouse?","It is a warehouse operated by an external logistics provider rather than directly by the seller.
The provider may handle storage, packing, shipping, or returns.","Location: Warehouse Management
It is a warehouse operated by an external logistics provider rather than directly by the seller.
The provider may handle storage, packing, shipping, or returns.","","Frontend: src/router/routes.jsx; src/components/layout/Sidebar.jsx; src/i18n.js | Frontend: src/features/warehouseManagement | Backend: modules/warehouses"
"Q-409","Why is the warehouse address important?","Warehouse Management","REVIEWED - MEANING RETAINED; FORMAT UPDATED","Meaning retained after section review.","Why is the warehouse address important?","The address may affect:
Inbound destinations
Outbound origins
Courier availability
Shipping rates
Tax and regional rules
Delivery estimates
Marketplace fulfillment settings","Location: Warehouse Management
The address may affect:
- Inbound destinations
- Outbound origins
- Courier availability
- Shipping rates
- Tax and regional rules
- Delivery estimates
- Marketplace fulfillment settings","","Frontend: src/router/routes.jsx; src/components/layout/Sidebar.jsx; src/i18n.js | Frontend: src/features/warehouseManagement | Backend: modules/warehouses"
"Q-410","What happens if I enter the wrong country or ZIP code?","Warehouse Management","REVIEWED - MEANING RETAINED; FORMAT UPDATED","Meaning retained after section review.","What happens if I enter the wrong country or ZIP code?","It can cause incorrect shipping calculations, unavailable courier services, failed deliveries, or inaccurate warehouse identification.
Verify the address before saving.","Location: Warehouse Management
It can cause incorrect shipping calculations, unavailable courier services, failed deliveries, or inaccurate warehouse identification.
Verify the address before saving.","","Frontend: src/router/routes.jsx; src/components/layout/Sidebar.jsx; src/i18n.js | Frontend: src/features/warehouseManagement | Backend: modules/warehouses"
"Q-411","Can I add a virtual warehouse?","Warehouse Management","MODIFIED ANSWER; FORMAT UPDATED","Documented the actual available form options.","Can I add a virtual warehouse?","That depends on the ERP’s warehouse-attribute options and business rules.
A virtual warehouse should only be created when it represents a real operational need, such as consignment stock or marketplace-managed stock.","Location: Warehouse Management
There is no separate Virtual Warehouse attribute in the current Add Warehouse form. The available classifications are own warehouse and third-party warehouse. If you need a virtual-stock process, confirm the correct setup with support before recording quantities there.","","Frontend: src/router/routes.jsx; src/components/layout/Sidebar.jsx; src/i18n.js | Frontend: src/features/warehouseManagement | Backend: modules/warehouses"
"Q-412","Does clicking Add New Warehouse immediately create one?","Warehouse Management","MODIFIED ANSWER; FORMAT UPDATED","Used exact final button label.","Does clicking Add New Warehouse immediately create one?","No. It should first open a creation form.
The warehouse is normally created only after the required information is entered and the final save or submit action is completed.","Location: Warehouse Management
No. Warehouse Management > Add New Warehouse opens the Add Warehouse form. Complete the details and click Add to create the record. Cancel closes the form without adding it.","","Frontend: src/router/routes.jsx; src/components/layout/Sidebar.jsx; src/i18n.js | Frontend: src/features/warehouseManagement | Backend: modules/warehouses"
"Q-413","Can adding a warehouse affect existing stock?","Warehouse Management","MODIFIED ANSWER; FORMAT UPDATED","Made stock effects definite and distinguished later actions.","Can adding a warehouse affect existing stock?","Creating an empty warehouse should not move existing stock automatically.
However, assigning SKUs, importing quantities, or changing the default warehouse can affect later operations.","Location: Warehouse Management
Adding a warehouse creates a location record; it does not move existing stock into that location. Record stock there through the appropriate receipt or approved inventory setup. Review the selected warehouse when creating products and orders, especially if you later change the company default.","","Frontend: src/router/routes.jsx; src/components/layout/Sidebar.jsx; src/i18n.js | Frontend: src/features/warehouseManagement | Backend: modules/warehouses"
"Q-414","What does Warehouse Name mean?","Warehouse Management","REVIEWED - MEANING RETAINED; FORMAT UPDATED","Meaning retained after section review.","What does Warehouse Name mean?","It is the primary label used to identify the warehouse throughout the ERP.
The same name may appear in inventory, inbound, outbound, order, and log filters.","Location: Warehouse Management
It is the primary label used to identify the warehouse throughout the ERP.
The same name may appear in inventory, inbound, outbound, order, and log filters.","","Frontend: src/router/routes.jsx; src/components/layout/Sidebar.jsx; src/i18n.js | Frontend: src/features/warehouseManagement | Backend: modules/warehouses"
"Q-415","What does Warehouse Attribute mean?","Warehouse Management","REVIEWED - MEANING RETAINED; FORMAT UPDATED; IMAGE CHECK NEEDED","Meaning retained after section review.","What does Warehouse Attribute mean?","It identifies the warehouse’s category, ownership, or operational type.
You can see the process through the app screenshots https://printernoble.com/chatbot/uploads/1788407489_WERP_Q-415.png","Location: Warehouse Management
It identifies the warehouse's category, ownership, or operational type.","","Frontend: src/router/routes.jsx; src/components/layout/Sidebar.jsx; src/i18n.js | Frontend: src/features/warehouseManagement | Backend: modules/warehouses"
"Q-416","What does Warehouse Location mean?","Warehouse Management","REVIEWED - MEANING RETAINED; FORMAT UPDATED","Meaning retained after section review.","What does Warehouse Location mean?","It shows the geographical information associated with the warehouse.
The displayed level of detail may include country, state, city, ZIP, or address.","Location: Warehouse Management
It shows the geographical information associated with the warehouse.
The displayed level of detail may include country, state, city, ZIP, or address.","","Frontend: src/router/routes.jsx; src/components/layout/Sidebar.jsx; src/i18n.js | Frontend: src/features/warehouseManagement | Backend: modules/warehouses"
"Q-417","What does Total SKU mean?","Warehouse Management","REVIEWED - MEANING RETAINED; FORMAT UPDATED","Meaning retained after section review.","What does Total SKU mean?","It represents the number of SKU records associated with that warehouse.
It should not automatically be interpreted as the total number of physical units.","Location: Warehouse Management
It represents the number of SKU records associated with that warehouse.
It should not automatically be interpreted as the total number of physical units.","","Frontend: src/router/routes.jsx; src/components/layout/Sidebar.jsx; src/i18n.js | Frontend: src/features/warehouseManagement | Backend: modules/warehouses"
"Q-418","What is the difference between Total SKU and total inventory quantity?","Warehouse Management","REVIEWED - MEANING RETAINED; FORMAT UPDATED; IMAGE CHECK NEEDED","Meaning retained after section review.","What is the difference between Total SKU and total inventory quantity?","Total SKU counts distinct inventory identities or warehouse SKU records.
Total inventory quantity counts physical units.
For example, one warehouse could contain 10 SKUs with 100 units of each. Total SKU would be 10, while total units would be 1,000.
You can see the process through the app screenshots https://printernoble.com/chatbot/uploads/1788407490_WERP_Q-418.png","Location: Warehouse Management
Total SKU counts distinct inventory identities or warehouse SKU records.
Total inventory quantity counts physical units.
For example, one warehouse could contain 10 SKUs with 100 units of each. Total SKU would be 10, while total units would be 1,000.","","Frontend: src/router/routes.jsx; src/components/layout/Sidebar.jsx; src/i18n.js | Frontend: src/features/warehouseManagement | Backend: modules/warehouses"
"Q-419","Why might Total SKU be zero?","Warehouse Management","REVIEWED - MEANING RETAINED; FORMAT UPDATED","Meaning retained after section review.","Why might Total SKU be zero?","Possible reasons include:
The warehouse was newly created.
No Merchant SKUs have been assigned.
Inventory has not been imported.
SKU mapping is incomplete.
Stock belongs to another warehouse.
Synchronization is pending.","Location: Warehouse Management
Possible reasons include:
The warehouse was newly created.
No Merchant SKUs have been assigned.
Inventory has not been imported.
SKU mapping is incomplete.
Stock belongs to another warehouse.
Synchronization is pending.","","Frontend: src/router/routes.jsx; src/components/layout/Sidebar.jsx; src/i18n.js | Frontend: src/features/warehouseManagement | Backend: modules/warehouses"
"Q-420","Why might Total SKU differ from the Merchant SKU total?","Warehouse Management","REVIEWED - MEANING RETAINED; FORMAT UPDATED","Meaning retained after section review.","Why might Total SKU differ from the Merchant SKU total?","Not every Merchant SKU must exist in every warehouse.
Also, the same Merchant SKU can be assigned to multiple warehouses.","Location: Warehouse Management
Not every Merchant SKU must exist in every warehouse.
Also, the same Merchant SKU can be assigned to multiple warehouses.","","Frontend: src/router/routes.jsx; src/components/layout/Sidebar.jsx; src/i18n.js | Frontend: src/features/warehouseManagement | Backend: modules/warehouses"
"Q-421","What does Set As Default mean?","Warehouse Management","REVIEWED - MEANING RETAINED; FORMAT UPDATED; IMAGE CHECK NEEDED","Meaning retained after section review.","What does Set As Default mean?","It identifies or controls the warehouse used by default when the user or workflow does not explicitly choose another warehouse.
You can see the process through the app screenshots https://printernoble.com/chatbot/uploads/1788407491_WERP_Q-421.png","Location: Warehouse Management
It identifies or controls the warehouse used by default when the user or workflow does not explicitly choose another warehouse.","","Frontend: src/router/routes.jsx; src/components/layout/Sidebar.jsx; src/i18n.js | Frontend: src/features/warehouseManagement | Backend: modules/warehouses"
"Q-422","Why is a default warehouse needed?","Warehouse Management","REVIEWED - MEANING RETAINED; FORMAT UPDATED","Meaning retained after section review.","Why is a default warehouse needed?","A default warehouse helps the ERP decide where operations should be directed when no warehouse is manually selected.
It may affect:
Inventory allocation
Manual orders
Inbound creation
Outbound creation
Order fulfillment
Stock synchronization","Location: Warehouse Management
A default warehouse helps the ERP decide where operations should be directed when no warehouse is manually selected.
It may affect:
- Inventory allocation
- Manual orders
- Inbound creation
- Outbound creation
- Order fulfillment
- Stock synchronization","","Frontend: src/router/routes.jsx; src/components/layout/Sidebar.jsx; src/i18n.js | Frontend: src/features/warehouseManagement | Backend: modules/warehouses"
"Q-423","Can more than one warehouse be the default?","Warehouse Management","MODIFIED ANSWER; FORMAT UPDATED","Confirmed company-level default scope.","Can more than one warehouse be the default?","Normally, only one warehouse is the default within a particular scope.
The exact scope could be the account, store, country, or another configuration level.","Location: Warehouse Management
There is one company-wide default warehouse. Turning on Set As Default for another active warehouse clears the previous default. Each form can still allow you to choose another warehouse explicitly, and a Sub Account is limited by its assigned warehouse access.","","Frontend: src/router/routes.jsx; src/components/layout/Sidebar.jsx; src/i18n.js | Frontend: src/features/warehouseManagement | Backend: modules/warehouses"
"Q-424","What happens when I change the default warehouse?","Warehouse Management","MODIFIED ANSWER; FORMAT UPDATED","Clarified company scope and no automatic stock transfer.","What happens when I change the default warehouse?","Future operations may begin using the newly selected warehouse automatically.
Changing the default should not be assumed to move existing stock or rewrite historical transactions.","Location: Warehouse Management
Changing Set As Default changes the company's default warehouse for workflows that use it. It does not transfer existing stock or change old stock movements. Tell the relevant team before changing it, and check the selected warehouse on subsequent product and order forms.","","Frontend: src/router/routes.jsx; src/components/layout/Sidebar.jsx; src/i18n.js | Frontend: src/features/warehouseManagement | Backend: modules/warehouses"
"Q-425","Should I change the default warehouse while orders are being processed?","Warehouse Management","REVIEWED - MEANING RETAINED; FORMAT UPDATED","Meaning retained after section review.","Should I change the default warehouse while orders are being processed?","Only after checking the effect on active orders, inventory allocation, and marketplace synchronization.
A default change can unintentionally direct new operations to the wrong location.","Location: Warehouse Management
Only after checking the effect on active orders, inventory allocation, and marketplace synchronization.
A default change can unintentionally direct new operations to the wrong location.","","Frontend: src/router/routes.jsx; src/components/layout/Sidebar.jsx; src/i18n.js | Frontend: src/features/warehouseManagement | Backend: modules/warehouses"
"Q-426","Which Actions are available in Warehouse Management?","Warehouse Management","MODIFIED ANSWER; EDITED QUESTION; FORMAT UPDATED","Replaced guessed actions with the actual menu. Added the exact page name to distinguish this repeated question from similar controls on other pages.","What does Actions do?","Actions opens operations for the selected warehouse.
Possible functions may include viewing or editing warehouse information, but users should rely on the options actually displayed by the ERP.","Location: Warehouse Management
On Warehouse Management, open Actions beside the warehouse. Details shows the saved information, Edit opens the form, and Delete opens a confirmation. Set As Default is a separate switch in the table.","","Frontend: src/router/routes.jsx; src/components/layout/Sidebar.jsx; src/i18n.js | Frontend: src/features/warehouseManagement | Backend: modules/warehouses"
"Q-427","Can I edit a warehouse?","Warehouse Management","MODIFIED ANSWER; FORMAT UPDATED","Added exact edit sequence.","Can I edit a warehouse?","Editing may be available through Actions.
Before saving changes, verify the warehouse name, attribute, location, and effect on connected processes.","Location: Warehouse Management
Yes. Go to Warehouse Management, find the warehouse, and choose Actions > Edit. Check the name, classification, contact details, and address, then click Save. Editing the address does not move physical stock to a different site.","","Frontend: src/router/routes.jsx; src/components/layout/Sidebar.jsx; src/i18n.js | Frontend: src/features/warehouseManagement | Backend: modules/warehouses"
"Q-428","Can I delete a warehouse?","Warehouse Management","MODIFIED ANSWER; FORMAT UPDATED","Confirmed available control and specific default restriction without inventing other blocks.","Can I delete a warehouse?","A deletion option may be available under Actions, but it was not opened during the read-only review.
Never delete a warehouse without confirming:
Whether it contains inventory
Whether active orders use it
Whether inbound or outbound records reference it
Whether it is the default warehouse
Whether historical records will remain accessible
Whether deletion is reversible","Location: Warehouse Management
Warehouse Management > Actions > Delete opens a deletion confirmation. If the warehouse is the default and other warehouses exist, set another default first. Review its stock and active transactions before deletion; the screen has no restore button and you should not rely on it to resolve those dependencies for you.","","Frontend: src/router/routes.jsx; src/components/layout/Sidebar.jsx; src/i18n.js | Frontend: src/features/warehouseManagement | Backend: modules/warehouses"
"Q-429","Can I rename a warehouse safely?","Warehouse Management","MODIFIED ANSWER; FORMAT UPDATED","Replaced speculation with the edit behavior.","Can I rename a warehouse safely?","Renaming may be safe if the ERP uses an internal warehouse ID, but it can still confuse users and documentation.
Confirm that integrations, reports, exports, and marketplace mappings do not depend on the visible name.","Location: Warehouse Management
Use Warehouse Management > Actions > Edit to change Warehouse Name, then Save. The warehouse keeps its identity, but the new name appears in filters and records that display it. Tell staff about the change so they can still select the correct location.","","Frontend: src/router/routes.jsx; src/components/layout/Sidebar.jsx; src/i18n.js | Frontend: src/features/warehouseManagement | Backend: modules/warehouses"
"Q-430","Can I change a warehouse location after transactions exist?","Warehouse Management","MODIFIED ANSWER; FORMAT UPDATED; IMAGE CHECK NEEDED","Replaced uncertain capability wording with the actual Edit action.","Can I change a warehouse location after transactions exist?","It may be possible, but historical records could become confusing if the physical facility changed.
When a warehouse moves, creating a new location may sometimes be better than overwriting the old address. Follow the organization’s accounting and audit policy.
You can see the process through the app screenshots https://printernoble.com/chatbot/uploads/1788407492_WERP_Q-430.png","Location: Warehouse Management
An authorized user can open Warehouse Management > Actions > Edit to update the address fields. Use an address correction for the same location carefully. If goods are moving to a different physical warehouse, coordinate a separate location and recorded stock transfer so the inventory history remains understandable.","","Frontend: src/router/routes.jsx; src/components/layout/Sidebar.jsx; src/i18n.js | Frontend: src/features/warehouseManagement | Backend: modules/warehouses"
"Q-431","How do I add stock to a warehouse?","Warehouse Management","MODIFIED ANSWER; FORMAT UPDATED","Provided customer-ready menu paths.","How do I add stock to a warehouse?","Stock should normally be added through:
Manual Inbound
Regular Inbound
An authorized inventory adjustment workflow
Creating a warehouse alone does not add stock.","Location: Warehouse Management
For goods already received, go to Inventory Management > Manual inbound > Create Manual Inbound and record the actual SKU quantities for the warehouse. For goods still arriving, use Inventory Management > Inbound > Draft, then Ship and Receive at the appropriate stages. Adding a warehouse alone does not add stock.","","Frontend: src/router/routes.jsx; src/components/layout/Sidebar.jsx; src/i18n.js | Frontend: src/features/warehouseManagement | Backend: modules/warehouses"
"Q-432","How do I remove stock from a warehouse?","Warehouse Management","REVIEWED - MEANING RETAINED; FORMAT UPDATED","Meaning retained after section review.","How do I remove stock from a warehouse?","Stock can leave through:
Customer-order fulfillment
Outbound transactions
Returns to suppliers
Authorized inventory adjustments
The resulting movement should appear in Inventory Log.","Location: Warehouse Management
Stock can leave through:
- Customer-order fulfillment
- Outbound transactions
- Returns to suppliers
- Authorized inventory adjustments
The resulting movement should appear in Inventory Log.","","Frontend: src/router/routes.jsx; src/components/layout/Sidebar.jsx; src/i18n.js | Frontend: src/features/warehouseManagement | Backend: modules/warehouses"
"Q-433","How do I transfer stock between warehouses?","Warehouse Management","MODIFIED ANSWER; QUESTION VARIANTS ADDED; FORMAT UPDATED","Clarified that destination receipt is separate.","How do I transfer stock between warehouses?","A transfer may require:
Outbound from the source warehouse
Inbound into the destination warehouse
Do not manually increase one warehouse without recording the corresponding decrease in the other.","Location: Warehouse Management
Record the source shipment through Inventory Management > Outbound > Draft, then confirm Ship when goods leave. Record the destination receipt separately through Inventory Management > Inbound or Manual inbound when it arrives. Confirm the SKU and quantity in both warehouses. An outbound receiving-address field does not automatically create destination stock.","How do I move stock to another warehouse?; Does an outbound transfer add stock at the destination?","Frontend: src/router/routes.jsx; src/components/layout/Sidebar.jsx; src/i18n.js | Frontend: src/features/warehouseManagement | Backend: modules/warehouses"
"Q-434","Why is a SKU missing from a warehouse?","Warehouse Management","REVIEWED - MEANING RETAINED; FORMAT UPDATED","Meaning retained after section review.","Why is a SKU missing from a warehouse?","Possible reasons include:
Merchant SKU was not assigned to that warehouse.
No inbound stock was recorded.
SKU mapping is incomplete.
Inventory belongs to another warehouse.
Synchronization has not completed.
The warehouse filter is incorrect.","Location: Warehouse Management
Possible reasons include:
Merchant SKU was not assigned to that warehouse.
No inbound stock was recorded.
SKU mapping is incomplete.
Inventory belongs to another warehouse.
Synchronization has not completed.
The warehouse filter is incorrect.","","Frontend: src/router/routes.jsx; src/components/layout/Sidebar.jsx; src/i18n.js | Frontend: src/features/warehouseManagement | Backend: modules/warehouses"
"Q-435","Can inventory be negative?","Warehouse Management","MODIFIED ANSWER; FORMAT UPDATED","Confirmed visible validation instead of guessing negative-stock support.","Can inventory be negative?","The interface does not state whether negative inventory is allowed.
If a negative value appears elsewhere, check sales deductions, locked quantities, synchronization, outbound records, and Inventory Log.","Location: Warehouse Management
The Inventory List edit form accepts zero or positive Quantity and Lock Quantity, and Lock Quantity cannot exceed Quantity. If you see an unexpected negative stock value elsewhere, review the warehouse, order, and Inventory Log with support before making an adjustment.","","Frontend: src/router/routes.jsx; src/components/layout/Sidebar.jsx; src/i18n.js | Frontend: src/features/warehouseManagement | Backend: modules/warehouses"
"Q-436","How does a warehouse affect marketplace stock?","Warehouse Management","MODIFIED ANSWER; FORMAT UPDATED","Removed stock-alert thresholds as a claimed quantity-allocation rule.","How does a warehouse affect marketplace stock?","The ERP may synchronize warehouse inventory to mapped marketplace products.
The exact marketplace quantity can depend on:
SKU mapping
Sync groups
Available quantity
Locked quantity
Stock-alert rules
Warehouse-store configuration
Last synchronization","Location: Warehouse Management
Marketplace quantities depend on the product-to-Merchant-SKU mapping, its warehouse availability, any configured sync group, and a successful stock update. Lock Quantity reduces the available quantity. Stock-alert settings are warnings; changing a warning threshold does not itself create stock or change a marketplace quantity.","","Frontend: src/router/routes.jsx; src/components/layout/Sidebar.jsx; src/i18n.js | Frontend: src/features/warehouseManagement | Backend: modules/warehouses"
"Q-437","Can one marketplace store use multiple warehouses?","Warehouse Management","REVIEWED - MEANING RETAINED; FORMAT UPDATED","Meaning retained after section review.","Can one marketplace store use multiple warehouses?","Possibly, depending on the store and ERP configuration.
Users should verify store authorization, SKU mapping, and fulfillment rules before assuming how stock is allocated.","Location: Warehouse Management
Possibly, depending on the store and ERP configuration.
Users should verify store authorization, SKU mapping, and fulfillment rules before assuming how stock is allocated.","","Frontend: src/router/routes.jsx; src/components/layout/Sidebar.jsx; src/i18n.js | Frontend: src/features/warehouseManagement | Backend: modules/warehouses"
"Q-438","How does the ERP choose a warehouse for an order?","Warehouse Management","MODIFIED ANSWER; FORMAT UPDATED","Replaced speculative allocation rules with actionable supported checks.","How does the ERP choose a warehouse for an order?","It may use:
Default warehouse
Store configuration
SKU availability
Marketplace fulfillment settings
Manual user selection
Warehouse mapping rules
The list page does not show the exact allocation logic.","Location: Warehouse Management
For Manual Order and Platform Manual Order, choose Select Warehouse in the creation form. Marketplace orders depend on their saved product mappings and fulfillment information. If an order appears to use the wrong location, check its Details, SKU Mapping, and Inventory List before packing; do not assume stock will be taken from whichever warehouse has spare units.","","Frontend: src/router/routes.jsx; src/components/layout/Sidebar.jsx; src/i18n.js | Frontend: src/features/warehouseManagement | Backend: modules/warehouses"
"Q-439","What happens if the selected warehouse has no stock?","Warehouse Management","REVIEWED - MEANING RETAINED; FORMAT UPDATED","Meaning retained after section review.","What happens if the selected warehouse has no stock?","The order may be marked out of stock, packing may fail, or another warehouse may be required.
Check Inventory List, SKU Mapping, and Lock Quantity.","Location: Warehouse Management
The order may be marked out of stock, packing may fail, or another warehouse may be required.
Check Inventory List, SKU Mapping, and Lock Quantity.","","Frontend: src/router/routes.jsx; src/components/layout/Sidebar.jsx; src/i18n.js | Frontend: src/features/warehouseManagement | Backend: modules/warehouses"
"Q-440","Can I change an order's warehouse?","Warehouse Management","MODIFIED ANSWER; FORMAT UPDATED","Distinguished available edit surfaces.","Can I change an order’s warehouse?","That depends on the order status and available Actions.
Changing it after packing or shipment may create inventory and fulfillment discrepancies.","Location: Warehouse Management
Choose the correct warehouse before saving or processing an order. Platform Manual Order has an Edit form; a self-arranged Manual Order has Edit for delivery information, which is not a general warehouse-change form. For an already packed or shipped order, ask support to check the correction instead of assuming its warehouse can be changed safely.","","Frontend: src/router/routes.jsx; src/components/layout/Sidebar.jsx; src/i18n.js | Frontend: src/features/warehouseManagement | Backend: modules/warehouses"
"Q-441","Why might an order use the wrong warehouse?","Warehouse Management","REVIEWED - MEANING RETAINED; FORMAT UPDATED","Meaning retained after section review.","Why might an order use the wrong warehouse?","Possible reasons include:
Incorrect default warehouse
Incorrect store configuration
SKU assigned to the wrong warehouse
Incorrect mapping
Manual-order selection error
Synchronization delay
Insufficient stock at the intended warehouse","Location: Warehouse Management
Possible reasons include:
- Incorrect default warehouse
- Incorrect store configuration
- SKU assigned to the wrong warehouse
- Incorrect mapping
- Manual-order selection error
- Synchronization delay
- Insufficient stock at the intended warehouse","","Frontend: src/router/routes.jsx; src/components/layout/Sidebar.jsx; src/i18n.js | Frontend: src/features/warehouseManagement | Backend: modules/warehouses"
"Q-442","What do Previous and Next do in Warehouse Management?","Warehouse Management","REVIEWED - MEANING RETAINED; EDITED QUESTION; FORMAT UPDATED","Added the exact page name to distinguish this repeated question from similar controls on other pages.","What do Previous and Next do?","They move between warehouse-list pages.
They become disabled when there is no earlier or later page.","Location: Warehouse Management
They move between warehouse-list pages.
They become disabled when there is no earlier or later page.","","Frontend: src/router/routes.jsx; src/components/layout/Sidebar.jsx; src/i18n.js | Frontend: src/features/warehouseManagement | Backend: modules/warehouses"
"Q-443","What does the page-size number control do?","Warehouse Management","REVIEWED - MEANING RETAINED; FORMAT UPDATED","Meaning retained after section review.","What does the page-size number control do?","It controls how many warehouses are displayed on one page.
Changing it affects only the display and does not modify warehouse records.","Location: Warehouse Management
It controls how many warehouses are displayed on one page.
Changing it affects only the display and does not modify warehouse records.","","Frontend: src/router/routes.jsx; src/components/layout/Sidebar.jsx; src/i18n.js | Frontend: src/features/warehouseManagement | Backend: modules/warehouses"
"Q-444","Why are Previous and Next disabled?","Warehouse Management","MODIFIED ANSWER; FORMAT UPDATED; IMAGE CHECK NEEDED","Corrected the incomplete pagination explanation.","Why are Previous and Next disabled?","They are disabled when all matching warehouses fit on the current page.
You can see the process through the app screenshots https://printernoble.com/chatbot/uploads/1788407493_WERP_Q-444.png","Location: Warehouse Management
Previous is disabled on the first warehouse page, and Next is disabled on the last page. If all matching records fit on one page, both are disabled. Clear Search Warehouse to check whether other records were filtered out.","","Frontend: src/router/routes.jsx; src/components/layout/Sidebar.jsx; src/i18n.js | Frontend: src/features/warehouseManagement | Backend: modules/warehouses"
"Q-445","Can I sort the Warehouse List?","Warehouse Management","MODIFIED ANSWER; FORMAT UPDATED","Removed a guessed column-sort feature.","Can I sort the Warehouse List?","No obvious sorting control was visible during the review.
If column sorting is supported, it may activate by selecting a column heading.","Location: Warehouse Management
Warehouse Management does not show sortable column controls. Use Search Warehouse to narrow the list and the page controls to move through results.","","Frontend: src/router/routes.jsx; src/components/layout/Sidebar.jsx; src/i18n.js | Frontend: src/features/warehouseManagement | Backend: modules/warehouses"
"Q-446","Can I export or print the Warehouse List?","Warehouse Management","MODIFIED ANSWER; FORMAT UPDATED","Provided an existing alternative without inventing a report page.","Can I export or print the Warehouse List?","No visible Export or Print buttons appeared on the Warehouse Management page during the review.
If a warehouse report is needed, another reporting area or browser-print workflow may be required.","Location: Warehouse Management
Warehouse Management does not currently provide dedicated Export or Print controls. You can view warehouse stock under Inventory Management > Inventory List, select the required records, and use its Export or Print controls when that information meets your needs.","","Frontend: src/router/routes.jsx; src/components/layout/Sidebar.jsx; src/i18n.js | Frontend: src/features/warehouseManagement | Backend: modules/warehouses"
"Q-447","What should I check before creating a warehouse?","Warehouse Management","REVIEWED - MEANING RETAINED; FORMAT UPDATED","Meaning retained after section review.","What should I check before creating a warehouse?","Confirm:
The warehouse does not already exist.
Name follows the organization’s convention.
Attribute is correct.
Address is complete.
Country, state, city, and ZIP are accurate.
Default status is appropriate.
The user has authorization.","Location: Warehouse Management
Confirm:
The warehouse does not already exist.
Name follows the organization's convention.
Attribute is correct.
Address is complete.
Country, state, city, and ZIP are accurate.
Default status is appropriate.
The user has authorization.","","Frontend: src/router/routes.jsx; src/components/layout/Sidebar.jsx; src/i18n.js | Frontend: src/features/warehouseManagement | Backend: modules/warehouses"
"Q-448","Why is a newly created warehouse missing from filters?","Warehouse Management","REVIEWED - MEANING RETAINED; FORMAT UPDATED","Meaning retained after section review.","Why is a newly created warehouse missing from filters?","Possible reasons include:
Page needs refreshing.
Creation did not complete.
Warehouse is inactive.
User permissions restrict it.
Store or country scope excludes it.
Synchronization is delayed.","Location: Warehouse Management
Possible reasons include:
Page needs refreshing.
Creation did not complete.
Warehouse is inactive.
User permissions restrict it.
Store or country scope excludes it.
Synchronization is delayed.","","Frontend: src/router/routes.jsx; src/components/layout/Sidebar.jsx; src/i18n.js | Frontend: src/features/warehouseManagement | Backend: modules/warehouses"
"Q-449","Why does a warehouse show the wrong number of SKUs?","Warehouse Management","REVIEWED - MEANING RETAINED; FORMAT UPDATED","Meaning retained after section review.","Why does a warehouse show the wrong number of SKUs?","Check:
Inventory List filtered by that warehouse
Merchant SKU assignments
SKU Mapping
Recently completed inbound records
Outbound records
Synchronization status
Whether the total counts zero-quantity SKUs","Location: Warehouse Management
Check:
- Inventory List filtered by that warehouse
- Merchant SKU assignments
- SKU Mapping
- Recently completed inbound records
- Outbound records
- Synchronization status
- Whether the total counts zero-quantity SKUs","","Frontend: src/router/routes.jsx; src/components/layout/Sidebar.jsx; src/i18n.js | Frontend: src/features/warehouseManagement | Backend: modules/warehouses"
"Q-450","Why does a warehouse address look incomplete?","Warehouse Management","MODIFIED ANSWER; FORMAT UPDATED; IMAGE CHECK NEEDED","Added exact view/edit route.","Why does a warehouse address look incomplete?","Some address fields may be missing, hidden in the summary view, or stored in separate fields.
Open the appropriate view or edit screen without saving to inspect the complete address.
You can see the process through the app screenshots https://printernoble.com/chatbot/uploads/1788407494_WERP_Q-450.png","Location: Warehouse Management
Open Warehouse Management and choose the warehouse's Actions > Details to inspect the full information. If an address field is missing or wrong, an authorized user can use Edit, correct the field, and Save. Confirm the address before using the warehouse as a shipment sender.","","Frontend: src/router/routes.jsx; src/components/layout/Sidebar.jsx; src/i18n.js | Frontend: src/features/warehouseManagement | Backend: modules/warehouses"
"Q-451","What should I check before changing a warehouse?","Warehouse Management","REVIEWED - MEANING RETAINED; FORMAT UPDATED","Meaning retained after section review.","What should I check before changing a warehouse?","Review:
Active inventory
Pending inbound
Pending outbound
Active orders
Default-warehouse status
Store connections
Historical reporting
User permissions","Location: Warehouse Management
Review:
- Active inventory
- Pending inbound
- Pending outbound
- Active orders
- Default-warehouse status
- Store connections
- Historical reporting
- User permissions","","Frontend: src/router/routes.jsx; src/components/layout/Sidebar.jsx; src/i18n.js | Frontend: src/features/warehouseManagement | Backend: modules/warehouses"
"Q-452","Does searching or viewing a warehouse change anything?","Warehouse Management","REVIEWED - MEANING RETAINED; FORMAT UPDATED","Meaning retained after section review.","Does searching or viewing a warehouse change anything?","No. Searching, viewing the list, changing pages, or opening a read-only detail view should not modify warehouse data.","Location: Warehouse Management
No. Searching, viewing the list, changing pages, or opening a read-only detail view should not modify warehouse data.","","Frontend: src/router/routes.jsx; src/components/layout/Sidebar.jsx; src/i18n.js | Frontend: src/features/warehouseManagement | Backend: modules/warehouses"
"Q-453","Which warehouse actions require special care?","Warehouse Management","MODIFIED ANSWER; FORMAT UPDATED; IMAGE CHECK NEEDED","Removed unrelated controls from the warehouse action list.","Which warehouse actions require special care?","Use caution with:
Add New Warehouse
Edit
Set As Default
Delete
Assigning SKUs
Adjusting inventory
Changing location
Moving stock
Linking stores
These actions can affect inventory and order processing.
You can see the process through the app screenshots https://printernoble.com/chatbot/uploads/1788407521_WERP_Q-453.png","Location: Warehouse Management
Check carefully before Add New Warehouse, Edit, Set As Default, or Delete. A default change affects the company, and an address change can affect later shipments. Stock movements and SKU assignments are handled in their own product, inventory, and order pages; do not assume editing the warehouse performs those operations.","","Frontend: src/router/routes.jsx; src/components/layout/Sidebar.jsx; src/i18n.js | Frontend: src/features/warehouseManagement | Backend: modules/warehouses"
"Q-454","What is System Configuration?","System Configuration","REVIEWED - MEANING RETAINED; FORMAT UPDATED","Meaning retained after section review.","What is System Configuration?","System Configuration manages marketplace connections, user access, roles, and administrative settings.
It contains:
Store Authorization
Account Management
Sub Account
Role Management","Location: System Configuration
System Configuration manages marketplace connections, user access, roles, and administrative settings.
It contains:
- Store Authorization
- Account Management
- Sub Account
- Role Management","","Frontend: src/router/routes.jsx; src/components/layout/Sidebar.jsx; src/i18n.js | Frontend: src/features/systemConfigaration | Backend: modules/auth; modules/roles; modules/users/users.routes.js"
"Q-455","Who should use System Configuration?","System Configuration","REVIEWED - MEANING RETAINED; FORMAT UPDATED","Meaning retained after section review.","Who should use System Configuration?","It should generally be used by:
Account owners
System administrators
Authorized managers
Technical-support staff with approved access
Changes here can affect marketplace synchronization and user permissions.","Location: System Configuration
It should generally be used by:
- Account owners
- System administrators
- Authorized managers
- Technical-support staff with approved access
Changes here can affect marketplace synchronization and user permissions.","","Frontend: src/router/routes.jsx; src/components/layout/Sidebar.jsx; src/i18n.js | Frontend: src/features/systemConfigaration | Backend: modules/auth; modules/roles; modules/users/users.routes.js"
"Q-456","How do I open System Configuration?","System Configuration","REVIEWED - MEANING RETAINED; FORMAT UPDATED; IMAGE CHECK NEEDED","Meaning retained after section review.","How do I open System Configuration?","Click System Configuration in the main sidebar.
The section expands to show Store Authorization and Account Management.
You can see the process through the app screenshots https://printernoble.com/chatbot/uploads/1788407522_WERP_Q-456.png","Location: System Configuration
Click System Configuration in the main sidebar.
The section expands to show Store Authorization and Account Management.","","Frontend: src/router/routes.jsx; src/components/layout/Sidebar.jsx; src/i18n.js | Frontend: src/features/systemConfigaration | Backend: modules/auth; modules/roles; modules/users/users.routes.js"
"Q-457","What is Account Management?","System Configuration","REVIEWED - MEANING RETAINED; FORMAT UPDATED","Meaning retained after section review.","What is Account Management?","Account Management controls additional ERP users and their permissions.
It contains:
Sub Account
Role Management","Location: System Configuration
Account Management controls additional ERP users and their permissions.
It contains:
- Sub Account
- Role Management","","Frontend: src/router/routes.jsx; src/components/layout/Sidebar.jsx; src/i18n.js | Frontend: src/features/systemConfigaration | Backend: modules/auth; modules/roles; modules/users/users.routes.js"
"Q-458","Why is System Configuration sensitive?","System Configuration","REVIEWED - MEANING RETAINED; FORMAT UPDATED","Meaning retained after section review.","Why is System Configuration sensitive?","Actions in this section can:
Connect or disconnect marketplace stores
Change automated order behavior
Affect subscriptions
Add user accounts
Change roles and permissions
Grant access to operational or customer information","Location: System Configuration
Actions in this section can:
- Connect or disconnect marketplace stores
- Change automated order behavior
- Affect subscriptions
- Add user accounts
- Change roles and permissions
- Grant access to operational or customer information","","Frontend: src/router/routes.jsx; src/components/layout/Sidebar.jsx; src/i18n.js | Frontend: src/features/systemConfigaration | Backend: modules/auth; modules/roles; modules/users/users.routes.js"
"Q-459","Does viewing System Configuration change anything?","System Configuration","MODIFIED ANSWER; FORMAT UPDATED","Removed the nonexistent Disable button.","Does viewing System Configuration change anything?","No. Opening pages, searching, filtering, or changing pagination should not modify configuration.
Actions such as Add Store, Add Account, Add Role, Edit, Disable, Unlink, or Save can change the system.","Location: System Configuration
Viewing System Configuration, searching, or changing pages does not itself edit settings. Actions such as Add Store, Add Account, Add Role, Edit, Unlink, Delete, and Save can change records or access. Read the confirmation before continuing; there is no general Disable action on these account forms.","","Frontend: src/router/routes.jsx; src/components/layout/Sidebar.jsx; src/i18n.js | Frontend: src/features/systemConfigaration | Backend: modules/auth; modules/roles; modules/users/users.routes.js"
"Q-460","What is Store Authorization?","System Configuration > Store Authorization","REVIEWED - MEANING RETAINED; FORMAT UPDATED","Meaning retained after section review.","What is Store Authorization?","Store Authorization manages marketplace stores connected to the ERP.
An authorized connection may allow the ERP to synchronize:
Products
Orders
Returns
Inventory
Store information
Marketplace statuses","Location: System Configuration > Store Authorization
Store Authorization manages marketplace stores connected to the ERP.
An authorized connection may allow the ERP to synchronize:
- Products
- Orders
- Returns
- Inventory
- Store information
- Marketplace statuses","","Frontend: src/router/routes.jsx; src/components/layout/Sidebar.jsx; src/i18n.js | Frontend: src/features/systemConfigaration; src/features/pricing; src/components/layout/GiftReferralModalController.jsx | Backend: modules/platformStores; modules/subscription | Frontend: src/features/systemConfigaration | Backend: modules/auth; modules/roles; modules/users/users.routes.js"
"Q-461","What information appears in the Authorized Store List?","System Configuration > Store Authorization","REVIEWED - MEANING RETAINED; FORMAT UPDATED; IMAGE CHECK NEEDED","Meaning retained after section review.","What information appears in the Authorized Store List?","The table contains:
Select All
Marketplace Name
Store Nickname
Country
Authorization Status
Current Plan
Subscription
Days Left
Auto Order Accept
Auto Process Days
Create Time
Actions
You can see the process through the app screenshots https://printernoble.com/chatbot/uploads/1788407523_WERP_Q-461.png","Location: System Configuration > Store Authorization
The table contains:
- Select All
- Marketplace Name
- Store Nickname
- Country
- Authorization Status
- Current Plan
- Subscription
- Days Left
- Auto Order Accept
- Auto Process Days
- Create Time
- Actions","","Frontend: src/router/routes.jsx; src/components/layout/Sidebar.jsx; src/i18n.js | Frontend: src/features/systemConfigaration; src/features/pricing; src/components/layout/GiftReferralModalController.jsx | Backend: modules/platformStores; modules/subscription | Frontend: src/features/systemConfigaration | Backend: modules/auth; modules/roles; modules/users/users.routes.js"
"Q-462","What is Marketplace Name?","System Configuration > Store Authorization","REVIEWED - MEANING RETAINED; FORMAT UPDATED","Meaning retained after section review.","What is Marketplace Name?","It identifies the marketplace associated with the store, such as Shopee or TikTok.","Location: System Configuration > Store Authorization
It identifies the marketplace associated with the store, such as Shopee or TikTok.","","Frontend: src/router/routes.jsx; src/components/layout/Sidebar.jsx; src/i18n.js | Frontend: src/features/systemConfigaration; src/features/pricing; src/components/layout/GiftReferralModalController.jsx | Backend: modules/platformStores; modules/subscription | Frontend: src/features/systemConfigaration | Backend: modules/auth; modules/roles; modules/users/users.routes.js"
"Q-463","What is Store Nickname?","System Configuration > Store Authorization","REVIEWED - MEANING RETAINED; FORMAT UPDATED","Meaning retained after section review.","What is Store Nickname?","It is the store name or label used to identify the connected store inside the ERP.
A clear nickname is important when an account manages several stores.","Location: System Configuration > Store Authorization
It is the store name or label used to identify the connected store inside the ERP.
A clear nickname is important when an account manages several stores.","","Frontend: src/router/routes.jsx; src/components/layout/Sidebar.jsx; src/i18n.js | Frontend: src/features/systemConfigaration; src/features/pricing; src/components/layout/GiftReferralModalController.jsx | Backend: modules/platformStores; modules/subscription | Frontend: src/features/systemConfigaration | Backend: modules/auth; modules/roles; modules/users/users.routes.js"
"Q-464","Is Store Nickname always the public marketplace name?","System Configuration > Store Authorization","REVIEWED - MEANING RETAINED; FORMAT UPDATED","Meaning retained after section review.","Is Store Nickname always the public marketplace name?","Not necessarily. It may be the marketplace name, an imported identifier, or an internal nickname.","Location: System Configuration > Store Authorization
Not necessarily. It may be the marketplace name, an imported identifier, or an internal nickname.","","Frontend: src/router/routes.jsx; src/components/layout/Sidebar.jsx; src/i18n.js | Frontend: src/features/systemConfigaration; src/features/pricing; src/components/layout/GiftReferralModalController.jsx | Backend: modules/platformStores; modules/subscription | Frontend: src/features/systemConfigaration | Backend: modules/auth; modules/roles; modules/users/users.routes.js"
"Q-465","What is the Country column?","System Configuration > Store Authorization","REVIEWED - MEANING RETAINED; FORMAT UPDATED","Meaning retained after section review.","What is the Country column?","It identifies the country or marketplace region associated with the store.
The country can affect:
Currency
Shipping services
Marketplace rules
Subscription options
Product and order synchronization","Location: System Configuration > Store Authorization
It identifies the country or marketplace region associated with the store.
The country can affect:
- Currency
- Shipping services
- Marketplace rules
- Subscription options
- Product and order synchronization","","Frontend: src/router/routes.jsx; src/components/layout/Sidebar.jsx; src/i18n.js | Frontend: src/features/systemConfigaration; src/features/pricing; src/components/layout/GiftReferralModalController.jsx | Backend: modules/platformStores; modules/subscription | Frontend: src/features/systemConfigaration | Backend: modules/auth; modules/roles; modules/users/users.routes.js"
"Q-466","What does Authorization Status mean?","System Configuration > Store Authorization","REVIEWED - MEANING RETAINED; FORMAT UPDATED","Meaning retained after section review.","What does Authorization Status mean?","It shows whether the ERP currently has permission to connect to the store.
Visible filter categories include:
Authorized
Disabled","Location: System Configuration > Store Authorization
It shows whether the ERP currently has permission to connect to the store.
Visible filter categories include:
- Authorized
- Disabled","","Frontend: src/router/routes.jsx; src/components/layout/Sidebar.jsx; src/i18n.js | Frontend: src/features/systemConfigaration; src/features/pricing; src/components/layout/GiftReferralModalController.jsx | Backend: modules/platformStores; modules/subscription | Frontend: src/features/systemConfigaration | Backend: modules/auth; modules/roles; modules/users/users.routes.js"
"Q-467","What does Authorized mean?","System Configuration > Store Authorization","REVIEWED - MEANING RETAINED; FORMAT UPDATED","Meaning retained after section review.","What does Authorized mean?","Authorized means the connection is currently enabled according to the ERP.
It does not always guarantee that every synchronization request will succeed.","Location: System Configuration > Store Authorization
Authorized means the connection is currently enabled according to the ERP.
It does not always guarantee that every synchronization request will succeed.","","Frontend: src/router/routes.jsx; src/components/layout/Sidebar.jsx; src/i18n.js | Frontend: src/features/systemConfigaration; src/features/pricing; src/components/layout/GiftReferralModalController.jsx | Backend: modules/platformStores; modules/subscription | Frontend: src/features/systemConfigaration | Backend: modules/auth; modules/roles; modules/users/users.routes.js"
"Q-468","What does Disabled mean?","System Configuration > Store Authorization","REVIEWED - MEANING RETAINED; FORMAT UPDATED","Meaning retained after section review.","What does Disabled mean?","Disabled means the store connection is not currently active for normal operations.
Products, orders, returns, or stock updates may stop synchronizing.","Location: System Configuration > Store Authorization
Disabled means the store connection is not currently active for normal operations.
Products, orders, returns, or stock updates may stop synchronizing.","","Frontend: src/router/routes.jsx; src/components/layout/Sidebar.jsx; src/i18n.js | Frontend: src/features/systemConfigaration; src/features/pricing; src/components/layout/GiftReferralModalController.jsx | Backend: modules/platformStores; modules/subscription | Frontend: src/features/systemConfigaration | Backend: modules/auth; modules/roles; modules/users/users.routes.js"
"Q-469","Why might a store become disabled?","System Configuration > Store Authorization","MODIFIED ANSWER; FORMAT UPDATED","Separated authorization status from subscription validity.","Why might a store become disabled?","Possible causes include:
Authorization expired
Marketplace access was revoked
Store was disabled manually
Subscription expired
Marketplace credentials changed
Platform security review
Integration or API problem","Location: System Configuration > Store Authorization
Disabled means the ERP considers the store connection inactive. A failed connection can also result from revoked or expired marketplace access. Check Authorization Status and the error message, and check the subscription separately: an expired plan does not always change the authorization badge to Disabled.","","Frontend: src/router/routes.jsx; src/components/layout/Sidebar.jsx; src/i18n.js | Frontend: src/features/systemConfigaration; src/features/pricing; src/components/layout/GiftReferralModalController.jsx | Backend: modules/platformStores; modules/subscription | Frontend: src/features/systemConfigaration | Backend: modules/auth; modules/roles; modules/users/users.routes.js"
"Q-470","What should I check if an authorized store is not synchronizing?","System Configuration > Store Authorization","REVIEWED - MEANING RETAINED; FORMAT UPDATED","Meaning retained after section review.","What should I check if an authorized store is not synchronizing?","Check:
Authorization Status
Subscription and Days Left
Marketplace login and permissions
Store country
SKU Mapping
Last inventory synchronization
Order or return synchronization
Marketplace service status","Location: System Configuration > Store Authorization
Check:
- Authorization Status
- Subscription and Days Left
- Marketplace login and permissions
- Store country
- SKU Mapping
- Last inventory synchronization
- Order or return synchronization
- Marketplace service status","","Frontend: src/router/routes.jsx; src/components/layout/Sidebar.jsx; src/i18n.js | Frontend: src/features/systemConfigaration; src/features/pricing; src/components/layout/GiftReferralModalController.jsx | Backend: modules/platformStores; modules/subscription | Frontend: src/features/systemConfigaration | Backend: modules/auth; modules/roles; modules/users/users.routes.js"
"Q-471","What is Current Plan?","System Configuration > Store Authorization","MODIFIED ANSWER; FORMAT UPDATED; IMAGE CHECK NEEDED","Removed unsupported claims of differences in feature limits.","What is Current Plan?","It identifies the subscription plan assigned to the connected store.
Different plans may provide different features, limits, or subscription periods.
You can see the process through the app screenshots https://printernoble.com/chatbot/uploads/1788407524_WERP_Q-471.png","Location: System Configuration > Store Authorization
Current Plan identifies the store's assigned subscription plan. Check Subscription and Days Left alongside it to confirm the remaining access. Use Upgrade Plan to review the current plan duration, price, and listed features before purchasing.","","Frontend: src/router/routes.jsx; src/components/layout/Sidebar.jsx; src/i18n.js | Frontend: src/features/systemConfigaration; src/features/pricing; src/components/layout/GiftReferralModalController.jsx | Backend: modules/platformStores; modules/subscription | Frontend: src/features/systemConfigaration | Backend: modules/auth; modules/roles; modules/users/users.routes.js"
"Q-472","What does Subscription mean?","System Configuration > Store Authorization","REVIEWED - MEANING RETAINED; FORMAT UPDATED","Meaning retained after section review.","What does Subscription mean?","It shows subscription-related information for the store, such as its current validity or plan state.","Location: System Configuration > Store Authorization
It shows subscription-related information for the store, such as its current validity or plan state.","","Frontend: src/router/routes.jsx; src/components/layout/Sidebar.jsx; src/i18n.js | Frontend: src/features/systemConfigaration; src/features/pricing; src/components/layout/GiftReferralModalController.jsx | Backend: modules/platformStores; modules/subscription | Frontend: src/features/systemConfigaration | Backend: modules/auth; modules/roles; modules/users/users.routes.js"
"Q-473","What does Days Left mean?","System Configuration > Store Authorization","REVIEWED - MEANING RETAINED; FORMAT UPDATED","Meaning retained after section review.","What does Days Left mean?","It indicates how long the store’s current subscription remains active.
If it approaches zero, marketplace operations may be interrupted.","Location: System Configuration > Store Authorization
It indicates how long the store's current subscription remains active.
If it approaches zero, marketplace operations may be interrupted.","","Frontend: src/router/routes.jsx; src/components/layout/Sidebar.jsx; src/i18n.js | Frontend: src/features/systemConfigaration; src/features/pricing; src/components/layout/GiftReferralModalController.jsx | Backend: modules/platformStores; modules/subscription | Frontend: src/features/systemConfigaration | Backend: modules/auth; modules/roles; modules/users/users.routes.js"
"Q-474","What happens when a store subscription expires?","System Configuration > Store Authorization","REVIEWED - MEANING RETAINED; FORMAT UPDATED","Meaning retained after section review.","What happens when a store subscription expires?","Depending on the plan rules, the ERP may restrict:
Order synchronization
Product synchronization
Stock synchronization
Return synchronization
Marketplace-processing operations
Existing ERP records should not automatically be assumed to be deleted.","Location: System Configuration > Store Authorization
Depending on the plan rules, the ERP may restrict:
- Order synchronization
- Product synchronization
- Stock synchronization
- Return synchronization
- Marketplace-processing operations
Existing ERP records should not automatically be assumed to be deleted.","","Frontend: src/router/routes.jsx; src/components/layout/Sidebar.jsx; src/i18n.js | Frontend: src/features/systemConfigaration; src/features/pricing; src/components/layout/GiftReferralModalController.jsx | Backend: modules/platformStores; modules/subscription | Frontend: src/features/systemConfigaration | Backend: modules/auth; modules/roles; modules/users/users.routes.js"
"Q-475","Is subscription expiration the same as authorization expiration?","System Configuration > Store Authorization","REVIEWED - MEANING RETAINED; FORMAT UPDATED","Meaning retained after section review.","Is subscription expiration the same as authorization expiration?","No.
Subscription expiration concerns the ERP plan.
Authorization expiration concerns the marketplace connection.
A store may have a valid plan but an invalid authorization, or valid authorization but an expired plan.","Location: System Configuration > Store Authorization
No.
Subscription expiration concerns the ERP plan.
Authorization expiration concerns the marketplace connection.
A store may have a valid plan but an invalid authorization, or valid authorization but an expired plan.","","Frontend: src/router/routes.jsx; src/components/layout/Sidebar.jsx; src/i18n.js | Frontend: src/features/systemConfigaration; src/features/pricing; src/components/layout/GiftReferralModalController.jsx | Backend: modules/platformStores; modules/subscription | Frontend: src/features/systemConfigaration | Backend: modules/auth; modules/roles; modules/users/users.routes.js"
"Q-476","What is Auto Order Accept?","System Configuration > Store Authorization","MODIFIED ANSWER; FORMAT UPDATED; IMAGE CHECK NEEDED","Confirmed To Pack, weekday schedule, and execution conditions.","What is Auto Order Accept?","It controls whether eligible marketplace orders are accepted automatically.
If disabled, a user may need to accept orders manually.
You can see the process through the app screenshots https://printernoble.com/chatbot/uploads/1788407525_WERP_Q-476.png","Location: System Configuration > Store Authorization
Auto Order Accept lets the ERP attempt eligible To Pack orders automatically on the weekdays you select. The schedule runs hourly when the automation is running and the store meets the access and subscription checks. It does not guarantee that every order will succeed; review packing failures and stock problems.","","Frontend: src/router/routes.jsx; src/components/layout/Sidebar.jsx; src/i18n.js | Frontend: src/features/systemConfigaration; src/features/pricing; src/components/layout/GiftReferralModalController.jsx | Backend: modules/platformStores; modules/subscription | Frontend: src/features/systemConfigaration | Backend: modules/auth; modules/roles; modules/users/users.routes.js"
"Q-477","What are the risks of Auto Order Accept?","System Configuration > Store Authorization","REVIEWED - MEANING RETAINED; FORMAT UPDATED","Meaning retained after section review.","What are the risks of Auto Order Accept?","Automatic acceptance can accept orders before staff manually verify:
Inventory
Product mapping
Warehouse capacity
Pricing problems
Shipping availability
The setting should match the organization’s order-processing policy.","Location: System Configuration > Store Authorization
Automatic acceptance can accept orders before staff manually verify:
- Inventory
- Product mapping
- Warehouse capacity
- Pricing problems
- Shipping availability
The setting should match the organization's order-processing policy.","","Frontend: src/router/routes.jsx; src/components/layout/Sidebar.jsx; src/i18n.js | Frontend: src/features/systemConfigaration; src/features/pricing; src/components/layout/GiftReferralModalController.jsx | Backend: modules/platformStores; modules/subscription | Frontend: src/features/systemConfigaration | Backend: modules/auth; modules/roles; modules/users/users.routes.js"
"Q-478","When is Auto Order Accept useful?","System Configuration > Store Authorization","REVIEWED - MEANING RETAINED; FORMAT UPDATED","Meaning retained after section review.","When is Auto Order Accept useful?","It may be useful when:
Inventory is accurate.
SKU mapping is complete.
Stores process many orders.
Warehouse operations are reliable.
Marketplace deadlines are short.","Location: System Configuration > Store Authorization
It may be useful when:
Inventory is accurate.
SKU mapping is complete.
Stores process many orders.
Warehouse operations are reliable.
Marketplace deadlines are short.","","Frontend: src/router/routes.jsx; src/components/layout/Sidebar.jsx; src/i18n.js | Frontend: src/features/systemConfigaration; src/features/pricing; src/components/layout/GiftReferralModalController.jsx | Backend: modules/platformStores; modules/subscription | Frontend: src/features/systemConfigaration | Backend: modules/auth; modules/roles; modules/users/users.routes.js"
"Q-479","When should Auto Order Accept be disabled?","System Configuration > Store Authorization","REVIEWED - MEANING RETAINED; FORMAT UPDATED","Meaning retained after section review.","When should Auto Order Accept be disabled?","Consider disabling it when:
Inventory is unreliable.
Products are frequently unmapped.
Orders need manual review.
The store is temporarily inactive.
Fulfillment capacity is limited.
A marketplace integration is being tested.","Location: System Configuration > Store Authorization
Consider disabling it when:
Inventory is unreliable.
Products are frequently unmapped.
Orders need manual review.
The store is temporarily inactive.
Fulfillment capacity is limited.
A marketplace integration is being tested.","","Frontend: src/router/routes.jsx; src/components/layout/Sidebar.jsx; src/i18n.js | Frontend: src/features/systemConfigaration; src/features/pricing; src/components/layout/GiftReferralModalController.jsx | Backend: modules/platformStores; modules/subscription | Frontend: src/features/systemConfigaration | Backend: modules/auth; modules/roles; modules/users/users.routes.js"
"Q-480","What does Auto Process Days mean?","System Configuration > Store Authorization","MODIFIED ANSWER; QUESTION VARIANTS ADDED; FORMAT UPDATED; IMAGE CHECK NEEDED","Resolved weekday selection versus delay duration.","What does Auto Process Days mean?","It appears to control an automated order-processing period or schedule.
The exact calculation is not explained by the list page. Users should verify the configuration form or product documentation before changing it.
You can see the process through the app screenshots https://printernoble.com/chatbot/uploads/1788407526_WERP_Q-480.png","Location: System Configuration > Store Authorization
Auto Process Days means the weekdays when Auto Order Accept is allowed to run. In System Configuration > Store Authorization, open the store's day setting, select the required weekdays, and click Save Days. Choose at least one day. It is not a number of days to wait before processing an order.","How do I choose automatic processing weekdays?; Is Auto Process Days a delay?","Frontend: src/router/routes.jsx; src/components/layout/Sidebar.jsx; src/i18n.js | Frontend: src/features/systemConfigaration; src/features/pricing; src/components/layout/GiftReferralModalController.jsx | Backend: modules/platformStores; modules/subscription | Frontend: src/features/systemConfigaration | Backend: modules/auth; modules/roles; modules/users/users.routes.js"
"Q-481","Can changing Auto Process Days affect existing orders?","System Configuration > Store Authorization","MODIFIED ANSWER; FORMAT UPDATED","Clarified that the schedule is not limited to newly created orders.","Can changing Auto Process Days affect existing orders?","Potentially. It may affect when eligible orders are automatically processed.
Confirm whether the setting applies only to new orders or also to existing pending orders.","Location: System Configuration > Store Authorization
Yes. The setting controls which weekdays the automation can run against eligible To Pack orders, including pending orders already waiting when a scheduled run begins. Review your chosen weekdays and existing workload before saving.","","Frontend: src/router/routes.jsx; src/components/layout/Sidebar.jsx; src/i18n.js | Frontend: src/features/systemConfigaration; src/features/pricing; src/components/layout/GiftReferralModalController.jsx | Backend: modules/platformStores; modules/subscription | Frontend: src/features/systemConfigaration | Backend: modules/auth; modules/roles; modules/users/users.routes.js"
"Q-482","What does Create Time mean in Store Authorization?","System Configuration > Store Authorization","REVIEWED - MEANING RETAINED; EDITED QUESTION; FORMAT UPDATED","Added the exact page name to distinguish this repeated question from similar controls on other pages.","What does Create Time mean?","It indicates when the store-authorization record was created in the ERP.
It is not necessarily the same as when the marketplace store itself was created.","Location: System Configuration > Store Authorization
It indicates when the store-authorization record was created in the ERP.
It is not necessarily the same as when the marketplace store itself was created.","","Frontend: src/router/routes.jsx; src/components/layout/Sidebar.jsx; src/i18n.js | Frontend: src/features/systemConfigaration; src/features/pricing; src/components/layout/GiftReferralModalController.jsx | Backend: modules/platformStores; modules/subscription | Frontend: src/features/systemConfigaration | Backend: modules/auth; modules/roles; modules/users/users.routes.js"
"Q-483","Which Actions are available in Store Authorization?","System Configuration > Store Authorization","MODIFIED ANSWER; EDITED QUESTION; FORMAT UPDATED","Removed nonexistent reauthorization and disable menu items. Added the exact page name to distinguish this repeated question from similar controls on other pages.","What does Actions do?","Actions opens store-specific configuration operations.
Possible functions may include viewing, editing, renewing, reauthorizing, enabling, disabling, or removing a store connection. Users should rely on the actual menu displayed.","Location: System Configuration > Store Authorization
In System Configuration > Store Authorization, the store row provides Upgrade Plan, Details, Edit, Set Permission, and Unlink. Edit changes Store Nickname; Set Permission assigns Sub Account store access. Auto Order Accept and Auto Process Days have their own controls in the row.","","Frontend: src/router/routes.jsx; src/components/layout/Sidebar.jsx; src/i18n.js | Frontend: src/features/systemConfigaration; src/features/pricing; src/components/layout/GiftReferralModalController.jsx | Backend: modules/platformStores; modules/subscription | Frontend: src/features/systemConfigaration | Backend: modules/auth; modules/roles; modules/users/users.routes.js"
"Q-484","What does Add Store do?","System Configuration > Store Authorization","MODIFIED ANSWER; QUESTION VARIANTS ADDED; FORMAT UPDATED; IMAGE CHECK NEEDED","Matched the full actual store-authorization form.","What does Add Store do?","Add Store begins the process of connecting another marketplace store.
It may redirect to a marketplace authorization page where the user grants access.
You can see the process through the app screenshots https://printernoble.com/chatbot/uploads/1788407527_WERP_Q-484.png","Location: System Configuration > Store Authorization
1. Go to System Configuration > Store Authorization.
2. Click Add Store to open Add New Shop.
3. Choose Platform: Shopee or TikTok.
4. Select Country, then click Authorize.
5. Complete the marketplace sign-in and approval for the correct store.
6. Return to Authorized Store List and check the connected store and Authorization Status.","How can I add a new store?; How do I connect my Shopee shop?; How do I authorize my TikTok store?","Frontend: src/router/routes.jsx; src/components/layout/Sidebar.jsx; src/i18n.js | Frontend: src/features/systemConfigaration; src/features/pricing; src/components/layout/GiftReferralModalController.jsx | Backend: modules/platformStores; modules/subscription | Frontend: src/features/systemConfigaration | Backend: modules/auth; modules/roles; modules/users/users.routes.js"
"Q-485","What should I prepare before adding a store?","System Configuration > Store Authorization","REVIEWED - MEANING RETAINED; FORMAT UPDATED","Meaning retained after section review.","What should I prepare before adding a store?","Prepare:
Marketplace account access
Correct store account
Country or region
Permission to authorize integrations
Subscription choice, if required
Understanding of requested permissions","Location: System Configuration > Store Authorization
Prepare:
- Marketplace account access
- Correct store account
- Country or region
- Permission to authorize integrations
- Subscription choice, if required
- Understanding of requested permissions","","Frontend: src/router/routes.jsx; src/components/layout/Sidebar.jsx; src/i18n.js | Frontend: src/features/systemConfigaration; src/features/pricing; src/components/layout/GiftReferralModalController.jsx | Backend: modules/platformStores; modules/subscription | Frontend: src/features/systemConfigaration | Backend: modules/auth; modules/roles; modules/users/users.routes.js"
"Q-486","Will clicking Add Store immediately connect a store?","System Configuration > Store Authorization","MODIFIED ANSWER; FORMAT UPDATED","Added exact controls.","Will clicking Add Store immediately connect a store?","No. It should begin an authorization workflow.
The connection is normally created only after marketplace authentication and authorization are completed.","Location: System Configuration > Store Authorization
No. Add Store opens Add New Shop. You must choose Platform and Country, click Authorize, and finish the marketplace approval before the connection is completed. Check the store name and country before granting access.","","Frontend: src/router/routes.jsx; src/components/layout/Sidebar.jsx; src/i18n.js | Frontend: src/features/systemConfigaration; src/features/pricing; src/components/layout/GiftReferralModalController.jsx | Backend: modules/platformStores; modules/subscription | Frontend: src/features/systemConfigaration | Backend: modules/auth; modules/roles; modules/users/users.routes.js"
"Q-487","Why might the marketplace ask me to sign in?","System Configuration > Store Authorization","REVIEWED - MEANING RETAINED; FORMAT UPDATED","Meaning retained after section review.","Why might the marketplace ask me to sign in?","The marketplace needs to confirm which account and store are granting access to the ERP.
Always verify the marketplace domain before entering credentials.","Location: System Configuration > Store Authorization
The marketplace needs to confirm which account and store are granting access to the ERP.
Always verify the marketplace domain before entering credentials.","","Frontend: src/router/routes.jsx; src/components/layout/Sidebar.jsx; src/i18n.js | Frontend: src/features/systemConfigaration; src/features/pricing; src/components/layout/GiftReferralModalController.jsx | Backend: modules/platformStores; modules/subscription | Frontend: src/features/systemConfigaration | Backend: modules/auth; modules/roles; modules/users/users.routes.js"
"Q-488","Should I share the marketplace password with ERP staff?","System Configuration > Store Authorization","REVIEWED - MEANING RETAINED; FORMAT UPDATED","Meaning retained after section review.","Should I share the marketplace password with ERP staff?","No. The store owner or authorized administrator should complete marketplace sign-in through the official authorization page.
Passwords should not be sent through messages or documentation.","Location: System Configuration > Store Authorization
No. The store owner or authorized administrator should complete marketplace sign-in through the official authorization page.
Passwords should not be sent through messages or documentation.","","Frontend: src/router/routes.jsx; src/components/layout/Sidebar.jsx; src/i18n.js | Frontend: src/features/systemConfigaration; src/features/pricing; src/components/layout/GiftReferralModalController.jsx | Backend: modules/platformStores; modules/subscription | Frontend: src/features/systemConfigaration | Backend: modules/auth; modules/roles; modules/users/users.routes.js"
"Q-489","What permissions might store authorization request?","System Configuration > Store Authorization","REVIEWED - MEANING RETAINED; FORMAT UPDATED","Meaning retained after section review.","What permissions might store authorization request?","Depending on the marketplace, it may request access to:
Products
Orders
Inventory
Shipping
Returns
Store information
Review the authorization screen before approving it.","Location: System Configuration > Store Authorization
Depending on the marketplace, it may request access to:
- Products
- Orders
- Inventory
- Shipping
- Returns
- Store information
Review the authorization screen before approving it.","","Frontend: src/router/routes.jsx; src/components/layout/Sidebar.jsx; src/i18n.js | Frontend: src/features/systemConfigaration; src/features/pricing; src/components/layout/GiftReferralModalController.jsx | Backend: modules/platformStores; modules/subscription | Frontend: src/features/systemConfigaration | Backend: modules/auth; modules/roles; modules/users/users.routes.js"
"Q-490","Can I authorize the wrong store accidentally?","System Configuration > Store Authorization","REVIEWED - MEANING RETAINED; FORMAT UPDATED","Meaning retained after section review.","Can I authorize the wrong store accidentally?","Yes, especially if several marketplace accounts are signed in.
Before completing authorization, verify the marketplace account, store name, and country.","Location: System Configuration > Store Authorization
Yes, especially if several marketplace accounts are signed in.
Before completing authorization, verify the marketplace account, store name, and country.","","Frontend: src/router/routes.jsx; src/components/layout/Sidebar.jsx; src/i18n.js | Frontend: src/features/systemConfigaration; src/features/pricing; src/components/layout/GiftReferralModalController.jsx | Backend: modules/platformStores; modules/subscription | Frontend: src/features/systemConfigaration | Backend: modules/auth; modules/roles; modules/users/users.routes.js"
"Q-491","What does the platform filter do in Store Authorization?","System Configuration > Store Authorization","REVIEWED - MEANING RETAINED; EDITED QUESTION; FORMAT UPDATED; IMAGE CHECK NEEDED","Added the exact page name to distinguish this repeated question from similar controls on other pages.","What does the platform filter do?","It limits the Authorized Store List by marketplace.
Available platform filters include:
All Platforms
Shopee
TikTok
You can see the process through the app screenshots https://printernoble.com/chatbot/uploads/1788407528_WERP_Q-491.png","Location: System Configuration > Store Authorization
It limits the Authorized Store List by marketplace.
Available platform filters include:
- All Platforms
- Shopee
- TikTok","","Frontend: src/router/routes.jsx; src/components/layout/Sidebar.jsx; src/i18n.js | Frontend: src/features/systemConfigaration; src/features/pricing; src/components/layout/GiftReferralModalController.jsx | Backend: modules/platformStores; modules/subscription | Frontend: src/features/systemConfigaration | Backend: modules/auth; modules/roles; modules/users/users.routes.js"
"Q-492","What does the authorization-status filter do?","System Configuration > Store Authorization","REVIEWED - MEANING RETAINED; FORMAT UPDATED; IMAGE CHECK NEEDED","Meaning retained after section review.","What does the authorization-status filter do?","It limits the list to:
All
Authorized
Disabled
You can see the process through the app screenshots https://printernoble.com/chatbot/uploads/1788407529_WERP_Q-492.png","Location: System Configuration > Store Authorization
It limits the list to:
- All
- Authorized
- Disabled","","Frontend: src/router/routes.jsx; src/components/layout/Sidebar.jsx; src/i18n.js | Frontend: src/features/systemConfigaration; src/features/pricing; src/components/layout/GiftReferralModalController.jsx | Backend: modules/platformStores; modules/subscription | Frontend: src/features/systemConfigaration | Backend: modules/auth; modules/roles; modules/users/users.routes.js"
"Q-493","How do I find a store?","System Configuration > Store Authorization","REVIEWED - MEANING RETAINED; FORMAT UPDATED; IMAGE CHECK NEEDED","Meaning retained after section review.","How do I find a store?","Use the platform filter, authorization-status filter, and Search field.
Search using the store nickname or another recognizable store identifier.
You can see the process through the app screenshots https://printernoble.com/chatbot/uploads/1788407530_WERP_Q-493.png","Location: System Configuration > Store Authorization
Use the platform filter, authorization-status filter, and Search field.
Search using the store nickname or another recognizable store identifier.","","Frontend: src/router/routes.jsx; src/components/layout/Sidebar.jsx; src/i18n.js | Frontend: src/features/systemConfigaration; src/features/pricing; src/components/layout/GiftReferralModalController.jsx | Backend: modules/platformStores; modules/subscription | Frontend: src/features/systemConfigaration | Backend: modules/auth; modules/roles; modules/users/users.routes.js"
"Q-494","What does Select All do in Store Authorization?","System Configuration > Store Authorization","MODIFIED ANSWER; EDITED QUESTION; FORMAT UPDATED","Explained the actual use of selection. Added the exact page name to distinguish this repeated question from similar controls on other pages.","What does Select All do?","It selects all visible store records for a possible batch action.
No bulk-operation control was visibly identified during the review, so selection may support context-dependent actions.","Location: System Configuration > Store Authorization
Select All selects the stores in the currently filtered list for list output. Check the selected count before Export or Print. It does not authorize, unlink, or change Auto Order Accept for those stores.","","Frontend: src/router/routes.jsx; src/components/layout/Sidebar.jsx; src/i18n.js | Frontend: src/features/systemConfigaration; src/features/pricing; src/components/layout/GiftReferralModalController.jsx | Backend: modules/platformStores; modules/subscription | Frontend: src/features/systemConfigaration | Backend: modules/auth; modules/roles; modules/users/users.routes.js"
"Q-495","What do Export and Print do in Store Authorization?","System Configuration > Store Authorization","MODIFIED ANSWER; EDITED QUESTION; FORMAT UPDATED; IMAGE CHECK NEEDED","Confirmed selected scope and formats. Added the exact page name to distinguish this repeated question from similar controls on other pages.","What do Export and Print do?","Export downloads store-authorization information.
Print prepares the list for printing.
These outputs may expose store and subscription information and should be handled securely.
You can see the process through the app screenshots https://printernoble.com/chatbot/uploads/1788407531_WERP_Q-495.png","Location: System Configuration > Store Authorization
Select the required rows in System Configuration > Store Authorization. Use Export to choose CSV or Excel, or Print to prepare the selected store information. Check that the selection contains only the stores you need.","","Frontend: src/router/routes.jsx; src/components/layout/Sidebar.jsx; src/i18n.js | Frontend: src/features/systemConfigaration; src/features/pricing; src/components/layout/GiftReferralModalController.jsx | Backend: modules/platformStores; modules/subscription | Frontend: src/features/systemConfigaration | Backend: modules/auth; modules/roles; modules/users/users.routes.js"
"Q-496","Can I remove or disconnect a store?","System Configuration > Store Authorization","MODIFIED ANSWER; FORMAT UPDATED","Documented actual consequential unlink behavior.","Can I remove or disconnect a store?","A relevant option may be available under Actions.
Before disconnecting a store, confirm:
Pending orders
Pending returns
Inventory synchronization
Product mappings
Subscription implications
Whether reconnection is possible
Whether historical records will remain accessible","Location: System Configuration > Store Authorization
Go to System Configuration > Store Authorization, find the store, and choose Unlink. Read the confirmation carefully. Unlink removes the ERP store connection, its associated product mappings and imported product records, and its assigned store-access links. Finish or review outstanding work before confirming.","","Frontend: src/router/routes.jsx; src/components/layout/Sidebar.jsx; src/i18n.js | Frontend: src/features/systemConfigaration; src/features/pricing; src/components/layout/GiftReferralModalController.jsx | Backend: modules/platformStores; modules/subscription | Frontend: src/features/systemConfigaration | Backend: modules/auth; modules/roles; modules/users/users.routes.js"
"Q-497","Does disconnecting a store delete its marketplace data?","System Configuration > Store Authorization","MODIFIED ANSWER; FORMAT UPDATED","Replaced uncertain local-data scope with backend behavior.","Does disconnecting a store delete its marketplace data?","It should not delete the store’s marketplace account itself, but it may stop synchronization.
The effect on local ERP records should be confirmed before proceeding.","Location: System Configuration > Store Authorization
Unlink does not delete your marketplace seller account. It removes the ERP connection and associated local product mappings and imported products, so synchronization for that connection stops. Check pending orders and any paid-plan implications before unlinking.","","Frontend: src/router/routes.jsx; src/components/layout/Sidebar.jsx; src/i18n.js | Frontend: src/features/systemConfigaration; src/features/pricing; src/components/layout/GiftReferralModalController.jsx | Backend: modules/platformStores; modules/subscription | Frontend: src/features/systemConfigaration | Backend: modules/auth; modules/roles; modules/users/users.routes.js"
"Q-498","What is the difference between disabling and removing a store?","System Configuration > Store Authorization","MODIFIED ANSWER; FORMAT UPDATED","Separated status, removal, and automation controls.","What is the difference between disabling and removing a store?","Typically:
Disable preserves the connection record but stops operations.
Remove disconnects or deletes the authorization record.
The ERP’s exact behavior should be verified before using either action.","Location: System Configuration > Store Authorization
Disabled is an authorization-status label. Unlink is a separate action that removes the ERP store connection and related mappings and imported products. The current Actions area does not provide a general Disable Store button. Do not use Unlink just to pause Auto Order Accept; use its switch instead.","","Frontend: src/router/routes.jsx; src/components/layout/Sidebar.jsx; src/i18n.js | Frontend: src/features/systemConfigaration; src/features/pricing; src/components/layout/GiftReferralModalController.jsx | Backend: modules/platformStores; modules/subscription | Frontend: src/features/systemConfigaration | Backend: modules/auth; modules/roles; modules/users/users.routes.js"
"Q-499","How can I safely reauthorize a store?","System Configuration > Store Authorization","MODIFIED ANSWER; FORMAT UPDATED","Removed a nonexistent Reauthorize instruction.","How can I safely reauthorize a store?","A safe process is:
Confirm the correct store.
Check active orders.
Open the store’s Actions menu.
Choose the reauthorization option, if available.
Verify the official marketplace domain.
Sign in as the authorized store owner.
Review requested permissions.
Complete authorization.
Confirm that synchronization resumes.","Location: System Configuration > Store Authorization
Open System Configuration > Store Authorization and check the affected store and error first. The current store menu does not show a Reauthorize button. Contact support for the supported reconnection procedure for that existing store; do not unlink it as a first step because unlinking removes its ERP mappings and imported products.","","Frontend: src/router/routes.jsx; src/components/layout/Sidebar.jsx; src/i18n.js | Frontend: src/features/systemConfigaration; src/features/pricing; src/components/layout/GiftReferralModalController.jsx | Backend: modules/platformStores; modules/subscription | Frontend: src/features/systemConfigaration | Backend: modules/auth; modules/roles; modules/users/users.routes.js"
"Q-500","What is a Sub Account?","System Configuration > Account Management > Sub Account","REVIEWED - MEANING RETAINED; FORMAT UPDATED; IMAGE CHECK NEEDED","Meaning retained after section review.","What is a Sub Account?","A Sub Account is an additional ERP user operating under the main account.
It allows staff members to use their own login and assigned permissions.
You can see the process through the app screenshots https://printernoble.com/chatbot/uploads/1788407532_WERP_Q-500.png","Location: System Configuration > Account Management > Sub Account
A Sub Account is an additional ERP user operating under the main account.
It allows staff members to use their own login and assigned permissions.","","Frontend: src/router/routes.jsx; src/components/layout/Sidebar.jsx; src/i18n.js | Frontend: src/features/systemConfigaration | Backend: modules/auth; modules/roles; modules/users/users.routes.js | Frontend: src/components/layout; src/features/auth"
"Q-501","Why should staff use Sub Accounts?","System Configuration > Account Management > Sub Account","REVIEWED - MEANING RETAINED; FORMAT UPDATED","Meaning retained after section review.","Why should staff use Sub Accounts?","Sub Accounts provide better:
Security
Accountability
Permission control
User separation
Auditability
Access removal when staff leave
Staff should not share the owner’s login.","Location: System Configuration > Account Management > Sub Account
Sub Accounts provide better:
- Security
- Accountability
- Permission control
- User separation
- Auditability
- Access removal when staff leave
Staff should not share the owner's login.","","Frontend: src/router/routes.jsx; src/components/layout/Sidebar.jsx; src/i18n.js | Frontend: src/features/systemConfigaration | Backend: modules/auth; modules/roles; modules/users/users.routes.js | Frontend: src/components/layout; src/features/auth"
"Q-502","What information appears in the Sub Account table?","System Configuration > Account Management > Sub Account","REVIEWED - MEANING RETAINED; FORMAT UPDATED; IMAGE CHECK NEEDED","Meaning retained after section review.","What information appears in the Sub Account table?","The table contains:
Select
Image
Name
ID
Role
Create Time
Actions
You can see the process through the app screenshots https://printernoble.com/chatbot/uploads/1788407533_WERP_Q-502.png","Location: System Configuration > Account Management > Sub Account
The table contains:
- Select
- Image
- Name
- ID
- Role
- Create Time
- Actions","","Frontend: src/router/routes.jsx; src/components/layout/Sidebar.jsx; src/i18n.js | Frontend: src/features/systemConfigaration | Backend: modules/auth; modules/roles; modules/users/users.routes.js | Frontend: src/components/layout; src/features/auth"
"Q-503","What does the Image column show in Sub Account?","System Configuration > Account Management > Sub Account","REVIEWED - MEANING RETAINED; EDITED QUESTION; FORMAT UPDATED","Added the exact page name to distinguish this repeated question from similar controls on other pages.","What does the Image column show?","It displays the user’s profile image or avatar.","Location: System Configuration > Account Management > Sub Account
It displays the user's profile image or avatar.","","Frontend: src/router/routes.jsx; src/components/layout/Sidebar.jsx; src/i18n.js | Frontend: src/features/systemConfigaration | Backend: modules/auth; modules/roles; modules/users/users.routes.js | Frontend: src/components/layout; src/features/auth"
"Q-504","Where can a Sub Account profile image be added?","System Configuration > Account Management > Sub Account","MODIFIED ANSWER; FORMAT UPDATED; IMAGE CHECK NEEDED","Confirmed image field and creation/edit labels.","Where can a Sub Account profile image be added?","The image option may appear inside Add Account or an account-editing form.
Use an appropriate staff image or approved avatar, and avoid uploading unnecessary personal information.
You can see the process through the app screenshots https://printernoble.com/chatbot/uploads/1788407534_WERP_Q-504.png","Location: System Configuration > Account Management > Sub Account
As the owner, open System Configuration > Account Management > Sub Account. Click Add Account, or Actions > Edit beside a staff member. Under Employee's Photo, click Browse File or Change Photo and select a JPEG or PNG smaller than 5 MB, then Save or Update the form.","","Frontend: src/router/routes.jsx; src/components/layout/Sidebar.jsx; src/i18n.js | Frontend: src/features/systemConfigaration | Backend: modules/auth; modules/roles; modules/users/users.routes.js | Frontend: src/components/layout; src/features/auth"
"Q-505","What is the Sub Account ID?","System Configuration > Account Management > Sub Account","REVIEWED - MEANING RETAINED; FORMAT UPDATED","Meaning retained after section review.","What is the Sub Account ID?","It is the identifier assigned to the user account.
It may differ from the user’s name or email address.","Location: System Configuration > Account Management > Sub Account
It is the identifier assigned to the user account.
It may differ from the user's name or email address.","","Frontend: src/router/routes.jsx; src/components/layout/Sidebar.jsx; src/i18n.js | Frontend: src/features/systemConfigaration | Backend: modules/auth; modules/roles; modules/users/users.routes.js | Frontend: src/components/layout; src/features/auth"
"Q-506","What is the Role column?","System Configuration > Account Management > Sub Account","MODIFIED ANSWER; FORMAT UPDATED; IMAGE CHECK NEEDED","Aligned the role column description with the real permission model.","What is the Role column?","It shows the permission role assigned to that user.
The role determines which ERP pages and actions the Sub Account can access.
You can see the process through the app screenshots https://printernoble.com/chatbot/uploads/1788407535_WERP_Q-506.png","Location: System Configuration > Account Management > Sub Account
Role shows the page-access role assigned to the Sub Account. Store Permissions and Warehouse Permissions are configured separately. The role form does not provide a separate permission switch for every action, so the owner should check the employee's actual available controls as well.","","Frontend: src/router/routes.jsx; src/components/layout/Sidebar.jsx; src/i18n.js | Frontend: src/features/systemConfigaration | Backend: modules/auth; modules/roles; modules/users/users.routes.js | Frontend: src/components/layout; src/features/auth"
"Q-507","What does Create Time mean in Sub Account?","System Configuration > Account Management > Sub Account","REVIEWED - MEANING RETAINED; EDITED QUESTION; FORMAT UPDATED","Added the exact page name to distinguish this repeated question from similar controls on other pages.","What does Create Time mean?","It indicates when the Sub Account was created in the ERP.","Location: System Configuration > Account Management > Sub Account
It indicates when the Sub Account was created in the ERP.","","Frontend: src/router/routes.jsx; src/components/layout/Sidebar.jsx; src/i18n.js | Frontend: src/features/systemConfigaration | Backend: modules/auth; modules/roles; modules/users/users.routes.js | Frontend: src/components/layout; src/features/auth"
"Q-508","What does Add Account do?","System Configuration > Account Management > Sub Account","MODIFIED ANSWER; FORMAT UPDATED; IMAGE CHECK NEEDED","Matched owner-only workflow, required fields, identity sync, and account conversion behavior.","What does Add Account do?","It opens the workflow for creating a Sub Account.
Typical information may include:
Name
Login identifier or email
Password or invitation
Role
Profile image
Account status
You can see the process through the app screenshots https://printernoble.com/chatbot/uploads/1788407536_WERP_Q-508.png","Location: System Configuration > Account Management > Sub Account
1. Sign in as the company owner.
2. Go to System Configuration > Account Management > Sub Account > Add Account.
3. Choose Role and Select Warehouse.
4. Enter the staff member's Email, Password, Name, and Account ID. If they already use this system or the Grozziie app, use that account's matching login details.
5. Complete the profile details and select the intended Store Permissions and Warehouse Permissions.
6. Click Save and check the result. Only add the intended employee; adding an existing user can change their company membership.","","Frontend: src/router/routes.jsx; src/components/layout/Sidebar.jsx; src/i18n.js | Frontend: src/features/systemConfigaration | Backend: modules/auth; modules/roles; modules/users/users.routes.js | Frontend: src/components/layout; src/features/auth"
"Q-509","What should I check before adding a Sub Account?","System Configuration > Account Management > Sub Account","MODIFIED ANSWER; FORMAT UPDATED; IMAGE CHECK NEEDED","Removed contradiction with the supported existing-account workflow.","What should I check before adding a Sub Account?","Confirm:
The person requires ERP access.
Their identity is correct.
They do not already have an account.
The correct role exists.
The role follows least privilege.
The person understands security requirements.
You can see the process through the app screenshots https://printernoble.com/chatbot/uploads/1788407537_WERP_Q-509.png","Location: System Configuration > Account Management > Sub Account
Confirm the employee's identity, email, intended company membership, role, stores, and warehouses. Check whether the email already has a login, because an existing account needs its matching password and linking it can affect company membership. Use Add Account only for the intended employee and complete credential setup privately.","","Frontend: src/router/routes.jsx; src/components/layout/Sidebar.jsx; src/i18n.js | Frontend: src/features/systemConfigaration | Backend: modules/auth; modules/roles; modules/users/users.routes.js | Frontend: src/components/layout; src/features/auth"
"Q-510","What is least-privilege access?","System Configuration > Account Management > Sub Account","REVIEWED - MEANING RETAINED; FORMAT UPDATED","Meaning retained after section review.","What is least-privilege access?","It means giving users only the permissions required for their work.
For example, warehouse staff may not need subscription or account-management access.","Location: System Configuration > Account Management > Sub Account
It means giving users only the permissions required for their work.
For example, warehouse staff may not need subscription or account-management access.","","Frontend: src/router/routes.jsx; src/components/layout/Sidebar.jsx; src/i18n.js | Frontend: src/features/systemConfigaration | Backend: modules/auth; modules/roles; modules/users/users.routes.js | Frontend: src/components/layout; src/features/auth"
"Q-511","Should several employees share one Sub Account?","System Configuration > Account Management > Sub Account","REVIEWED - MEANING RETAINED; FORMAT UPDATED","Meaning retained after section review.","Should several employees share one Sub Account?","No. Each employee should have an individual account whenever possible.
Shared accounts reduce accountability and make access removal more difficult.","Location: System Configuration > Account Management > Sub Account
No. Each employee should have an individual account whenever possible.
Shared accounts reduce accountability and make access removal more difficult.","","Frontend: src/router/routes.jsx; src/components/layout/Sidebar.jsx; src/i18n.js | Frontend: src/features/systemConfigaration | Backend: modules/auth; modules/roles; modules/users/users.routes.js | Frontend: src/components/layout; src/features/auth"
"Q-512","How should a Sub Account password be created?","System Configuration > Account Management > Sub Account","MODIFIED ANSWER; FORMAT UPDATED","Clarified both new-account registration and existing-account credential matching.","How should a Sub Account password be created?","Use a strong, unique password that is not reused elsewhere.
If the ERP supports invitations or password setup by the user, that is preferable to sending a password in a message.","Location: System Configuration > Account Management > Sub Account
For a new staff login, choose a strong password. If the employee already uses this system or the Grozziie app with that email, enter the matching existing password during account setup. The Add Account workflow checks the login and can register a new email. It does not send an invitation. Complete setup privately with the employee.","","Frontend: src/router/routes.jsx; src/components/layout/Sidebar.jsx; src/i18n.js | Frontend: src/features/systemConfigaration | Backend: modules/auth; modules/roles; modules/users/users.routes.js | Frontend: src/components/layout; src/features/auth"
"Q-513","Should the administrator know every user's password?","System Configuration > Account Management > Sub Account","MODIFIED ANSWER; FORMAT UPDATED","Corrected a generic security answer that contradicted the actual setup form.","Should the administrator know every user’s password?","No. Users should control their own passwords. Administrators should use authorized reset or invitation workflows when access must be restored.","Location: System Configuration > Account Management > Sub Account
The current Add Account workflow asks for the staff member's login password during setup and checks it against an existing account when applicable. Complete that step privately with the employee. For a forgotten password, use Forgot password? on Log In; the Sub Account row has no separate Reset Password command.","","Frontend: src/router/routes.jsx; src/components/layout/Sidebar.jsx; src/i18n.js | Frontend: src/features/systemConfigaration | Backend: modules/auth; modules/roles; modules/users/users.routes.js | Frontend: src/components/layout; src/features/auth"
"Q-514","What does Actions do for a Sub Account?","System Configuration > Account Management > Sub Account","MODIFIED ANSWER; FORMAT UPDATED; IMAGE CHECK NEEDED","Confirmed actual actions.","What does Actions do for a Sub Account?","Actions may provide functions such as viewing, editing, disabling, changing the role, resetting access, or deleting the account.
Review the actual menu before choosing an operation.
You can see the process through the app screenshots https://printernoble.com/chatbot/uploads/1788407538_WERP_Q-514.png","Location: System Configuration > Account Management > Sub Account
On System Configuration > Account Management > Sub Account, Actions contains Details, Edit, and Delete. The owner can edit the account or confirm its deletion. This menu does not include separate Disable or Reset Password commands.","","Frontend: src/router/routes.jsx; src/components/layout/Sidebar.jsx; src/i18n.js | Frontend: src/features/systemConfigaration | Backend: modules/auth; modules/roles; modules/users/users.routes.js | Frontend: src/components/layout; src/features/auth"
"Q-515","How do I change a Sub Account's role?","System Configuration > Account Management > Sub Account","MODIFIED ANSWER; FORMAT UPDATED","Added full role-change procedure.","How do I change a Sub Account’s role?","A role-change option may be available under Actions.
Before saving it, compare the old and new permissions and confirm the business need.","Location: System Configuration > Account Management > Sub Account
Sign in as the owner and open System Configuration > Account Management > Sub Account. Choose Actions > Edit beside the employee, select the new Role, review Store Permissions and Warehouse Permissions, then click Update. Ask the employee to sign in again to reload their access.","","Frontend: src/router/routes.jsx; src/components/layout/Sidebar.jsx; src/i18n.js | Frontend: src/features/systemConfigaration | Backend: modules/auth; modules/roles; modules/users/users.routes.js | Frontend: src/components/layout; src/features/auth"
"Q-516","What should happen when an employee leaves?","System Configuration > Account Management > Sub Account","MODIFIED ANSWER; QUESTION VARIANTS ADDED; FORMAT UPDATED","Matched the actual removal control.","What should happen when an employee leaves?","An authorized administrator should promptly disable or remove the person’s access according to company policy.
Before removal, consider whether audit history must remain linked to that user.","Location: System Configuration > Account Management > Sub Account
The company owner should open System Configuration > Account Management > Sub Account, identify the employee, and review their access. The current row offers Delete to remove the Sub Account and end its ERP session. Confirm the right person and any records your company needs before deleting.","How do I remove a staff account?; Where do I stop ERP access for an employee who left?","Frontend: src/router/routes.jsx; src/components/layout/Sidebar.jsx; src/i18n.js | Frontend: src/features/systemConfigaration | Backend: modules/auth; modules/roles; modules/users/users.routes.js | Frontend: src/components/layout; src/features/auth"
"Q-517","Should I delete or disable a former employee's account?","System Configuration > Account Management > Sub Account","MODIFIED ANSWER; FORMAT UPDATED","Removed a recommendation to use an unavailable disable control.","Should I delete or disable a former employee’s account?","Disabling is often safer because it blocks access while preserving the user record and history.
Deletion may be appropriate only when retention and audit requirements permit it.","Location: System Configuration > Account Management > Sub Account
The current Sub Account page has Delete but no separate Disable button. Have the owner review the employee's records and use Actions > Delete when removal is intended. For a temporary access restriction, review the role, store, and warehouse assignments or ask support about a supported suspension process.","","Frontend: src/router/routes.jsx; src/components/layout/Sidebar.jsx; src/i18n.js | Frontend: src/features/systemConfigaration | Backend: modules/auth; modules/roles; modules/users/users.routes.js | Frontend: src/components/layout; src/features/auth"
"Q-518","Can a Sub Account manage other accounts?","System Configuration > Account Management > Sub Account","MODIFIED ANSWER; FORMAT UPDATED","Confirmed owner enforcement in the active routes.","Can a Sub Account manage other accounts?","Only if its assigned role includes Account Management permissions.
This permission should be restricted carefully.","Location: System Configuration > Account Management > Sub Account
A Sub Account may be allowed to view the page, but creating, editing, and deleting Sub Accounts require the company owner. Seeing Account Management in the sidebar does not by itself grant those owner-only actions.","","Frontend: src/router/routes.jsx; src/components/layout/Sidebar.jsx; src/i18n.js | Frontend: src/features/systemConfigaration | Backend: modules/auth; modules/roles; modules/users/users.routes.js | Frontend: src/components/layout; src/features/auth"
"Q-519","Can a Sub Account view customer information?","System Configuration > Account Management > Sub Account","REVIEWED - MEANING RETAINED; FORMAT UPDATED","Meaning retained after section review.","Can a Sub Account view customer information?","It depends on the assigned role.
Users with order access may see customer names, addresses, phone numbers, and shipping details. Grant that access only when operationally required.","Location: System Configuration > Account Management > Sub Account
It depends on the assigned role.
Users with order access may see customer names, addresses, phone numbers, and shipping details. Grant that access only when operationally required.","","Frontend: src/router/routes.jsx; src/components/layout/Sidebar.jsx; src/i18n.js | Frontend: src/features/systemConfigaration | Backend: modules/auth; modules/roles; modules/users/users.routes.js | Frontend: src/components/layout; src/features/auth"
"Q-520","How do I search for a Sub Account?","System Configuration > Account Management > Sub Account","MODIFIED ANSWER; FORMAT UPDATED","Confirmed searchable fields.","How do I search for a Sub Account?","Enter the user’s name, ID, or another supported identifier in the Search field.
The exact searchable fields are not stated on the page.","Location: System Configuration > Account Management > Sub Account
Open System Configuration > Account Management > Sub Account and use Search. You can search the staff member's name, Account ID, or role name. Clear the search if the person is not found, and confirm you are in the correct company.","","Frontend: src/router/routes.jsx; src/components/layout/Sidebar.jsx; src/i18n.js | Frontend: src/features/systemConfigaration | Backend: modules/auth; modules/roles; modules/users/users.routes.js | Frontend: src/components/layout; src/features/auth"
"Q-521","What does Select do?","System Configuration > Account Management > Sub Account","REVIEWED - MEANING RETAINED; FORMAT UPDATED","Meaning retained after section review.","What does Select do?","It selects a Sub Account row for a possible batch or context-specific operation.
Selecting a row should not itself modify the account.","Location: System Configuration > Account Management > Sub Account
It selects a Sub Account row for a possible batch or context-specific operation.
Selecting a row should not itself modify the account.","","Frontend: src/router/routes.jsx; src/components/layout/Sidebar.jsx; src/i18n.js | Frontend: src/features/systemConfigaration | Backend: modules/auth; modules/roles; modules/users/users.routes.js | Frontend: src/components/layout; src/features/auth"
"Q-522","How does pagination work?","System Configuration > Account Management > Sub Account","REVIEWED - MEANING RETAINED; FORMAT UPDATED; IMAGE CHECK NEEDED","Meaning retained after section review.","How does pagination work?","Use:
Sub Accounts per page
Previous
Next
Pagination changes only the displayed list.
You can see the process through the app screenshots https://printernoble.com/chatbot/uploads/1788407539_WERP_Q-522.png","Location: System Configuration > Account Management > Sub Account
Use:
- Sub Accounts per page
- Previous
- Next
Pagination changes only the displayed list.","","Frontend: src/router/routes.jsx; src/components/layout/Sidebar.jsx; src/i18n.js | Frontend: src/features/systemConfigaration | Backend: modules/auth; modules/roles; modules/users/users.routes.js | Frontend: src/components/layout; src/features/auth"
"Q-523","Why can't a Sub Account access a page?","System Configuration > Account Management > Sub Account","REVIEWED - MEANING RETAINED; FORMAT UPDATED","Meaning retained after section review.","Why can’t a Sub Account access a page?","Possible reasons include:
Role lacks permission.
Account is disabled.
Role was changed.
User session is outdated.
Subscription restricts the feature.
Account was not created successfully.
User is signed into the wrong account.","Location: System Configuration > Account Management > Sub Account
Possible reasons include:
Role lacks permission.
Account is disabled.
Role was changed.
User session is outdated.
Subscription restricts the feature.
Account was not created successfully.
User is signed into the wrong account.","","Frontend: src/router/routes.jsx; src/components/layout/Sidebar.jsx; src/i18n.js | Frontend: src/features/systemConfigaration | Backend: modules/auth; modules/roles; modules/users/users.routes.js | Frontend: src/components/layout; src/features/auth"
"Q-524","Why can a Sub Account see too much?","System Configuration > Account Management > Sub Account","REVIEWED - MEANING RETAINED; FORMAT UPDATED","Meaning retained after section review.","Why can a Sub Account see too much?","The assigned role may contain permissions broader than intended.
Review Role Management and remove unnecessary permissions rather than relying only on verbal instructions.","Location: System Configuration > Account Management > Sub Account
The assigned role may contain permissions broader than intended.
Review Role Management and remove unnecessary permissions rather than relying only on verbal instructions.","","Frontend: src/router/routes.jsx; src/components/layout/Sidebar.jsx; src/i18n.js | Frontend: src/features/systemConfigaration | Backend: modules/auth; modules/roles; modules/users/users.routes.js | Frontend: src/components/layout; src/features/auth"
"Q-525","What is a role?","System Configuration > Account Management > Role Management","REVIEWED - MEANING RETAINED; FORMAT UPDATED","Meaning retained after section review.","What is a role?","A role is a reusable set of permissions assigned to one or more Sub Accounts.
Examples of conceptual roles could include warehouse staff, order-processing staff, store managers, and administrators.","Location: System Configuration > Account Management > Role Management
A role is a reusable set of permissions assigned to one or more Sub Accounts.
Examples of conceptual roles could include warehouse staff, order-processing staff, store managers, and administrators.","","Frontend: src/router/routes.jsx; src/components/layout/Sidebar.jsx; src/i18n.js | Frontend: src/features/systemConfigaration | Backend: modules/auth; modules/roles; modules/users/users.routes.js | Frontend: src/components/layout; src/features/auth"
"Q-526","Why use roles instead of assigning permissions separately?","System Configuration > Account Management > Role Management","REVIEWED - MEANING RETAINED; FORMAT UPDATED; IMAGE CHECK NEEDED","Meaning retained after section review.","Why use roles instead of assigning permissions separately?","Roles make permissions easier to:
Standardize
Review
Reuse
Update
Audit
Apply consistently
You can see the process through the app screenshots https://printernoble.com/chatbot/uploads/1788407540_WERP_Q-526.png","Location: System Configuration > Account Management > Role Management
Roles make permissions easier to:
- Standardize
- Review
- Reuse
- Update
- Audit
- Apply consistently","","Frontend: src/router/routes.jsx; src/components/layout/Sidebar.jsx; src/i18n.js | Frontend: src/features/systemConfigaration | Backend: modules/auth; modules/roles; modules/users/users.routes.js | Frontend: src/components/layout; src/features/auth"
"Q-527","What information appears in the Roles List?","System Configuration > Account Management > Role Management","REVIEWED - MEANING RETAINED; FORMAT UPDATED; IMAGE CHECK NEEDED","Meaning retained after section review.","What information appears in the Roles List?","The table contains:
Role Name
Sub Account Linking Status
Create Time
Updated Time
Actions
You can see the process through the app screenshots https://printernoble.com/chatbot/uploads/1788407562_WERP_Q-527.png","Location: System Configuration > Account Management > Role Management
The table contains:
- Role Name
- Sub Account Linking Status
- Create Time
- Updated Time
- Actions","","Frontend: src/router/routes.jsx; src/components/layout/Sidebar.jsx; src/i18n.js | Frontend: src/features/systemConfigaration | Backend: modules/auth; modules/roles; modules/users/users.routes.js | Frontend: src/components/layout; src/features/auth"
"Q-528","What is Role Name?","System Configuration > Account Management > Role Management","REVIEWED - MEANING RETAINED; FORMAT UPDATED","Meaning retained after section review.","What is Role Name?","It is the label describing the role’s intended responsibility.
Use clear names such as “Warehouse Operator” rather than vague names such as “Role 1.”","Location: System Configuration > Account Management > Role Management
It is the label describing the role's intended responsibility.
- Use clear names such as ""Warehouse Operator"" rather than vague names such as ""Role 1.""","","Frontend: src/router/routes.jsx; src/components/layout/Sidebar.jsx; src/i18n.js | Frontend: src/features/systemConfigaration | Backend: modules/auth; modules/roles; modules/users/users.routes.js | Frontend: src/components/layout; src/features/auth"
"Q-529","What does Sub Account Linking Status mean?","System Configuration > Account Management > Role Management","REVIEWED - MEANING RETAINED; FORMAT UPDATED","Meaning retained after section review.","What does Sub Account Linking Status mean?","It shows whether the role is currently assigned to one or more Sub Accounts.
A linked role can affect active users.","Location: System Configuration > Account Management > Role Management
It shows whether the role is currently assigned to one or more Sub Accounts.
A linked role can affect active users.","","Frontend: src/router/routes.jsx; src/components/layout/Sidebar.jsx; src/i18n.js | Frontend: src/features/systemConfigaration | Backend: modules/auth; modules/roles; modules/users/users.routes.js | Frontend: src/components/layout; src/features/auth"
"Q-530","What does ""Linked"" mean?","System Configuration > Account Management > Role Management","REVIEWED - MEANING RETAINED; FORMAT UPDATED","Meaning retained after section review.","What does “Linked” mean?","It means at least one Sub Account is using the role.
Changing that role may change permissions for every linked user.","Location: System Configuration > Account Management > Role Management
It means at least one Sub Account is using the role.
Changing that role may change permissions for every linked user.","","Frontend: src/router/routes.jsx; src/components/layout/Sidebar.jsx; src/i18n.js | Frontend: src/features/systemConfigaration | Backend: modules/auth; modules/roles; modules/users/users.routes.js | Frontend: src/components/layout; src/features/auth"
"Q-531","What does ""Not Linked"" mean?","System Configuration > Account Management > Role Management","REVIEWED - MEANING RETAINED; FORMAT UPDATED","Meaning retained after section review.","What does “Not Linked” mean?","It means no Sub Account is currently assigned to the role.
The role may be unused, newly created, or retained for future use.","Location: System Configuration > Account Management > Role Management
It means no Sub Account is currently assigned to the role.
The role may be unused, newly created, or retained for future use.","","Frontend: src/router/routes.jsx; src/components/layout/Sidebar.jsx; src/i18n.js | Frontend: src/features/systemConfigaration | Backend: modules/auth; modules/roles; modules/users/users.routes.js | Frontend: src/components/layout; src/features/auth"
"Q-532","What does Create Time mean for a role?","System Configuration > Account Management > Role Management","REVIEWED - MEANING RETAINED; FORMAT UPDATED","Meaning retained after section review.","What does Create Time mean for a role?","It indicates when the role was created.","Location: System Configuration > Account Management > Role Management
It indicates when the role was created.","","Frontend: src/router/routes.jsx; src/components/layout/Sidebar.jsx; src/i18n.js | Frontend: src/features/systemConfigaration | Backend: modules/auth; modules/roles; modules/users/users.routes.js | Frontend: src/components/layout; src/features/auth"
"Q-533","What does Updated Time mean?","System Configuration > Account Management > Role Management","REVIEWED - MEANING RETAINED; FORMAT UPDATED","Meaning retained after section review.","What does Updated Time mean?","It indicates when the role or its permissions were last changed.","Location: System Configuration > Account Management > Role Management
It indicates when the role or its permissions were last changed.","","Frontend: src/router/routes.jsx; src/components/layout/Sidebar.jsx; src/i18n.js | Frontend: src/features/systemConfigaration | Backend: modules/auth; modules/roles; modules/users/users.routes.js | Frontend: src/components/layout; src/features/auth"
"Q-534","What does Add Role do?","System Configuration > Account Management > Role Management","MODIFIED ANSWER; FORMAT UPDATED; IMAGE CHECK NEEDED","Added exact role-creation controls.","What does Add Role do?","It opens the role-creation workflow.
A user will normally enter a role name and select permitted modules or actions.
You can see the process through the app screenshots https://printernoble.com/chatbot/uploads/1788407563_WERP_Q-534.png","Location: System Configuration > Account Management > Role Management
As the owner, go to System Configuration > Account Management > Role Management and click Add Role. In Add New Role, enter Role and Description, select the required pages under Set Permissions, then click Add. Expand parent sections to inspect their child pages.","","Frontend: src/router/routes.jsx; src/components/layout/Sidebar.jsx; src/i18n.js | Frontend: src/features/systemConfigaration | Backend: modules/auth; modules/roles; modules/users/users.routes.js | Frontend: src/components/layout; src/features/auth"
"Q-535","What should I define before creating a role?","System Configuration > Account Management > Role Management","REVIEWED - MEANING RETAINED; FORMAT UPDATED","Meaning retained after section review.","What should I define before creating a role?","Document:
Job responsibility
Required modules
Required view permissions
Required operational actions
Restricted actions
Whether account configuration is needed
Whether customer data is required","Location: System Configuration > Account Management > Role Management
Document:
- Job responsibility
- Required modules
- Required view permissions
- Required operational actions
- Restricted actions
- Whether account configuration is needed
- Whether customer data is required","","Frontend: src/router/routes.jsx; src/components/layout/Sidebar.jsx; src/i18n.js | Frontend: src/features/systemConfigaration | Backend: modules/auth; modules/roles; modules/users/users.routes.js | Frontend: src/components/layout; src/features/auth"
"Q-536","How should permissions be organized?","System Configuration > Account Management > Role Management","MODIFIED ANSWER; FORMAT UPDATED","Corrected an unsupported fine-grained permission model.","How should permissions be organized?","Separate permission types where possible:
View
Add or create
Edit
Delete
Export
Print
Process
Approve
Configure
A user who needs to view records may not need permission to delete them.","Location: System Configuration > Account Management > Role Management
Role Management lets you select access to pages and their child pages. Store Permissions and Warehouse Permissions are configured separately for each Sub Account. The current role form does not provide separate Add, Edit, Delete, Export, and Print checkboxes for every page, so confirm the employee's actual allowed workflow before relying on that level of restriction.","","Frontend: src/router/routes.jsx; src/components/layout/Sidebar.jsx; src/i18n.js | Frontend: src/features/systemConfigaration | Backend: modules/auth; modules/roles; modules/users/users.routes.js | Frontend: src/components/layout; src/features/auth"
"Q-537","Should every role have delete permission?","System Configuration > Account Management > Role Management","MODIFIED ANSWER; FORMAT UPDATED","Removed a nonexistent per-action permission setting.","Should every role have delete permission?","No. Delete permission should be restricted to a small number of authorized administrators.
Operational users generally do not need it.","Location: System Configuration > Account Management > Role Management
The current Role Management form does not have a separate Delete permission for every page. Limit staff to the pages, stores, and warehouses they need, and check the available actions with the owner. Do not assume a page-access checkbox creates a read-only role.","","Frontend: src/router/routes.jsx; src/components/layout/Sidebar.jsx; src/i18n.js | Frontend: src/features/systemConfigaration | Backend: modules/auth; modules/roles; modules/users/users.routes.js | Frontend: src/components/layout; src/features/auth"
"Q-538","Should warehouse staff have System Configuration access?","System Configuration > Account Management > Role Management","REVIEWED - MEANING RETAINED; FORMAT UPDATED","Meaning retained after section review.","Should warehouse staff have System Configuration access?","Usually not, unless their job includes store connections, user administration, or role management.
They may only need warehouse and inventory functions.","Location: System Configuration > Account Management > Role Management
Usually not, unless their job includes store connections, user administration, or role management.
They may only need warehouse and inventory functions.","","Frontend: src/router/routes.jsx; src/components/layout/Sidebar.jsx; src/i18n.js | Frontend: src/features/systemConfigaration | Backend: modules/auth; modules/roles; modules/users/users.routes.js | Frontend: src/components/layout; src/features/auth"
"Q-539","Should order-processing staff have subscription access?","System Configuration > Account Management > Role Management","MODIFIED ANSWER; FORMAT UPDATED","Distinguished recommended access from enforced purchase authority.","Should order-processing staff have subscription access?","Usually not. Subscription and store authorization are administrative functions.","Location: System Configuration > Account Management > Role Management
Order-processing staff usually do not need administrative page access. The owner can review their role and assignments under System Configuration > Account Management. Subscription checkout itself requires the company owner, even when a staff member can open a pricing page.","","Frontend: src/router/routes.jsx; src/components/layout/Sidebar.jsx; src/i18n.js | Frontend: src/features/systemConfigaration | Backend: modules/auth; modules/roles; modules/users/users.routes.js | Frontend: src/components/layout; src/features/auth"
"Q-540","What does Actions do for a role?","System Configuration > Account Management > Role Management","MODIFIED ANSWER; FORMAT UPDATED; IMAGE CHECK NEEDED","Confirmed role actions.","What does Actions do for a role?","Actions may provide options to view, edit, copy, or delete the role.
Review the actual menu before selecting anything.
You can see the process through the app screenshots https://printernoble.com/chatbot/uploads/1788407564_WERP_Q-540.png","Location: System Configuration > Account Management > Role Management
On System Configuration > Account Management > Role Management, Actions contains Details, Edit, and Delete. Details shows the role's pages, Edit opens its configuration, and Delete checks whether it can be removed. There is no Copy Role action in this menu.","","Frontend: src/router/routes.jsx; src/components/layout/Sidebar.jsx; src/i18n.js | Frontend: src/features/systemConfigaration | Backend: modules/auth; modules/roles; modules/users/users.routes.js | Frontend: src/components/layout; src/features/auth"
"Q-541","What happens when I edit a linked role?","System Configuration > Account Management > Role Management","MODIFIED ANSWER; FORMAT UPDATED; IMAGE CHECK NEEDED","Explained linked-user effect without promising immediate UI refresh.","What happens when I edit a linked role?","Permissions may change immediately for every Sub Account using that role.
Before saving, identify all linked users and review how their work will be affected.
You can see the process through the app screenshots https://printernoble.com/chatbot/uploads/1788407565_WERP_Q-541.png","Location: System Configuration > Account Management > Role Management
Editing a role changes the permissions shared by its linked Sub Accounts. Before choosing Save Changes, check Sub Account Linking Status and review which staff use it. Have affected users sign in again and confirm that the required pages and store or warehouse access are correct.","","Frontend: src/router/routes.jsx; src/components/layout/Sidebar.jsx; src/i18n.js | Frontend: src/features/systemConfigaration | Backend: modules/auth; modules/roles; modules/users/users.routes.js | Frontend: src/components/layout; src/features/auth"
"Q-542","Can I rename a role?","System Configuration > Account Management > Role Management","MODIFIED ANSWER; FORMAT UPDATED","Confirmed rename workflow.","Can I rename a role?","An edit option may permit it.
Renaming can improve clarity, but ensure users and internal documentation still identify the correct role.","Location: System Configuration > Account Management > Role Management
Yes. The owner can open System Configuration > Account Management > Role Management > Actions > Edit, change Role, and click Save Changes. Review the permissions at the same time so you do not unintentionally alter access.","","Frontend: src/router/routes.jsx; src/components/layout/Sidebar.jsx; src/i18n.js | Frontend: src/features/systemConfigaration | Backend: modules/auth; modules/roles; modules/users/users.routes.js | Frontend: src/components/layout; src/features/auth"
"Q-543","Can I delete a linked role?","System Configuration > Account Management > Role Management","MODIFIED ANSWER; QUESTION VARIANTS ADDED; FORMAT UPDATED","Confirmed active linked-role and Owner restrictions.","Can I delete a linked role?","The ERP may block it or require reassignment first.
Deleting a linked role could leave users without valid permissions, so all linked accounts must be reviewed.","Location: System Configuration > Account Management > Role Management
No. The ERP blocks deleting a role while Sub Accounts use it. First have the owner assign those employees another appropriate role under Sub Account, then return to Role Management to delete the unused role. The Owner role cannot be deleted.","Why can I not delete an assigned role?; How do I remove an unused role?","Frontend: src/router/routes.jsx; src/components/layout/Sidebar.jsx; src/i18n.js | Frontend: src/features/systemConfigaration | Backend: modules/auth; modules/roles; modules/users/users.routes.js | Frontend: src/components/layout; src/features/auth"
"Q-544","What should I do before deleting an unused role?","System Configuration > Account Management > Role Management","REVIEWED - MEANING RETAINED; FORMAT UPDATED","Meaning retained after section review.","What should I do before deleting an unused role?","Confirm:
It is truly not linked.
It is not referenced by an invitation.
It is not needed for scheduled staff.
Its permissions are documented if required.
Deletion is authorized.","Location: System Configuration > Account Management > Role Management
Confirm:
It is truly not linked.
It is not referenced by an invitation.
It is not needed for scheduled staff.
Its permissions are documented if required.
Deletion is authorized.","","Frontend: src/router/routes.jsx; src/components/layout/Sidebar.jsx; src/i18n.js | Frontend: src/features/systemConfigaration | Backend: modules/auth; modules/roles; modules/users/users.routes.js | Frontend: src/components/layout; src/features/auth"
"Q-545","How do I search for a role?","System Configuration > Account Management > Role Management","REVIEWED - MEANING RETAINED; FORMAT UPDATED; IMAGE CHECK NEEDED","Meaning retained after section review.","How do I search for a role?","Enter the role name in the Search field.
If no result appears, try the exact role name or a shorter portion.
You can see the process through the app screenshots https://printernoble.com/chatbot/uploads/1788407566_WERP_Q-545.png","Location: System Configuration > Account Management > Role Management
Enter the role name in the Search field.
If no result appears, try the exact role name or a shorter portion.","","Frontend: src/router/routes.jsx; src/components/layout/Sidebar.jsx; src/i18n.js | Frontend: src/features/systemConfigaration | Backend: modules/auth; modules/roles; modules/users/users.routes.js | Frontend: src/components/layout; src/features/auth"
"Q-546","How does role pagination work?","System Configuration > Account Management > Role Management","REVIEWED - MEANING RETAINED; FORMAT UPDATED; IMAGE CHECK NEEDED","Meaning retained after section review.","How does role pagination work?","Use:
Roles per page
Previous
Next
Pagination only changes the visible list.
You can see the process through the app screenshots https://printernoble.com/chatbot/uploads/1788407567_WERP_Q-546.png","Location: System Configuration > Account Management > Role Management
Use:
- Roles per page
- Previous
- Next
Pagination only changes the visible list.","","Frontend: src/router/routes.jsx; src/components/layout/Sidebar.jsx; src/i18n.js | Frontend: src/features/systemConfigaration | Backend: modules/auth; modules/roles; modules/users/users.routes.js | Frontend: src/components/layout; src/features/auth"
"Q-547","How can I audit permissions?","System Configuration > Account Management > Role Management","MODIFIED ANSWER; FORMAT UPDATED","Replaced unavailable per-action and disable controls with actual review surfaces.","How can I audit permissions?","A basic permission audit should:
List all roles.
Review permissions in each role.
Identify linked Sub Accounts.
Remove unnecessary administrative access.
Review delete and export permissions.
Disable former users.
Verify least privilege.
Document approved changes.","Location: System Configuration > Account Management > Role Management
As the owner, review each role under System Configuration > Account Management > Role Management > Details. Compare its pages with the staff who use it. Then review each person under Sub Account > Actions > Edit, including Store Permissions and Warehouse Permissions. Sign in with an appropriate staff account to confirm the result after approved changes.","","Frontend: src/router/routes.jsx; src/components/layout/Sidebar.jsx; src/i18n.js | Frontend: src/features/systemConfigaration | Backend: modules/auth; modules/roles; modules/users/users.routes.js | Frontend: src/components/layout; src/features/auth"
"Q-548","How often should roles and Sub Accounts be reviewed?","System Configuration > Account Management > Role Management","REVIEWED - MEANING RETAINED; FORMAT UPDATED","Meaning retained after section review.","How often should roles and Sub Accounts be reviewed?","Review them regularly and whenever:
An employee joins
A job changes
An employee leaves
A security incident occurs
New ERP functionality is introduced
Store ownership changes
Administrative responsibilities change","Location: System Configuration > Account Management > Role Management
Review them regularly and whenever:
- An employee joins
- A job changes
- An employee leaves
- A security incident occurs
- New ERP functionality is introduced
- Store ownership changes
- Administrative responsibilities change","","Frontend: src/router/routes.jsx; src/components/layout/Sidebar.jsx; src/i18n.js | Frontend: src/features/systemConfigaration | Backend: modules/auth; modules/roles; modules/users/users.routes.js | Frontend: src/components/layout; src/features/auth"
"Q-549","What should I do if a user urgently needs temporary access?","System Configuration > Account Management > Role Management","MODIFIED ANSWER; FORMAT UPDATED","Clarified the absence of timed role expiry.","What should I do if a user urgently needs temporary access?","Prefer a time-limited or narrowly scoped role if the ERP supports it.
Do not grant full administrator access simply because it is faster. Remove the temporary access when the task is complete.","Location: System Configuration > Account Management > Role Management
Ask the owner to grant only the pages, stores, and warehouses needed for the temporary task. Agree when that access will be removed, then review it afterward. The current role form has no automatic access-expiry field.","","Frontend: src/router/routes.jsx; src/components/layout/Sidebar.jsx; src/i18n.js | Frontend: src/features/systemConfigaration | Backend: modules/auth; modules/roles; modules/users/users.routes.js | Frontend: src/components/layout; src/features/auth"
"Q-550","What is the Upgrade Plan section?","Pricing > Purchase subscription","REVIEWED - MEANING RETAINED; FORMAT UPDATED","Meaning retained after section review.","What is the Upgrade Plan section?","The Upgrade Plan section is the ERP’s subscription-purchase and renewal page.
It allows users to:
Select a marketplace platform
Select one or more stores
Choose a billing country
Choose a currency
Compare subscription durations
Select a subscription plan","Location: Pricing > Purchase subscription
The Upgrade Plan section is the ERP's subscription-purchase and renewal page.
It allows users to:
- Select a marketplace platform
- Select one or more stores
- Choose a billing country
- Choose a currency
- Compare subscription durations
- Select a subscription plan","","Frontend: src/router/routes.jsx; src/components/layout/Sidebar.jsx; src/i18n.js | Frontend: src/features/systemConfigaration; src/features/pricing; src/components/layout/GiftReferralModalController.jsx | Backend: modules/platformStores; modules/subscription"
"Q-551","How do I open the Upgrade Plan page?","Pricing > Purchase subscription","MODIFIED ANSWER; QUESTION VARIANTS ADDED; FORMAT UPDATED; IMAGE CHECK NEEDED","Standardized route naming and added the store-row entry point.","How do I open the Upgrade Plan page?","Click Upgrade Plan in the Store Plans area of the main sidebar or in a subscription reminder.
The page opens under Pricing → Purchase subscription.
You can see the process through the app screenshots https://printernoble.com/chatbot/uploads/1788407568_WERP_Q-551.png","Location: Pricing > Purchase subscription
Click Upgrade Plan in the sidebar's Store Plans area, a store row in Store Authorization, or a subscription reminder. The destination is Pricing > Purchase subscription. Select the intended platform and store before comparing plans.","Where do I renew my store plan?; How do I open the subscription purchase page?","Frontend: src/router/routes.jsx; src/components/layout/Sidebar.jsx; src/i18n.js | Frontend: src/features/systemConfigaration; src/features/pricing; src/components/layout/GiftReferralModalController.jsx | Backend: modules/platformStores; modules/subscription"
"Q-552","Does clicking Upgrade Plan immediately charge me?","Pricing > Purchase subscription","REVIEWED - MEANING RETAINED; FORMAT UPDATED","Meaning retained after section review.","Does clicking Upgrade Plan immediately charge me?","No. It opens the pricing and subscription-selection page.
A financial transaction should only occur after choosing a plan and completing a later checkout or payment-confirmation step.","Location: Pricing > Purchase subscription
No. It opens the pricing and subscription-selection page.
A financial transaction should only occur after choosing a plan and completing a later checkout or payment-confirmation step.","","Frontend: src/router/routes.jsx; src/components/layout/Sidebar.jsx; src/i18n.js | Frontend: src/features/systemConfigaration; src/features/pricing; src/components/layout/GiftReferralModalController.jsx | Backend: modules/platformStores; modules/subscription"
"Q-553","Who should manage subscription upgrades?","Pricing > Purchase subscription","MODIFIED ANSWER; FORMAT UPDATED","Confirmed owner-only checkout.","Who should manage subscription upgrades?","Only an authorized person, such as:
Account owner
Finance administrator
Business administrator
Authorized store manager
Operational staff should not purchase plans without approval.","Location: Pricing > Purchase subscription
Only the company owner can complete a subscription purchase. A Sub Account may be able to view Pricing, but choosing or paying for a plan can show an owner-required message. Ask the owner to review the correct stores and complete checkout.","","Frontend: src/router/routes.jsx; src/components/layout/Sidebar.jsx; src/i18n.js | Frontend: src/features/systemConfigaration; src/features/pricing; src/components/layout/GiftReferralModalController.jsx | Backend: modules/platformStores; modules/subscription"
"Q-554","Does viewing the pricing page change the subscription?","Pricing > Purchase subscription","REVIEWED - MEANING RETAINED; FORMAT UPDATED; IMAGE CHECK NEEDED","Meaning retained after section review.","Does viewing the pricing page change the subscription?","No. Viewing the page, selecting a platform, selecting a store, or comparing plans should not by itself complete a purchase.
You can see the process through the app screenshots https://printernoble.com/chatbot/uploads/1788407569_WERP_Q-554.png","Location: Pricing > Purchase subscription
No. Viewing the page, selecting a platform, selecting a store, or comparing plans should not by itself complete a purchase.","","Frontend: src/router/routes.jsx; src/components/layout/Sidebar.jsx; src/i18n.js | Frontend: src/features/systemConfigaration; src/features/pricing; src/components/layout/GiftReferralModalController.jsx | Backend: modules/platformStores; modules/subscription"
"Q-555","What should I prepare before purchasing a plan?","Pricing > Purchase subscription","REVIEWED - MEANING RETAINED; FORMAT UPDATED","Meaning retained after section review.","What should I prepare before purchasing a plan?","Prepare:
Authorized marketplace and stores
Required subscription duration
Billing country
Preferred currency
Approved payment method
Spending authorization
Billing details
Tax information, if required","Location: Pricing > Purchase subscription
Prepare:
- Authorized marketplace and stores
- Required subscription duration
- Billing country
- Preferred currency
- Approved payment method
- Spending authorization
- Billing details
- Tax information, if required","","Frontend: src/router/routes.jsx; src/components/layout/Sidebar.jsx; src/i18n.js | Frontend: src/features/systemConfigaration; src/features/pricing; src/components/layout/GiftReferralModalController.jsx | Backend: modules/platformStores; modules/subscription"
"Q-556","Why must I select a platform first?","Pricing > Purchase subscription","REVIEWED - MEANING RETAINED; FORMAT UPDATED","Meaning retained after section review.","Why must I select a platform first?","Stores are grouped by marketplace. Selecting a platform enables the stores connected to that platform.","Location: Pricing > Purchase subscription
Stores are grouped by marketplace. Selecting a platform enables the stores connected to that platform.","","Frontend: src/router/routes.jsx; src/components/layout/Sidebar.jsx; src/i18n.js | Frontend: src/features/systemConfigaration; src/features/pricing; src/components/layout/GiftReferralModalController.jsx | Backend: modules/platformStores; modules/subscription"
"Q-557","Which platforms are supported on this page?","Pricing > Purchase subscription","REVIEWED - MEANING RETAINED; FORMAT UPDATED; IMAGE CHECK NEEDED","Meaning retained after section review.","Which platforms are supported on this page?","The visible platform choices are:
Shopee
TikTok
You can see the process through the app screenshots https://printernoble.com/chatbot/uploads/1788407570_WERP_Q-557.png","Location: Pricing > Purchase subscription
The visible platform choices are:
- Shopee
- TikTok","","Frontend: src/router/routes.jsx; src/components/layout/Sidebar.jsx; src/i18n.js | Frontend: src/features/systemConfigaration; src/features/pricing; src/components/layout/GiftReferralModalController.jsx | Backend: modules/platformStores; modules/subscription"
"Q-558","Can I select both Shopee and TikTok?","Pricing > Purchase subscription","MODIFIED ANSWER; FORMAT UPDATED","Resolved multi-platform selection.","Can I select both Shopee and TikTok?","The interface provides separate checkboxes, so it may allow both platforms to be selected.
The final subscription summary and amount should be reviewed after selecting them.","Location: Pricing > Purchase subscription
Yes. On Pricing > Purchase subscription, you can select both Shopee and TikTok and then choose the intended stores under each. Review the total store count and amount before choosing the plan.","","Frontend: src/router/routes.jsx; src/components/layout/Sidebar.jsx; src/i18n.js | Frontend: src/features/systemConfigaration; src/features/pricing; src/components/layout/GiftReferralModalController.jsx | Backend: modules/platformStores; modules/subscription"
"Q-559","Why are store checkboxes disabled?","Pricing > Purchase subscription","REVIEWED - MEANING RETAINED; FORMAT UPDATED; IMAGE CHECK NEEDED","Meaning retained after section review.","Why are store checkboxes disabled?","A store remains disabled until its platform is selected.
For example, a TikTok store cannot be selected until TikTok is checked.
You can see the process through the app screenshots https://printernoble.com/chatbot/uploads/1788407571_WERP_Q-559.png","Location: Pricing > Purchase subscription
A store remains disabled until its platform is selected.
For example, a TikTok store cannot be selected until TikTok is checked.","","Frontend: src/router/routes.jsx; src/components/layout/Sidebar.jsx; src/i18n.js | Frontend: src/features/systemConfigaration; src/features/pricing; src/components/layout/GiftReferralModalController.jsx | Backend: modules/platformStores; modules/subscription"
"Q-560","What happens after I select a platform?","Pricing > Purchase subscription","REVIEWED - MEANING RETAINED; FORMAT UPDATED","Meaning retained after section review.","What happens after I select a platform?","The stores belonging to that marketplace become available for selection.
The platform checkbox does not itself purchase a subscription.","Location: Pricing > Purchase subscription
The stores belonging to that marketplace become available for selection.
The platform checkbox does not itself purchase a subscription.","","Frontend: src/router/routes.jsx; src/components/layout/Sidebar.jsx; src/i18n.js | Frontend: src/features/systemConfigaration; src/features/pricing; src/components/layout/GiftReferralModalController.jsx | Backend: modules/platformStores; modules/subscription"
"Q-561","Can I change the selected platform before checkout?","Pricing > Purchase subscription","REVIEWED - MEANING RETAINED; FORMAT UPDATED","Meaning retained after section review.","Can I change the selected platform before checkout?","Yes. You should be able to select or clear platform checkboxes before choosing a plan.
After every change, review the selected stores and amount again.","Location: Pricing > Purchase subscription
Yes. You should be able to select or clear platform checkboxes before choosing a plan.
After every change, review the selected stores and amount again.","","Frontend: src/router/routes.jsx; src/components/layout/Sidebar.jsx; src/i18n.js | Frontend: src/features/systemConfigaration; src/features/pricing; src/components/layout/GiftReferralModalController.jsx | Backend: modules/platformStores; modules/subscription"
"Q-562","Why is my platform not listed?","Pricing > Purchase subscription","REVIEWED - MEANING RETAINED; FORMAT UPDATED","Meaning retained after section review.","Why is my platform not listed?","Possible reasons include:
The ERP does not support that marketplace.
No corresponding integration is installed.
The platform is unavailable in the selected region.
The account lacks the required feature.
The pricing page currently supports only listed platforms.","Location: Pricing > Purchase subscription
Possible reasons include:
The ERP does not support that marketplace.
No corresponding integration is installed.
The platform is unavailable in the selected region.
The account lacks the required feature.
The pricing page currently supports only listed platforms.","","Frontend: src/router/routes.jsx; src/components/layout/Sidebar.jsx; src/i18n.js | Frontend: src/features/systemConfigaration; src/features/pricing; src/components/layout/GiftReferralModalController.jsx | Backend: modules/platformStores; modules/subscription"
"Q-563","Does selecting a platform authorize a store?","Pricing > Purchase subscription","REVIEWED - MEANING RETAINED; FORMAT UPDATED","Meaning retained after section review.","Does selecting a platform authorize a store?","No. Platform selection on the pricing page only determines which stores can receive a plan.
Store authorization is managed separately under:
System Configuration → Store Authorization","Location: Pricing > Purchase subscription
No. Platform selection on the pricing page only determines which stores can receive a plan.
Store authorization is managed separately under:
- System Configuration - Store Authorization","","Frontend: src/router/routes.jsx; src/components/layout/Sidebar.jsx; src/i18n.js | Frontend: src/features/systemConfigaration; src/features/pricing; src/components/layout/GiftReferralModalController.jsx | Backend: modules/platformStores; modules/subscription"
"Q-564","Why must I select a store?","Pricing > Purchase subscription","MODIFIED ANSWER; FORMAT UPDATED","Confirmed store-level billing scope.","Why must I select a store?","Subscriptions appear to be associated with individual marketplace stores.
The ERP needs to know which store or stores the plan should cover.","Location: Pricing > Purchase subscription
A paid subscription is attached to a selected store. On Pricing > Purchase subscription, choose the platform and the specific store or stores you want to cover. Selecting one store does not automatically renew all stores in the company.","","Frontend: src/router/routes.jsx; src/components/layout/Sidebar.jsx; src/i18n.js | Frontend: src/features/systemConfigaration; src/features/pricing; src/components/layout/GiftReferralModalController.jsx | Backend: modules/platformStores; modules/subscription"
"Q-565","How do I select a store?","Pricing > Purchase subscription","REVIEWED - MEANING RETAINED; FORMAT UPDATED","Meaning retained after section review.","How do I select a store?","First select its platform. Then select the checkbox beside the required store.","Location: Pricing > Purchase subscription
First select its platform. Then select the checkbox beside the required store.","","Frontend: src/router/routes.jsx; src/components/layout/Sidebar.jsx; src/i18n.js | Frontend: src/features/systemConfigaration; src/features/pricing; src/components/layout/GiftReferralModalController.jsx | Backend: modules/platformStores; modules/subscription"
"Q-566","Can I select more than one store?","Pricing > Purchase subscription","MODIFIED ANSWER; FORMAT UPDATED","Confirmed multi-store selection and plan scope.","Can I select more than one store?","The page uses checkboxes, so multiple-store selection may be supported.
The amount summary should update according to the number of selected stores.","Location: Pricing > Purchase subscription
Yes. Select the platform checkboxes, then select each store you want to include. The chosen plan is applied to those stores and the displayed amount increases with the store count. Check the names and count before checkout.","","Frontend: src/router/routes.jsx; src/components/layout/Sidebar.jsx; src/i18n.js | Frontend: src/features/systemConfigaration; src/features/pricing; src/components/layout/GiftReferralModalController.jsx | Backend: modules/platformStores; modules/subscription"
"Q-567","What does the store count in the amount summary mean?","Pricing > Purchase subscription","REVIEWED - MEANING RETAINED; FORMAT UPDATED","Meaning retained after section review.","What does the store count in the amount summary mean?","It indicates how many stores are included in the current subscription selection.
Verify this count before choosing a plan.","Location: Pricing > Purchase subscription
It indicates how many stores are included in the current subscription selection.
Verify this count before choosing a plan.","","Frontend: src/router/routes.jsx; src/components/layout/Sidebar.jsx; src/i18n.js | Frontend: src/features/systemConfigaration; src/features/pricing; src/components/layout/GiftReferralModalController.jsx | Backend: modules/platformStores; modules/subscription"
"Q-568","Why does the amount change when I select another store?","Pricing > Purchase subscription","MODIFIED ANSWER; FORMAT UPDATED","Confirmed calculation.","Why does the amount change when I select another store?","The pricing appears to be calculated per selected store.
Adding more stores may multiply or otherwise increase the total price.","Location: Pricing > Purchase subscription
The displayed subscription amount is the selected plan's per-store price multiplied by the number of selected stores. Review the selected store count and currency, and confirm the final amount shown during checkout.","","Frontend: src/router/routes.jsx; src/components/layout/Sidebar.jsx; src/i18n.js | Frontend: src/features/systemConfigaration; src/features/pricing; src/components/layout/GiftReferralModalController.jsx | Backend: modules/platformStores; modules/subscription"
"Q-569","Can different stores use different plans?","Pricing > Purchase subscription","MODIFIED ANSWER; FORMAT UPDATED","Confirmed per-store plans and single-plan checkout.","Can different stores use different plans?","The page applies the selected plan to the current platform/store selection.
If different stores require different plans, they may need to be purchased separately. Confirm this before completing checkout.","Location: Pricing > Purchase subscription
Yes. Each store has its own subscription. To give stores different plans or durations, make separate selections and purchases for those stores. One checkout uses the chosen plan for every store selected in that checkout.","","Frontend: src/router/routes.jsx; src/components/layout/Sidebar.jsx; src/i18n.js | Frontend: src/features/systemConfigaration; src/features/pricing; src/components/layout/GiftReferralModalController.jsx | Backend: modules/platformStores; modules/subscription"
"Q-570","Why can't I find a store on the pricing page?","Pricing > Purchase subscription","REVIEWED - MEANING RETAINED; FORMAT UPDATED","Meaning retained after section review.","Why can’t I find a store on the pricing page?","Possible reasons include:
Its platform is not selected.
The store is not authorized.
The store connection is disabled.
The store belongs to another account.
The store is not eligible for the plan.
The store list has not finished loading.","Location: Pricing > Purchase subscription
Possible reasons include:
Its platform is not selected.
The store is not authorized.
The store connection is disabled.
The store belongs to another account.
The store is not eligible for the plan.
The store list has not finished loading.","","Frontend: src/router/routes.jsx; src/components/layout/Sidebar.jsx; src/i18n.js | Frontend: src/features/systemConfigaration; src/features/pricing; src/components/layout/GiftReferralModalController.jsx | Backend: modules/platformStores; modules/subscription"
"Q-571","Can I renew only one store?","Pricing > Purchase subscription","MODIFIED ANSWER; FORMAT UPDATED","Removed unnecessary uncertainty.","Can I renew only one store?","Yes, if the page permits selecting only that store.
Clear other store checkboxes and confirm that the summary shows only the intended store.","Location: Pricing > Purchase subscription
Yes. On Pricing > Purchase subscription, select the platform and only the store you want to renew. Clear the other store checkboxes and verify the summary shows one store before choosing a plan.","","Frontend: src/router/routes.jsx; src/components/layout/Sidebar.jsx; src/i18n.js | Frontend: src/features/systemConfigaration; src/features/pricing; src/components/layout/GiftReferralModalController.jsx | Backend: modules/platformStores; modules/subscription"
"Q-572","What should I verify before selecting a store?","Pricing > Purchase subscription","REVIEWED - MEANING RETAINED; FORMAT UPDATED","Meaning retained after section review.","What should I verify before selecting a store?","Confirm:
Correct marketplace
Correct store name
Correct country
Current subscription status
Remaining subscription period
Whether another administrator already renewed it","Location: Pricing > Purchase subscription
Confirm:
- Correct marketplace
- Correct store name
- Correct country
- Current subscription status
- Remaining subscription period
- Whether another administrator already renewed it","","Frontend: src/router/routes.jsx; src/components/layout/Sidebar.jsx; src/i18n.js | Frontend: src/features/systemConfigaration; src/features/pricing; src/components/layout/GiftReferralModalController.jsx | Backend: modules/platformStores; modules/subscription"
"Q-573","What does the plan-summary message mean?","Pricing > Purchase subscription","REVIEWED - MEANING RETAINED; FORMAT UPDATED","Meaning retained after section review.","What does the plan-summary message mean?","It summarizes the platform and store selected for the intended subscription purchase.
Read it carefully before choosing a plan.","Location: Pricing > Purchase subscription
It summarizes the platform and store selected for the intended subscription purchase.
Read it carefully before choosing a plan.","","Frontend: src/router/routes.jsx; src/components/layout/Sidebar.jsx; src/i18n.js | Frontend: src/features/systemConfigaration; src/features/pricing; src/components/layout/GiftReferralModalController.jsx | Backend: modules/platformStores; modules/subscription"
"Q-574","Why is the Choose Plan button disabled?","Pricing > Purchase subscription","REVIEWED - MEANING RETAINED; FORMAT UPDATED; IMAGE CHECK NEEDED","Meaning retained after section review.","Why is the Choose Plan button disabled?","Choose Plan remains disabled until the required platform and store selections are complete.
If it remains disabled, verify that:
At least one platform is selected.
At least one enabled store is selected.
The page has finished updating.
The account is eligible to purchase.
You can see the process through the app screenshots https://printernoble.com/chatbot/uploads/1788407572_WERP_Q-574.png","Location: Pricing > Purchase subscription
Choose Plan remains disabled until the required platform and store selections are complete.
If it remains disabled, verify that:
At least one platform is selected.
At least one enabled store is selected.
The page has finished updating.
The account is eligible to purchase.","","Frontend: src/router/routes.jsx; src/components/layout/Sidebar.jsx; src/i18n.js | Frontend: src/features/systemConfigaration; src/features/pricing; src/components/layout/GiftReferralModalController.jsx | Backend: modules/platformStores; modules/subscription"
"Q-575","What does the Country selector do?","Pricing > Purchase subscription","MODIFIED ANSWER; FORMAT UPDATED; IMAGE CHECK NEEDED","Removed unsupported tax and legal behavior claims.","What does the Country selector do?","It identifies the billing or pricing country used for the subscription.
The exact effect may include currency, tax, regional payment options, or legal billing requirements.
You can see the process through the app screenshots https://printernoble.com/chatbot/uploads/1788407573_WERP_Q-575.png","Location: Pricing > Purchase subscription
Country is part of the pricing selection on Pricing > Purchase subscription. Choose the country appropriate to your business and check the resulting checkout details with the selected currency. The page does not establish tax treatment or change the marketplace store's authorization country.","","Frontend: src/router/routes.jsx; src/components/layout/Sidebar.jsx; src/i18n.js | Frontend: src/features/systemConfigaration; src/features/pricing; src/components/layout/GiftReferralModalController.jsx | Backend: modules/platformStores; modules/subscription"
"Q-576","Which countries are available?","Pricing > Purchase subscription","MODIFIED ANSWER; FORMAT UPDATED","Removed review wording and distinguished pricing from shipping geography.","Which countries are available?","The reviewed page displayed:
United States
China
Singapore
Malaysia
Thailand
Philippines
Indonesia
Vietnam","Location: Pricing > Purchase subscription
Pricing offers United States, China, Singapore, Malaysia, Thailand, Philippines, Indonesia, and Vietnam in Country. Select the country appropriate for the purchase, then check Currency and the final checkout details. These pricing choices are separate from the countries supported for courier routes.","","Frontend: src/router/routes.jsx; src/components/layout/Sidebar.jsx; src/i18n.js | Frontend: src/features/systemConfigaration; src/features/pricing; src/components/layout/GiftReferralModalController.jsx | Backend: modules/platformStores; modules/subscription"
"Q-577","Should I select the store's country or billing country?","Pricing > Purchase subscription","MODIFIED ANSWER; FORMAT UPDATED","Clarified purpose without inventing a billing policy.","Should I select the store’s country or billing country?","Use the country required by the ERP’s billing rules.
It may be the business’s billing country rather than the marketplace store’s operating country. Confirm with the account owner or finance team if they differ.","Location: Pricing > Purchase subscription
Choose the country appropriate to the business making the purchase and verify the checkout information. This selector does not move your marketplace store to another country. If the business country and store country differ and you are unsure which to use, ask the owner or billing support before paying.","","Frontend: src/router/routes.jsx; src/components/layout/Sidebar.jsx; src/i18n.js | Frontend: src/features/systemConfigaration; src/features/pricing; src/components/layout/GiftReferralModalController.jsx | Backend: modules/platformStores; modules/subscription"
"Q-578","What happens if I select the wrong country?","Pricing > Purchase subscription","MODIFIED ANSWER; FORMAT UPDATED","Removed unsupported tax-specific consequences.","What happens if I select the wrong country?","It may cause:
Incorrect currency
Incorrect tax calculation
Unsupported payment method
Billing-address mismatch
Incorrect receipt or invoice information","Location: Pricing > Purchase subscription
An incorrect country can give the wrong pricing or purchase details. Correct Country and Currency on Pricing > Purchase subscription and review the amount again before payment. Do not assume that changing Country changes the connected store's region.","","Frontend: src/router/routes.jsx; src/components/layout/Sidebar.jsx; src/i18n.js | Frontend: src/features/systemConfigaration; src/features/pricing; src/components/layout/GiftReferralModalController.jsx | Backend: modules/platformStores; modules/subscription"
"Q-579","What does the Currency selector do?","Pricing > Purchase subscription","REVIEWED - MEANING RETAINED; FORMAT UPDATED; IMAGE CHECK NEEDED","Meaning retained after section review.","What does the Currency selector do?","It determines the currency used to display or charge the subscription amount.
You can see the process through the app screenshots https://printernoble.com/chatbot/uploads/1788407574_WERP_Q-579.png","Location: Pricing > Purchase subscription
It determines the currency used to display or charge the subscription amount.","","Frontend: src/router/routes.jsx; src/components/layout/Sidebar.jsx; src/i18n.js | Frontend: src/features/systemConfigaration; src/features/pricing; src/components/layout/GiftReferralModalController.jsx | Backend: modules/platformStores; modules/subscription"
"Q-580","Which currencies are available?","Pricing > Purchase subscription","MODIFIED ANSWER; FORMAT UPDATED","Added useful context and removed reviewer wording.","Which currencies are available?","The visible choices are:
USD
CNY
SGD
MYR
THB
PHP
IDR
VND","Location: Pricing > Purchase subscription
Pricing offers USD, CNY, SGD, MYR, THB, PHP, IDR, and VND. Choose the intended Currency and review the plan and checkout total before paying. A subscription currency choice is separate from the MYR balance used by Shipping Wallet.","","Frontend: src/router/routes.jsx; src/components/layout/Sidebar.jsx; src/i18n.js | Frontend: src/features/systemConfigaration; src/features/pricing; src/components/layout/GiftReferralModalController.jsx | Backend: modules/platformStores; modules/subscription"
"Q-581","Does changing currency convert the price?","Pricing > Purchase subscription","MODIFIED ANSWER; FORMAT UPDATED","Confirmed configured price lookup.","Does changing currency convert the price?","It may change the displayed price using the ERP’s configured regional pricing or conversion rules.
Do not assume it uses the live foreign-exchange rate.","Location: Pricing > Purchase subscription
Changing Currency requests the configured price in that currency. It is not a guarantee of conversion at the latest bank exchange rate. Wait for pricing to finish loading, then check the selected currency and final checkout amount.","","Frontend: src/router/routes.jsx; src/components/layout/Sidebar.jsx; src/i18n.js | Frontend: src/features/systemConfigaration; src/features/pricing; src/components/layout/GiftReferralModalController.jsx | Backend: modules/platformStores; modules/subscription"
"Q-582","Could my bank charge a conversion fee?","Pricing > Purchase subscription","REVIEWED - MEANING RETAINED; FORMAT UPDATED","Meaning retained after section review.","Could my bank charge a conversion fee?","Yes. If the payment currency differs from the card or bank-account currency, the payment provider or bank may charge conversion fees.","Location: Pricing > Purchase subscription
Yes. If the payment currency differs from the card or bank-account currency, the payment provider or bank may charge conversion fees.","","Frontend: src/router/routes.jsx; src/components/layout/Sidebar.jsx; src/i18n.js | Frontend: src/features/systemConfigaration; src/features/pricing; src/components/layout/GiftReferralModalController.jsx | Backend: modules/platformStores; modules/subscription"
"Q-583","Should country and currency match?","Pricing > Purchase subscription","REVIEWED - MEANING RETAINED; FORMAT UPDATED; IMAGE CHECK NEEDED","Meaning retained after section review.","Should country and currency match?","They often should, but the interface allows them to be selected separately.
Verify the final checkout currency and billing information before paying.
You can see the process through the app screenshots https://printernoble.com/chatbot/uploads/1788407575_WERP_Q-583.png","Location: Pricing > Purchase subscription
They often should, but the interface allows them to be selected separately.
Verify the final checkout currency and billing information before paying.","","Frontend: src/router/routes.jsx; src/components/layout/Sidebar.jsx; src/i18n.js | Frontend: src/features/systemConfigaration; src/features/pricing; src/components/layout/GiftReferralModalController.jsx | Backend: modules/platformStores; modules/subscription"
"Q-584","Why does the displayed currency symbol not change immediately?","Pricing > Purchase subscription","MODIFIED ANSWER; FORMAT UPDATED","Replaced guessed delayed-conversion behavior with actual reload.","Why does the displayed currency symbol not change immediately?","Possible reasons include:
The page has not refreshed.
A platform or store is not fully selected.
The plan cards use a base price until checkout.
The ERP calculates conversion in a later step.
The selected combination is unsupported.","Location: Pricing > Purchase subscription
Changing Currency can trigger another pricing request. Wait for the loading state to finish and review the amount and currency again. If the display still looks inconsistent, reopen Pricing and contact support before paying; do not rely on a stale symbol.","","Frontend: src/router/routes.jsx; src/components/layout/Sidebar.jsx; src/i18n.js | Frontend: src/features/systemConfigaration; src/features/pricing; src/components/layout/GiftReferralModalController.jsx | Backend: modules/platformStores; modules/subscription"
"Q-585","Which plans are available?","Pricing > Purchase subscription","REVIEWED - MEANING RETAINED; FORMAT UPDATED; IMAGE CHECK NEEDED","Meaning retained after section review.","Which plans are available?","The page displays:
Basic
Standard
Pro
Ultimate
You can see the process through the app screenshots https://printernoble.com/chatbot/uploads/1788407576_WERP_Q-585.png","Location: Pricing > Purchase subscription
The page displays:
- Basic
- Standard
- Pro
- Ultimate","","Frontend: src/router/routes.jsx; src/components/layout/Sidebar.jsx; src/i18n.js | Frontend: src/features/systemConfigaration; src/features/pricing; src/components/layout/GiftReferralModalController.jsx | Backend: modules/platformStores; modules/subscription"
"Q-586","What is the Basic plan?","Pricing > Purchase subscription","MODIFIED ANSWER; FORMAT UPDATED; IMAGE CHECK NEEDED","Removed stale fixed dollar price.","What is the Basic plan?","The reviewed page described Basic as a three-month subscription with approximately 90 days of service.
The displayed base price was $3 before final checkout verification.
You can see the process through the app screenshots https://printernoble.com/chatbot/uploads/1788407577_WERP_Q-586.png","Location: Pricing > Purchase subscription
Basic is the shorter subscription option, shown in the standard plan layout as 3 months. Open Pricing > Purchase subscription to check its current duration and per-store price in your selected currency. The checkout amount is the amount to review before payment.","","Frontend: src/router/routes.jsx; src/components/layout/Sidebar.jsx; src/i18n.js | Frontend: src/features/systemConfigaration; src/features/pricing; src/components/layout/GiftReferralModalController.jsx | Backend: modules/platformStores; modules/subscription"
"Q-587","What is the Standard plan?","Pricing > Purchase subscription","MODIFIED ANSWER; FORMAT UPDATED; IMAGE CHECK NEEDED","Removed stale fixed dollar price.","What is the Standard plan?","Standard was described as a six-month subscription with approximately 180 days of service.
The displayed base price was $5 before final checkout verification.
You can see the process through the app screenshots https://printernoble.com/chatbot/uploads/1788407578_WERP_Q-587.png","Location: Pricing > Purchase subscription
Standard is shown in the standard plan layout as 6 months. Open Pricing > Purchase subscription, select the stores, and read the current duration and price. Check the final store count and checkout amount before payment.","","Frontend: src/router/routes.jsx; src/components/layout/Sidebar.jsx; src/i18n.js | Frontend: src/features/systemConfigaration; src/features/pricing; src/components/layout/GiftReferralModalController.jsx | Backend: modules/platformStores; modules/subscription"
"Q-588","What is the Pro plan?","Pricing > Purchase subscription","MODIFIED ANSWER; FORMAT UPDATED; IMAGE CHECK NEEDED","Removed stale fixed price and qualified referral eligibility.","What is the Pro plan?","Pro was described as a 12-month subscription with approximately 365 days of service.
The displayed base price was $9 before final checkout verification.
You can see the process through the app screenshots https://printernoble.com/chatbot/uploads/1788407579_WERP_Q-588.png","Location: Pricing > Purchase subscription
Pro is shown in the standard plan layout as 12 months. Check the current plan card and checkout duration for your selected stores and currency. A qualifying first paid purchase of a one-year plan may be eligible to use another company's referral code.","","Frontend: src/router/routes.jsx; src/components/layout/Sidebar.jsx; src/i18n.js | Frontend: src/features/systemConfigaration; src/features/pricing; src/components/layout/GiftReferralModalController.jsx | Backend: modules/platformStores; modules/subscription"
"Q-589","What is the Ultimate plan?","Pricing > Purchase subscription","MODIFIED ANSWER; FORMAT UPDATED; IMAGE CHECK NEEDED","Removed stale fixed dollar price.","What is the Ultimate plan?","Ultimate was described as a 24-month subscription with approximately 730 days of service.
The displayed base price was $16 before final checkout verification.
You can see the process through the app screenshots https://printernoble.com/chatbot/uploads/1788407580_WERP_Q-589.png","Location: Pricing > Purchase subscription
Ultimate is shown in the standard plan layout as 24 months. Check the current plan card and final checkout amount for the stores you selected. Compare the full commitment with the period you expect to use the ERP.","","Frontend: src/router/routes.jsx; src/components/layout/Sidebar.jsx; src/i18n.js | Frontend: src/features/systemConfigaration; src/features/pricing; src/components/layout/GiftReferralModalController.jsx | Backend: modules/platformStores; modules/subscription"
"Q-590","Are the displayed prices per store?","Pricing > Purchase subscription","MODIFIED ANSWER; FORMAT UPDATED","Confirmed per-store pricing.","Are the displayed prices per store?","The page’s amount summary references the number of selected stores, indicating that store count affects the charge.
Confirm the final total after selecting every intended store.","Location: Pricing > Purchase subscription
Yes. The subscription calculation uses the plan price for each selected store. For example, selecting three stores applies the selected plan to all three, so check the store count as well as the per-store price. Read the final checkout total before payment.","","Frontend: src/router/routes.jsx; src/components/layout/Sidebar.jsx; src/i18n.js | Frontend: src/features/systemConfigaration; src/features/pricing; src/components/layout/GiftReferralModalController.jsx | Backend: modules/platformStores; modules/subscription"
"Q-591","Are the displayed prices final?","Pricing > Purchase subscription","MODIFIED ANSWER; FORMAT UPDATED","Removed unverified automatic taxes and regional adjustments.","Are the displayed prices final?","Not necessarily. The final amount may be affected by:
Number of stores
Selected currency
Billing country
Tax
Payment-provider fees
Regional pricing
Promotions
Currency conversion
The checkout total is the amount that must be verified.","Location: Pricing > Purchase subscription
Use the final checkout amount for the selected plan, stores, and currency. A plan-card amount on its own may represent a different store selection or earlier pricing. Review the payment page before confirming; a bank or payment provider may apply its own charges.","","Frontend: src/router/routes.jsx; src/components/layout/Sidebar.jsx; src/i18n.js | Frontend: src/features/systemConfigaration; src/features/pricing; src/components/layout/GiftReferralModalController.jsx | Backend: modules/platformStores; modules/subscription"
"Q-592","Do all plans include the same features?","Pricing > Purchase subscription","MODIFIED ANSWER; FORMAT UPDATED","Kept customer-facing wording without promising future pricing terms.","Do all plans include the same features?","The visible plan cards list the same core features. The principal visible difference is subscription duration and price.","Location: Pricing > Purchase subscription
The current plan cards list the same core features, with different durations and prices. Read the selected card and Checkout for the actual purchase terms. Do not assume a longer plan adds a feature or removes a marketplace restriction unless the current terms say so.","","Frontend: src/router/routes.jsx; src/components/layout/Sidebar.jsx; src/i18n.js | Frontend: src/features/systemConfigaration; src/features/pricing; src/components/layout/GiftReferralModalController.jsx | Backend: modules/platformStores; modules/subscription"
"Q-593","What features are listed?","Pricing > Purchase subscription","REVIEWED - MEANING RETAINED; FORMAT UPDATED","Meaning retained after section review.","What features are listed?","The plans display:
Support for Shopee and TikTok
Unlimited order processing
Inventory synchronization
Bulk order management
Shipment tracking
Customer support
Free mobile app","Location: Pricing > Purchase subscription
The plans display:
- Support for Shopee and TikTok
- Unlimited order processing
- Inventory synchronization
- Bulk order management
- Shipment tracking
- Customer support
- Free mobile app","","Frontend: src/router/routes.jsx; src/components/layout/Sidebar.jsx; src/i18n.js | Frontend: src/features/systemConfigaration; src/features/pricing; src/components/layout/GiftReferralModalController.jsx | Backend: modules/platformStores; modules/subscription"
"Q-594","What does ""Support for Shopee & TikTok"" mean?","Pricing > Purchase subscription","REVIEWED - MEANING RETAINED; FORMAT UPDATED","Meaning retained after section review.","What does “Support for Shopee & TikTok” mean?","It indicates that the ERP can work with stores from those marketplaces when they are properly authorized and subscribed.
It does not mean every marketplace feature is necessarily supported.","Location: Pricing > Purchase subscription
It indicates that the ERP can work with stores from those marketplaces when they are properly authorized and subscribed.
It does not mean every marketplace feature is necessarily supported.","","Frontend: src/router/routes.jsx; src/components/layout/Sidebar.jsx; src/i18n.js | Frontend: src/features/systemConfigaration; src/features/pricing; src/components/layout/GiftReferralModalController.jsx | Backend: modules/platformStores; modules/subscription"
"Q-595","What does ""Unlimited order processing"" mean?","Pricing > Purchase subscription","MODIFIED ANSWER; FORMAT UPDATED","Removed technical API terminology and avoided an unlimited-service guarantee.","What does “Unlimited order processing” mean?","It suggests the plan does not impose a stated order-processing limit.
Users should still review any fair-use, store, API, or marketplace restrictions in the applicable terms.","Location: Pricing > Purchase subscription
Unlimited order processing means the plan card does not state a fixed order-count allowance. Marketplace rules, service availability, and the subscription terms still apply. Review the current terms or ask support if your business needs a specific volume commitment.","","Frontend: src/router/routes.jsx; src/components/layout/Sidebar.jsx; src/i18n.js | Frontend: src/features/systemConfigaration; src/features/pricing; src/components/layout/GiftReferralModalController.jsx | Backend: modules/platformStores; modules/subscription"
"Q-596","What does ""Inventory synchronisation"" mean?","Pricing > Purchase subscription","REVIEWED - MEANING RETAINED; FORMAT UPDATED","Meaning retained after section review.","What does “Inventory synchronisation” mean?","It means the ERP can synchronize mapped inventory with supported connected stores.
Successful synchronization still depends on valid authorization, mappings, warehouse configuration, and marketplace availability.","Location: Pricing > Purchase subscription
It means the ERP can synchronize mapped inventory with supported connected stores.
Successful synchronization still depends on valid authorization, mappings, warehouse configuration, and marketplace availability.","","Frontend: src/router/routes.jsx; src/components/layout/Sidebar.jsx; src/i18n.js | Frontend: src/features/systemConfigaration; src/features/pricing; src/components/layout/GiftReferralModalController.jsx | Backend: modules/platformStores; modules/subscription"
"Q-597","What does ""Bulk order management"" mean?","Pricing > Purchase subscription","REVIEWED - MEANING RETAINED; FORMAT UPDATED","Meaning retained after section review.","What does “Bulk order management” mean?","It refers to processing or managing multiple orders together using supported batch actions.
The available operations depend on order status and user permissions.","Location: Pricing > Purchase subscription
It refers to processing or managing multiple orders together using supported batch actions.
The available operations depend on order status and user permissions.","","Frontend: src/router/routes.jsx; src/components/layout/Sidebar.jsx; src/i18n.js | Frontend: src/features/systemConfigaration; src/features/pricing; src/components/layout/GiftReferralModalController.jsx | Backend: modules/platformStores; modules/subscription"
"Q-598","What does ""Shipment tracking"" mean?","Pricing > Purchase subscription","REVIEWED - MEANING RETAINED; FORMAT UPDATED","Meaning retained after section review.","What does “Shipment tracking” mean?","It indicates that the ERP can store or display tracking information for supported shipment and courier workflows.","Location: Pricing > Purchase subscription
It indicates that the ERP can store or display tracking information for supported shipment and courier workflows.","","Frontend: src/router/routes.jsx; src/components/layout/Sidebar.jsx; src/i18n.js | Frontend: src/features/systemConfigaration; src/features/pricing; src/components/layout/GiftReferralModalController.jsx | Backend: modules/platformStores; modules/subscription"
"Q-599","What does ""Customer support available"" include?","Pricing > Purchase subscription","MODIFIED ANSWER; FORMAT UPDATED","Added the actual support destination.","What does “Customer support available” include?","The plan card does not specify support hours, response times, language, or communication channels.
These should be confirmed separately if support service level is important.","Location: Pricing > Purchase subscription
The plan cards state that customer support is available but do not promise a response time or support schedule. Open Contact from the sidebar to use the message form, support email, or WhatsApp link. Ask support directly about service hours when they matter to your operation.","","Frontend: src/router/routes.jsx; src/components/layout/Sidebar.jsx; src/i18n.js | Frontend: src/features/systemConfigaration; src/features/pricing; src/components/layout/GiftReferralModalController.jsx | Backend: modules/platformStores; modules/subscription"
"Q-600","What does ""Free Mobile app"" mean?","Pricing > Purchase subscription","REVIEWED - MEANING RETAINED; FORMAT UPDATED","Meaning retained after section review.","What does “Free Mobile app” mean?","It suggests mobile-app access is included with the subscription.
Check the supported mobile platforms, account requirements, and feature differences before relying on it.","Location: Pricing > Purchase subscription
It suggests mobile-app access is included with the subscription.
Check the supported mobile platforms, account requirements, and feature differences before relying on it.","","Frontend: src/router/routes.jsx; src/components/layout/Sidebar.jsx; src/i18n.js | Frontend: src/features/systemConfigaration; src/features/pricing; src/components/layout/GiftReferralModalController.jsx | Backend: modules/platformStores; modules/subscription"
"Q-601","Which plan offers the best value?","Pricing > Purchase subscription","REVIEWED - MEANING RETAINED; FORMAT UPDATED","Meaning retained after section review.","Which plan offers the best value?","That depends on how long the store will use the ERP and whether the upfront cost is approved.
Compare:
Total duration
Total price
Effective monthly price
Number of stores
Business continuity requirements
Refund or cancellation policy","Location: Pricing > Purchase subscription
That depends on how long the store will use the ERP and whether the upfront cost is approved.
Compare:
- Total duration
- Total price
- Effective monthly price
- Number of stores
- Business continuity requirements
- Refund or cancellation policy","","Frontend: src/router/routes.jsx; src/components/layout/Sidebar.jsx; src/i18n.js | Frontend: src/features/systemConfigaration; src/features/pricing; src/components/layout/GiftReferralModalController.jsx | Backend: modules/platformStores; modules/subscription"
"Q-602","Should I choose a longer plan because its monthly cost is lower?","Pricing > Purchase subscription","REVIEWED - MEANING RETAINED; FORMAT UPDATED","Meaning retained after section review.","Should I choose a longer plan because its monthly cost is lower?","Only if the business expects to use the ERP for the full term and understands the refund policy.
A lower effective monthly cost does not automatically make a longer commitment appropriate.","Location: Pricing > Purchase subscription
Only if the business expects to use the ERP for the full term and understands the refund policy.
A lower effective monthly cost does not automatically make a longer commitment appropriate.","","Frontend: src/router/routes.jsx; src/components/layout/Sidebar.jsx; src/i18n.js | Frontend: src/features/systemConfigaration; src/features/pricing; src/components/layout/GiftReferralModalController.jsx | Backend: modules/platformStores; modules/subscription"
"Q-603","Can I upgrade again before the current plan expires?","Pricing > Purchase subscription","MODIFIED ANSWER; FORMAT UPDATED","Confirmed extension calculation from payment completion.","Can I upgrade again before the current plan expires?","The page does not explain whether the new duration is added to the remaining period or replaces it.
Confirm renewal behavior before purchasing early.","Location: Pricing > Purchase subscription
Yes. For an active store subscription, a successful renewal adds the purchased duration after its existing expiry date. If it has already expired, the new period starts from the payment date. Renew the correct store and check Days Left afterward.","","Frontend: src/router/routes.jsx; src/components/layout/Sidebar.jsx; src/i18n.js | Frontend: src/features/systemConfigaration; src/features/pricing; src/components/layout/GiftReferralModalController.jsx | Backend: modules/platformStores; modules/subscription"
"Q-604","Will unused subscription time carry forward?","Pricing > Purchase subscription","MODIFIED ANSWER; FORMAT UPDATED","Resolved carry-forward behavior.","Will unused subscription time carry forward?","The page does not state whether remaining days are preserved.
This is an important question to confirm before renewing an active store.","Location: Pricing > Purchase subscription
Yes. When you renew an active subscription, its remaining time is retained and the new plan duration is added after the current expiry. For an expired plan, the new period starts at successful payment. Check the selected store and updated expiry after checkout.","","Frontend: src/router/routes.jsx; src/components/layout/Sidebar.jsx; src/i18n.js | Frontend: src/features/systemConfigaration; src/features/pricing; src/components/layout/GiftReferralModalController.jsx | Backend: modules/platformStores; modules/subscription"
"Q-605","Can I downgrade later?","Pricing > Purchase subscription","REVIEWED - MEANING RETAINED; FORMAT UPDATED","Meaning retained after section review.","Can I downgrade later?","The pricing page does not explain downgrade rules.
Confirm whether plans differ only by duration and whether changes are allowed during an active term.","Location: Pricing > Purchase subscription
The pricing page does not explain downgrade rules.
Confirm whether plans differ only by duration and whether changes are allowed during an active term.","","Frontend: src/router/routes.jsx; src/components/layout/Sidebar.jsx; src/i18n.js | Frontend: src/features/systemConfigaration; src/features/pricing; src/components/layout/GiftReferralModalController.jsx | Backend: modules/platformStores; modules/subscription"
"Q-606","What does Choose Plan do?","Pricing > Purchase subscription","MODIFIED ANSWER; FORMAT UPDATED","Documented actual purchase flow.","What does Choose Plan do?","It begins the next purchase or checkout stage for the selected plan and stores.
It does not necessarily complete payment immediately, but it moves closer to a financial transaction.","Location: Pricing > Purchase subscription
Choose Plan continues with the selected plan and stores. For an eligible first purchase, a referral-code prompt may appear first; otherwise you continue to Checkout. Review the details and use Pay with Stripe when ready to enter the payment provider's checkout.","","Frontend: src/router/routes.jsx; src/components/layout/Sidebar.jsx; src/i18n.js | Frontend: src/features/systemConfigaration; src/features/pricing; src/components/layout/GiftReferralModalController.jsx | Backend: modules/platformStores; modules/subscription"
"Q-607","What should I verify before pressing Choose Plan?","Pricing > Purchase subscription","REVIEWED - MEANING RETAINED; FORMAT UPDATED","Meaning retained after section review.","What should I verify before pressing Choose Plan?","Verify:
Correct platform
Correct stores
Correct store count
Correct country
Correct currency
Correct plan
Correct duration
Displayed amount
Authorization to purchase","Location: Pricing > Purchase subscription
Verify:
- Correct platform
- Correct stores
- Correct store count
- Correct country
- Correct currency
- Correct plan
- Correct duration
- Displayed amount
- Authorization to purchase","","Frontend: src/router/routes.jsx; src/components/layout/Sidebar.jsx; src/i18n.js | Frontend: src/features/systemConfigaration; src/features/pricing; src/components/layout/GiftReferralModalController.jsx | Backend: modules/platformStores; modules/subscription"
"Q-608","Does pressing Choose Plan charge the payment method?","Pricing > Purchase subscription","MODIFIED ANSWER; FORMAT UPDATED","Replaced an untested-step disclaimer with code-defined behavior.","Does pressing Choose Plan charge the payment method?","The reviewed workflow was not taken beyond this button.
Treat it as the start of checkout, and inspect the next page carefully before entering payment details or confirming payment.","Location: Pricing > Purchase subscription
No. Choose Plan takes you toward Checkout and can first show a referral-code prompt. Checkout provides Pay with Stripe, which opens the payment provider's page. The purchase is completed only when payment is confirmed successfully.","","Frontend: src/router/routes.jsx; src/components/layout/Sidebar.jsx; src/i18n.js | Frontend: src/features/systemConfigaration; src/features/pricing; src/components/layout/GiftReferralModalController.jsx | Backend: modules/platformStores; modules/subscription"
"Q-609","What should I verify on the checkout page?","Pricing > Purchase subscription","REVIEWED - MEANING RETAINED; FORMAT UPDATED","Meaning retained after section review.","What should I verify on the checkout page?","Verify:
Merchant or payment recipient
Plan name
Platform
Selected stores
Subscription duration
Currency
Subtotal
Tax and fees
Final total
Billing information
Renewal terms
Refund policy","Location: Pricing > Purchase subscription
Verify:
- Merchant or payment recipient
- Plan name
- Platform
- Selected stores
- Subscription duration
- Currency
- Subtotal
- Tax and fees
- Final total
- Billing information
- Renewal terms
- Refund policy","","Frontend: src/router/routes.jsx; src/components/layout/Sidebar.jsx; src/i18n.js | Frontend: src/features/systemConfigaration; src/features/pricing; src/components/layout/GiftReferralModalController.jsx | Backend: modules/platformStores; modules/subscription"
"Q-610","Should payment-card information be saved in the browser?","Pricing > Purchase subscription","REVIEWED - MEANING RETAINED; FORMAT UPDATED","Meaning retained after section review.","Should payment-card information be saved in the browser?","Only if the account owner explicitly wants that and understands the security implications.
Saving payment details is not necessary to complete a one-time purchase.","Location: Pricing > Purchase subscription
Only if the account owner explicitly wants that and understands the security implications.
Saving payment details is not necessary to complete a one-time purchase.","","Frontend: src/router/routes.jsx; src/components/layout/Sidebar.jsx; src/i18n.js | Frontend: src/features/systemConfigaration; src/features/pricing; src/components/layout/GiftReferralModalController.jsx | Backend: modules/platformStores; modules/subscription"
"Q-611","Can technical-support staff complete payment for the user?","Pricing > Purchase subscription","REVIEWED - MEANING RETAINED; FORMAT UPDATED","Meaning retained after section review.","Can technical-support staff complete payment for the user?","Only with clear authorization and an approved business process.
The account owner should normally review and confirm the final transaction.","Location: Pricing > Purchase subscription
Only with clear authorization and an approved business process.
The account owner should normally review and confirm the final transaction.","","Frontend: src/router/routes.jsx; src/components/layout/Sidebar.jsx; src/i18n.js | Frontend: src/features/systemConfigaration; src/features/pricing; src/components/layout/GiftReferralModalController.jsx | Backend: modules/platformStores; modules/subscription"
"Q-612","What happens after successful payment?","Pricing > Purchase subscription","MODIFIED ANSWER; FORMAT UPDATED","Confirmed completion result and follow-through.","What happens after successful payment?","Expected results may include:
Payment confirmation
Subscription activation or extension
Updated Days Left
Receipt or invoice
Updated Store Plans status
Verify each result instead of assuming activation succeeded.","Location: Pricing > Purchase subscription
After the payment provider confirms payment, the ERP displays Payment Success with the payment reference, plan, period, selected store count, and amount. The chosen stores' subscriptions are activated or extended, and referral codes can appear on the success page. Go to System Configuration > Store Authorization to verify Days Left for each purchased store.","","Frontend: src/router/routes.jsx; src/components/layout/Sidebar.jsx; src/i18n.js | Frontend: src/features/systemConfigaration; src/features/pricing; src/components/layout/GiftReferralModalController.jsx | Backend: modules/platformStores; modules/subscription"
"Q-613","What if payment succeeds but the plan does not activate?","Pricing > Purchase subscription","REVIEWED - MEANING RETAINED; FORMAT UPDATED","Meaning retained after section review.","What if payment succeeds but the plan does not activate?","Collect:
Transaction reference
Payment time
Selected platform and stores
Plan name
Amount and currency
Confirmation screenshot
Then contact authorized billing support. Do not repeatedly purchase the plan.","Location: Pricing > Purchase subscription
Collect:
- Transaction reference
- Payment time
- Selected platform and stores
- Plan name
- Amount and currency
- Confirmation screenshot
Then contact authorized billing support. Do not repeatedly purchase the plan.","","Frontend: src/router/routes.jsx; src/components/layout/Sidebar.jsx; src/i18n.js | Frontend: src/features/systemConfigaration; src/features/pricing; src/components/layout/GiftReferralModalController.jsx | Backend: modules/platformStores; modules/subscription"
"Q-614","What if the payment fails?","Pricing > Purchase subscription","REVIEWED - MEANING RETAINED; FORMAT UPDATED","Meaning retained after section review.","What if the payment fails?","Check:
Card or payment-method status
Billing address
Country and currency
Available funds
Bank restrictions
Payment-provider message
Network connection
Avoid repeated attempts if the payment state is uncertain.","Location: Pricing > Purchase subscription
Check:
- Card or payment-method status
- Billing address
- Country and currency
- Available funds
- Bank restrictions
- Payment-provider message
- Network connection
Avoid repeated attempts if the payment state is uncertain.","","Frontend: src/router/routes.jsx; src/components/layout/Sidebar.jsx; src/i18n.js | Frontend: src/features/systemConfigaration; src/features/pricing; src/components/layout/GiftReferralModalController.jsx | Backend: modules/platformStores; modules/subscription"
"Q-615","Could repeated clicks create duplicate charges?","Pricing > Purchase subscription","REVIEWED - MEANING RETAINED; FORMAT UPDATED","Meaning retained after section review.","Could repeated clicks create duplicate charges?","Potentially. If a checkout appears stuck, verify the payment result and subscription status before trying again.","Location: Pricing > Purchase subscription
Potentially. If a checkout appears stuck, verify the payment result and subscription status before trying again.","","Frontend: src/router/routes.jsx; src/components/layout/Sidebar.jsx; src/i18n.js | Frontend: src/features/systemConfigaration; src/features/pricing; src/components/layout/GiftReferralModalController.jsx | Backend: modules/platformStores; modules/subscription"
"Q-616","How do I confirm that renewal worked?","Pricing > Purchase subscription","MODIFIED ANSWER; FORMAT UPDATED","Provided exact renewal verification route.","How do I confirm that renewal worked?","Check:
Store Plans
Store Authorization
Subscription status
Days Left
Payment receipt
Confirmation message","Location: Pricing > Purchase subscription
Open System Configuration > Store Authorization and check Current Plan, Subscription, and Days Left for the exact store you paid for. Compare them with Payment Success and its payment reference. If they do not match, contact support with that reference before making another payment.","","Frontend: src/router/routes.jsx; src/components/layout/Sidebar.jsx; src/i18n.js | Frontend: src/features/systemConfigaration; src/features/pricing; src/components/layout/GiftReferralModalController.jsx | Backend: modules/platformStores; modules/subscription"
"Q-617","Can I get an invoice or receipt?","Pricing > Purchase subscription","MODIFIED ANSWER; FORMAT UPDATED","Removed an invented billing-area suggestion.","Can I get an invoice or receipt?","A payment workflow commonly provides one, but the pricing page does not display an invoice control.
Check the payment confirmation, billing email, or account billing area after purchase.","Location: Pricing > Purchase subscription
Payment Success shows a payment reference and purchase details. The current ERP customer pages do not include a separate invoice-download area. Check any receipt sent by the payment provider, or contact support with the payment reference to request the billing document you need.","","Frontend: src/router/routes.jsx; src/components/layout/Sidebar.jsx; src/i18n.js | Frontend: src/features/systemConfigaration; src/features/pricing; src/components/layout/GiftReferralModalController.jsx | Backend: modules/platformStores; modules/subscription"
"Q-618","What should I do if I selected the wrong store?","Pricing > Purchase subscription","REVIEWED - MEANING RETAINED; FORMAT UPDATED","Meaning retained after section review.","What should I do if I selected the wrong store?","Do not continue to payment.
Return to the selection page, clear the incorrect store, select the correct one, and verify the updated summary.","Location: Pricing > Purchase subscription
Do not continue to payment.
Return to the selection page, clear the incorrect store, select the correct one, and verify the updated summary.","","Frontend: src/router/routes.jsx; src/components/layout/Sidebar.jsx; src/i18n.js | Frontend: src/features/systemConfigaration; src/features/pricing; src/components/layout/GiftReferralModalController.jsx | Backend: modules/platformStores; modules/subscription"
"Q-619","What should I do if I selected the wrong plan?","Pricing > Purchase subscription","REVIEWED - MEANING RETAINED; FORMAT UPDATED","Meaning retained after section review.","What should I do if I selected the wrong plan?","Do not confirm payment.
Return to the plan-selection step and choose the intended duration.","Location: Pricing > Purchase subscription
Do not confirm payment.
Return to the plan-selection step and choose the intended duration.","","Frontend: src/router/routes.jsx; src/components/layout/Sidebar.jsx; src/i18n.js | Frontend: src/features/systemConfigaration; src/features/pricing; src/components/layout/GiftReferralModalController.jsx | Backend: modules/platformStores; modules/subscription"
"Q-620","Can a subscription purchase be refunded?","Pricing > Purchase subscription","REVIEWED - MEANING RETAINED; FORMAT UPDATED","Meaning retained after section review.","Can a subscription purchase be refunded?","The pricing page does not display the refund terms.
Review the applicable billing terms or contact support before purchasing if refund eligibility is important.","Location: Pricing > Purchase subscription
The pricing page does not display the refund terms.
Review the applicable billing terms or contact support before purchasing if refund eligibility is important.","","Frontend: src/router/routes.jsx; src/components/layout/Sidebar.jsx; src/i18n.js | Frontend: src/features/systemConfigaration; src/features/pricing; src/components/layout/GiftReferralModalController.jsx | Backend: modules/platformStores; modules/subscription"
"Q-621","Why is the Upgrade Plan page not loading?","Pricing > Purchase subscription","REVIEWED - MEANING RETAINED; FORMAT UPDATED","Meaning retained after section review.","Why is the Upgrade Plan page not loading?","Possible reasons include:
Network problem
Expired login session
Subscription service unavailable
Browser loading issue
Account permission restriction
Reload once and sign in again if required.","Location: Pricing > Purchase subscription
Possible reasons include:
- Network problem
- Expired login session
- Subscription service unavailable
- Browser loading issue
- Account permission restriction
Reload once and sign in again if required.","","Frontend: src/router/routes.jsx; src/components/layout/Sidebar.jsx; src/i18n.js | Frontend: src/features/systemConfigaration; src/features/pricing; src/components/layout/GiftReferralModalController.jsx | Backend: modules/platformStores; modules/subscription"
"Q-622","Why are no stores selectable?","Pricing > Purchase subscription","REVIEWED - MEANING RETAINED; FORMAT UPDATED","Meaning retained after section review.","Why are no stores selectable?","Check:
Select the relevant platform.
Confirm the store is authorized.
Confirm the store is not disabled.
Wait for the store list to load.
Verify account permissions.","Location: Pricing > Purchase subscription
Check:
Select the relevant platform.
Confirm the store is authorized.
Confirm the store is not disabled.
Wait for the store list to load.
Verify account permissions.","","Frontend: src/router/routes.jsx; src/components/layout/Sidebar.jsx; src/i18n.js | Frontend: src/features/systemConfigaration; src/features/pricing; src/components/layout/GiftReferralModalController.jsx | Backend: modules/platformStores; modules/subscription"
"Q-623","Why is my store not listed?","Pricing > Purchase subscription","REVIEWED - MEANING RETAINED; FORMAT UPDATED","Meaning retained after section review.","Why is my store not listed?","Check System Configuration → Store Authorization.
The store may be unauthorized, disabled, connected to another account, or associated with another platform.","Location: Pricing > Purchase subscription
Check System Configuration - Store Authorization.
The store may be unauthorized, disabled, connected to another account, or associated with another platform.","","Frontend: src/router/routes.jsx; src/components/layout/Sidebar.jsx; src/i18n.js | Frontend: src/features/systemConfigaration; src/features/pricing; src/components/layout/GiftReferralModalController.jsx | Backend: modules/platformStores; modules/subscription"
"Q-624","Why is Choose Plan disabled after selecting a platform?","Pricing > Purchase subscription","REVIEWED - MEANING RETAINED; FORMAT UPDATED","Meaning retained after section review.","Why is Choose Plan disabled after selecting a platform?","A store must also be selected.
If a store is selected and the button remains disabled, wait for the summary to update or check whether the store is eligible.","Location: Pricing > Purchase subscription
A store must also be selected.
If a store is selected and the button remains disabled, wait for the summary to update or check whether the store is eligible.","","Frontend: src/router/routes.jsx; src/components/layout/Sidebar.jsx; src/i18n.js | Frontend: src/features/systemConfigaration; src/features/pricing; src/components/layout/GiftReferralModalController.jsx | Backend: modules/platformStores; modules/subscription"
"Q-625","Why is the amount different from the plan-card price?","Pricing > Purchase subscription","MODIFIED ANSWER; FORMAT UPDATED","Explained verified causes without inventing tax behavior.","Why is the amount different from the plan-card price?","The summary may account for:
Multiple stores
Currency selection
Country
Taxes or fees
Regional pricing
Confirm the final checkout total.","Location: Pricing > Purchase subscription
The plan-card price is used for each selected store, so selecting more stores increases the total. Currency and the current configured price also matter. Check the store count, currency, and final checkout amount; do not assume the amount is for just one store.","","Frontend: src/router/routes.jsx; src/components/layout/Sidebar.jsx; src/i18n.js | Frontend: src/features/systemConfigaration; src/features/pricing; src/components/layout/GiftReferralModalController.jsx | Backend: modules/platformStores; modules/subscription"
"Q-626","Why does the Dashboard still show an expiration warning after renewal?","Pricing > Purchase subscription","REVIEWED - MEANING RETAINED; FORMAT UPDATED","Meaning retained after section review.","Why does the Dashboard still show an expiration warning after renewal?","Possible reasons include:
Payment is still processing.
Subscription activation is delayed.
Another store is expiring.
The page needs refreshing.
The wrong store was renewed.
Payment did not complete.","Location: Pricing > Purchase subscription
Possible reasons include:
Payment is still processing.
Subscription activation is delayed.
Another store is expiring.
The page needs refreshing.
The wrong store was renewed.
Payment did not complete.","","Frontend: src/router/routes.jsx; src/components/layout/Sidebar.jsx; src/i18n.js | Frontend: src/features/systemConfigaration; src/features/pricing; src/components/layout/GiftReferralModalController.jsx | Backend: modules/platformStores; modules/subscription"
"Q-627","Why does Store Authorization still show the old Days Left?","Pricing > Purchase subscription","REVIEWED - MEANING RETAINED; FORMAT UPDATED","Meaning retained after section review.","Why does Store Authorization still show the old Days Left?","The subscription record may not have refreshed yet.
Wait briefly, reload the page, and verify the purchased store before contacting billing support.","Location: Pricing > Purchase subscription
The subscription record may not have refreshed yet.
Wait briefly, reload the page, and verify the purchased store before contacting billing support.","","Frontend: src/router/routes.jsx; src/components/layout/Sidebar.jsx; src/i18n.js | Frontend: src/features/systemConfigaration; src/features/pricing; src/components/layout/GiftReferralModalController.jsx | Backend: modules/platformStores; modules/subscription"
"Q-628","Why should my business use this ERP?","Warehouse ERP","REVIEWED - MEANING RETAINED; FORMAT UPDATED","Meaning retained after section review.","Why should my business use this ERP?","The ERP brings products, inventory, warehouses, marketplace stores, and order processing into one system.
Instead of checking separate tools for every store, your team can manage core operations from a central workspace.","Location: Warehouse ERP
The ERP brings products, inventory, warehouses, marketplace stores, and order processing into one system.
Instead of checking separate tools for every store, your team can manage core operations from a central workspace.","","Frontend: src/router/routes.jsx; src/components/layout/Sidebar.jsx; src/i18n.js"
"Q-629","What business problems can this ERP help solve?","Warehouse ERP","REVIEWED - MEANING RETAINED; FORMAT UPDATED","Meaning retained after section review.","What business problems can this ERP help solve?","It can help reduce problems such as:
Overselling unavailable products
Missing marketplace orders
Incorrect SKU mappings
Untracked stock movements
Scattered warehouse information
Repeated manual status checks
Inconsistent staff permissions
Difficulty tracing inventory discrepancies","Location: Warehouse ERP
It can help reduce problems such as:
- Overselling unavailable products
- Missing marketplace orders
- Incorrect SKU mappings
- Untracked stock movements
- Scattered warehouse information
- Repeated manual status checks
- Inconsistent staff permissions
- Difficulty tracing inventory discrepancies","","Frontend: src/router/routes.jsx; src/components/layout/Sidebar.jsx; src/i18n.js"
"Q-630","Is this ERP suitable for a growing e-commerce business?","Warehouse ERP","REVIEWED - MEANING RETAINED; FORMAT UPDATED","Meaning retained after section review.","Is this ERP suitable for a growing e-commerce business?","It appears particularly useful for businesses managing:
Multiple products and variations
Shopee and TikTok stores
Multiple warehouses
Growing order volumes
Inbound and outbound inventory
Several operational employees","Location: Warehouse ERP
It appears particularly useful for businesses managing:
- Multiple products and variations
- Shopee and TikTok stores
- Multiple warehouses
- Growing order volumes
- Inbound and outbound inventory
- Several operational employees","","Frontend: src/router/routes.jsx; src/components/layout/Sidebar.jsx; src/i18n.js"
"Q-631","How can it save my team time?","Warehouse ERP","REVIEWED - MEANING RETAINED; FORMAT UPDATED","Meaning retained after section review.","How can it save my team time?","It consolidates recurring work such as:
Product searches
SKU mapping
Inventory monitoring
Order filtering
Bulk order operations
Shipment tracking
Store authorization
Inventory logs
Role-based access
The actual time saved depends on data quality, configuration, and workflow discipline.","Location: Warehouse ERP
It consolidates recurring work such as:
- Product searches
- SKU mapping
- Inventory monitoring
- Order filtering
- Bulk order operations
- Shipment tracking
- Store authorization
- Inventory logs
- Role-based access
The actual time saved depends on data quality, configuration, and workflow discipline.","","Frontend: src/router/routes.jsx; src/components/layout/Sidebar.jsx; src/i18n.js"
"Q-632","Can this ERP replace spreadsheets?","Warehouse ERP","REVIEWED - MEANING RETAINED; FORMAT UPDATED","Meaning retained after section review.","Can this ERP replace spreadsheets?","It can replace many operational spreadsheets used for products, stock movements, warehouse balances, and order tracking.
Financial accounting, advanced reporting, forecasting, or specialized business processes may still require other tools.","Location: Warehouse ERP
It can replace many operational spreadsheets used for products, stock movements, warehouse balances, and order tracking.
Financial accounting, advanced reporting, forecasting, or specialized business processes may still require other tools.","","Frontend: src/router/routes.jsx; src/components/layout/Sidebar.jsx; src/i18n.js"
"Q-633","How can it improve business visibility?","Warehouse ERP","REVIEWED - MEANING RETAINED; FORMAT UPDATED","Meaning retained after section review.","How can it improve business visibility?","The Dashboard provides a summary of:
Platform products
Today’s orders
Low-stock products
Out-of-stock products
Stock-in and stock-out activity
Sales trends
Store subscription status
This can help management identify issues without opening every operational page.","Location: Warehouse ERP
The Dashboard provides a summary of:
- Platform products
- Today's orders
- Low-stock products
- Out-of-stock products
- Stock-in and stock-out activity
- Sales trends
- Store subscription status
This can help management identify issues without opening every operational page.","","Frontend: src/router/routes.jsx; src/components/layout/Sidebar.jsx; src/i18n.js"
"Q-634","Will this ERP automatically make my business profitable?","Warehouse ERP","REVIEWED - MEANING RETAINED; FORMAT UPDATED","Meaning retained after section review.","Will this ERP automatically make my business profitable?","No software can guarantee profitability.
Its value comes from helping the business reduce mistakes, improve visibility, standardize processes, and handle operations more efficiently.","Location: Warehouse ERP
No software can guarantee profitability.
Its value comes from helping the business reduce mistakes, improve visibility, standardize processes, and handle operations more efficiently.","","Frontend: src/router/routes.jsx; src/components/layout/Sidebar.jsx; src/i18n.js"
"Q-635","What would make this ERP worth paying for?","Warehouse ERP","REVIEWED - MEANING RETAINED; FORMAT UPDATED","Meaning retained after section review.","What would make this ERP worth paying for?","Paid access is most valuable when the cost is lower than the operational cost of:
Overselling
Missed orders
Incorrect shipments
Staff time spent reconciling spreadsheets
Inventory discrepancies
Delayed marketplace processing
Poor visibility across stores","Location: Warehouse ERP
Paid access is most valuable when the cost is lower than the operational cost of:
- Overselling
- Missed orders
- Incorrect shipments
- Staff time spent reconciling spreadsheets
- Inventory discrepancies
- Delayed marketplace processing
- Poor visibility across stores","","Frontend: src/router/routes.jsx; src/components/layout/Sidebar.jsx; src/i18n.js"
"Q-636","How should I evaluate its return on investment?","Warehouse ERP","REVIEWED - MEANING RETAINED; FORMAT UPDATED","Meaning retained after section review.","How should I evaluate its return on investment?","Compare the subscription cost against measurable improvements such as:
Fewer stock errors
Fewer cancelled orders
Faster processing time
Reduced manual reconciliation
Improved order throughput
Reduced staff overtime
Faster discrepancy investigations","Location: Warehouse ERP
Compare the subscription cost against measurable improvements such as:
- Fewer stock errors
- Fewer cancelled orders
- Faster processing time
- Reduced manual reconciliation
- Improved order throughput
- Reduced staff overtime
- Faster discrepancy investigations","","Frontend: src/router/routes.jsx; src/components/layout/Sidebar.jsx; src/i18n.js"
"Q-637","How quickly can a business start using it?","Warehouse ERP","REVIEWED - MEANING RETAINED; FORMAT UPDATED","Meaning retained after section review.","How quickly can a business start using it?","Basic use can begin after stores, warehouses, products, Merchant SKUs, and user roles are configured.
The implementation time depends on the number of stores, SKUs, warehouses, and existing data quality.","Location: Warehouse ERP
Basic use can begin after stores, warehouses, products, Merchant SKUs, and user roles are configured.
The implementation time depends on the number of stores, SKUs, warehouses, and existing data quality.","","Frontend: src/router/routes.jsx; src/components/layout/Sidebar.jsx; src/i18n.js"
"Q-638","Can I manage multiple marketplace stores?","System Configuration > Store Authorization","REVIEWED - MEANING RETAINED; FORMAT UPDATED","Meaning retained after section review.","Can I manage multiple marketplace stores?","Yes. The ERP includes Store Authorization and supports connected stores under Shopee and TikTok.
Stores can be filtered individually throughout relevant workflows.","Location: System Configuration > Store Authorization
Yes. The ERP includes Store Authorization and supports connected stores under Shopee and TikTok.
Stores can be filtered individually throughout relevant workflows.","","Frontend: src/router/routes.jsx; src/components/layout/Sidebar.jsx; src/i18n.js | Frontend: src/features/systemConfigaration; src/features/pricing; src/components/layout/GiftReferralModalController.jsx | Backend: modules/platformStores; modules/subscription | Frontend: src/features/systemConfigaration | Backend: modules/auth; modules/roles; modules/users/users.routes.js"
"Q-639","Why is centralized store management valuable?","System Configuration > Store Authorization","REVIEWED - MEANING RETAINED; FORMAT UPDATED","Meaning retained after section review.","Why is centralized store management valuable?","It reduces the need to switch between separate seller centers and allows the team to use consistent product, inventory, and order processes.","Location: System Configuration > Store Authorization
It reduces the need to switch between separate seller centers and allows the team to use consistent product, inventory, and order processes.","","Frontend: src/router/routes.jsx; src/components/layout/Sidebar.jsx; src/i18n.js | Frontend: src/features/systemConfigaration; src/features/pricing; src/components/layout/GiftReferralModalController.jsx | Backend: modules/platformStores; modules/subscription | Frontend: src/features/systemConfigaration | Backend: modules/auth; modules/roles; modules/users/users.routes.js"
"Q-640","Can I see which stores are authorized?","System Configuration > Store Authorization","REVIEWED - MEANING RETAINED; FORMAT UPDATED","Meaning retained after section review.","Can I see which stores are authorized?","Yes. Store Authorization displays the marketplace, store nickname, country, authorization status, plan, subscription, and related controls.","Location: System Configuration > Store Authorization
Yes. Store Authorization displays the marketplace, store nickname, country, authorization status, plan, subscription, and related controls.","","Frontend: src/router/routes.jsx; src/components/layout/Sidebar.jsx; src/i18n.js | Frontend: src/features/systemConfigaration; src/features/pricing; src/components/layout/GiftReferralModalController.jsx | Backend: modules/platformStores; modules/subscription | Frontend: src/features/systemConfigaration | Backend: modules/auth; modules/roles; modules/users/users.routes.js"
"Q-641","What happens if a store authorization expires?","System Configuration > Store Authorization","REVIEWED - MEANING RETAINED; FORMAT UPDATED","Meaning retained after section review.","What happens if a store authorization expires?","Product, order, return, or inventory synchronization may stop or become unreliable.
The authorization status helps administrators identify connection problems.","Location: System Configuration > Store Authorization
Product, order, return, or inventory synchronization may stop or become unreliable.
The authorization status helps administrators identify connection problems.","","Frontend: src/router/routes.jsx; src/components/layout/Sidebar.jsx; src/i18n.js | Frontend: src/features/systemConfigaration; src/features/pricing; src/components/layout/GiftReferralModalController.jsx | Backend: modules/platformStores; modules/subscription | Frontend: src/features/systemConfigaration | Backend: modules/auth; modules/roles; modules/users/users.routes.js"
"Q-642","Can I manage stores from different countries?","System Configuration > Store Authorization","REVIEWED - MEANING RETAINED; FORMAT UPDATED","Meaning retained after section review.","Can I manage stores from different countries?","The ERP supports country information and multiple regional currencies. Actual marketplace availability and billing eligibility should be verified for each country.","Location: System Configuration > Store Authorization
The ERP supports country information and multiple regional currencies. Actual marketplace availability and billing eligibility should be verified for each country.","","Frontend: src/router/routes.jsx; src/components/layout/Sidebar.jsx; src/i18n.js | Frontend: src/features/systemConfigaration; src/features/pricing; src/components/layout/GiftReferralModalController.jsx | Backend: modules/platformStores; modules/subscription | Frontend: src/features/systemConfigaration | Backend: modules/auth; modules/roles; modules/users/users.routes.js"
"Q-643","How will it help if I expand into another marketplace?","System Configuration > Store Authorization","REVIEWED - MEANING RETAINED; FORMAT UPDATED","Meaning retained after section review.","How will it help if I expand into another marketplace?","A centralized ERP can make expansion easier by providing a common approach to SKUs, inventory, warehouses, orders, and staff access.
Confirm that the new marketplace is supported before planning the expansion.","Location: System Configuration > Store Authorization
A centralized ERP can make expansion easier by providing a common approach to SKUs, inventory, warehouses, orders, and staff access.
Confirm that the new marketplace is supported before planning the expansion.","","Frontend: src/router/routes.jsx; src/components/layout/Sidebar.jsx; src/i18n.js | Frontend: src/features/systemConfigaration; src/features/pricing; src/components/layout/GiftReferralModalController.jsx | Backend: modules/platformStores; modules/subscription | Frontend: src/features/systemConfigaration | Backend: modules/auth; modules/roles; modules/users/users.routes.js"
"Q-644","Can the ERP accept marketplace orders automatically?","System Configuration > Store Authorization","REVIEWED - MEANING RETAINED; FORMAT UPDATED","Meaning retained after section review.","Can the ERP accept marketplace orders automatically?","Store Authorization includes an Auto Order Accept setting.
Use it only when inventory accuracy, mappings, fulfillment capacity, and company policy support automatic acceptance.","Location: System Configuration > Store Authorization
Store Authorization includes an Auto Order Accept setting.
Use it only when inventory accuracy, mappings, fulfillment capacity, and company policy support automatic acceptance.","","Frontend: src/router/routes.jsx; src/components/layout/Sidebar.jsx; src/i18n.js | Frontend: src/features/systemConfigaration; src/features/pricing; src/components/layout/GiftReferralModalController.jsx | Backend: modules/platformStores; modules/subscription | Frontend: src/features/systemConfigaration | Backend: modules/auth; modules/roles; modules/users/users.routes.js"
"Q-645","Why would I enable Auto Order Accept?","System Configuration > Store Authorization","REVIEWED - MEANING RETAINED; FORMAT UPDATED","Meaning retained after section review.","Why would I enable Auto Order Accept?","It can reduce manual work and help the business respond quickly when marketplaces impose short acceptance deadlines.","Location: System Configuration > Store Authorization
It can reduce manual work and help the business respond quickly when marketplaces impose short acceptance deadlines.","","Frontend: src/router/routes.jsx; src/components/layout/Sidebar.jsx; src/i18n.js | Frontend: src/features/systemConfigaration; src/features/pricing; src/components/layout/GiftReferralModalController.jsx | Backend: modules/platformStores; modules/subscription | Frontend: src/features/systemConfigaration | Backend: modules/auth; modules/roles; modules/users/users.routes.js"
"Q-646","When should I avoid automatic acceptance?","System Configuration > Store Authorization","REVIEWED - MEANING RETAINED; FORMAT UPDATED","Meaning retained after section review.","When should I avoid automatic acceptance?","Avoid it when:
Inventory is unreliable.
Products are frequently unmapped.
Orders require manual verification.
Fulfillment capacity is uncertain.
The store is being tested.
Incorrect prices or listings are being investigated.","Location: System Configuration > Store Authorization
Avoid it when:
Inventory is unreliable.
Products are frequently unmapped.
Orders require manual verification.
Fulfillment capacity is uncertain.
The store is being tested.
Incorrect prices or listings are being investigated.","","Frontend: src/router/routes.jsx; src/components/layout/Sidebar.jsx; src/i18n.js | Frontend: src/features/systemConfigaration; src/features/pricing; src/components/layout/GiftReferralModalController.jsx | Backend: modules/platformStores; modules/subscription | Frontend: src/features/systemConfigaration | Backend: modules/auth; modules/roles; modules/users/users.routes.js"
"Q-647","How can the ERP help manage a large product catalog?","Product Management; Inventory Management > SKU Mapping","REVIEWED - MEANING RETAINED; FORMAT UPDATED","Meaning retained after section review.","How can the ERP help manage a large product catalog?","Product Management provides:
Product List
Product filters
SKU search
Warehouse filtering
Country filtering
Product-status filtering
Bulk actions
Product export and printing","Location: Product Management; Inventory Management > SKU Mapping
Product Management provides:
- Product List
- Product filters
- SKU search
- Warehouse filtering
- Country filtering
- Product-status filtering
- Bulk actions
- Product export and printing","","Frontend: src/router/routes.jsx; src/components/layout/Sidebar.jsx; src/i18n.js | Frontend: src/features/productManagement; src/features/inventoryManagement/merchantSKU | Backend: modules/merchantSkus; modules/combineskus | Frontend: src/features/inventoryManagement/SKUMapping | Backend: modules/platformSkuMappings | Frontend: src/features/inventoryManagement | Backend: modules/inventory; modules/inbound; modules/outbound"
"Q-648","What is the advantage of Merchant SKUs?","Product Management; Inventory Management > SKU Mapping","REVIEWED - MEANING RETAINED; FORMAT UPDATED","Meaning retained after section review.","What is the advantage of Merchant SKUs?","Merchant SKUs create a consistent internal inventory identity.
Multiple marketplace listings can be connected to the same internal SKU, helping the business manage stock more accurately.","Location: Product Management; Inventory Management > SKU Mapping
Merchant SKUs create a consistent internal inventory identity.
Multiple marketplace listings can be connected to the same internal SKU, helping the business manage stock more accurately.","","Frontend: src/router/routes.jsx; src/components/layout/Sidebar.jsx; src/i18n.js | Frontend: src/features/productManagement; src/features/inventoryManagement/merchantSKU | Backend: modules/merchantSkus; modules/combineskus | Frontend: src/features/inventoryManagement/SKUMapping | Backend: modules/platformSkuMappings | Frontend: src/features/inventoryManagement | Backend: modules/inventory; modules/inbound; modules/outbound"
"Q-649","How can SKU Mapping prevent mistakes?","Product Management; Inventory Management > SKU Mapping","REVIEWED - MEANING RETAINED; FORMAT UPDATED","Meaning retained after section review.","How can SKU Mapping prevent mistakes?","SKU Mapping helps ensure that the right marketplace product reduces the right internal inventory.
Incorrect or missing mappings can be identified through Mapped and Unmapped views.","Location: Product Management; Inventory Management > SKU Mapping
SKU Mapping helps ensure that the right marketplace product reduces the right internal inventory.
Incorrect or missing mappings can be identified through Mapped and Unmapped views.","","Frontend: src/router/routes.jsx; src/components/layout/Sidebar.jsx; src/i18n.js | Frontend: src/features/productManagement; src/features/inventoryManagement/merchantSKU | Backend: modules/merchantSkus; modules/combineskus | Frontend: src/features/inventoryManagement/SKUMapping | Backend: modules/platformSkuMappings | Frontend: src/features/inventoryManagement | Backend: modules/inventory; modules/inbound; modules/outbound"
"Q-650","Can the ERP help identify products that are not mapped?","Product Management; Inventory Management > SKU Mapping","REVIEWED - MEANING RETAINED; FORMAT UPDATED","Meaning retained after section review.","Can the ERP help identify products that are not mapped?","Yes. SKU Mapping and Inventory List include mapped and unmapped views.
This helps staff find products that may not synchronize correctly.","Location: Product Management; Inventory Management > SKU Mapping
Yes. SKU Mapping and Inventory List include mapped and unmapped views.
This helps staff find products that may not synchronize correctly.","","Frontend: src/router/routes.jsx; src/components/layout/Sidebar.jsx; src/i18n.js | Frontend: src/features/productManagement; src/features/inventoryManagement/merchantSKU | Backend: modules/merchantSkus; modules/combineskus | Frontend: src/features/inventoryManagement/SKUMapping | Backend: modules/platformSkuMappings | Frontend: src/features/inventoryManagement | Backend: modules/inventory; modules/inbound; modules/outbound"
"Q-651","What is Auto Mapping, and why is it useful?","Product Management; Inventory Management > SKU Mapping","REVIEWED - MEANING RETAINED; FORMAT UPDATED","Meaning retained after section review.","What is Auto Mapping, and why is it useful?","Auto Mapping attempts to connect platform SKUs to matching Merchant SKUs.
It can reduce manual work, but results should be reviewed before relying on them.","Location: Product Management; Inventory Management > SKU Mapping
Auto Mapping attempts to connect platform SKUs to matching Merchant SKUs.
It can reduce manual work, but results should be reviewed before relying on them.","","Frontend: src/router/routes.jsx; src/components/layout/Sidebar.jsx; src/i18n.js | Frontend: src/features/productManagement; src/features/inventoryManagement/merchantSKU | Backend: modules/merchantSkus; modules/combineskus | Frontend: src/features/inventoryManagement/SKUMapping | Backend: modules/platformSkuMappings | Frontend: src/features/inventoryManagement | Backend: modules/inventory; modules/inbound; modules/outbound"
"Q-652","Can it generate Merchant SKUs from marketplace products?","Product Management; Inventory Management > SKU Mapping","REVIEWED - MEANING RETAINED; FORMAT UPDATED","Meaning retained after section review.","Can it generate Merchant SKUs from marketplace products?","The SKU Mapping by Product page provides Generate Merchant SKU.
This can help businesses establish internal inventory identities for synchronized marketplace products.","Location: Product Management; Inventory Management > SKU Mapping
The SKU Mapping by Product page provides Generate Merchant SKU.
This can help businesses establish internal inventory identities for synchronized marketplace products.","","Frontend: src/router/routes.jsx; src/components/layout/Sidebar.jsx; src/i18n.js | Frontend: src/features/productManagement; src/features/inventoryManagement/merchantSKU | Backend: modules/merchantSkus; modules/combineskus | Frontend: src/features/inventoryManagement/SKUMapping | Backend: modules/platformSkuMappings | Frontend: src/features/inventoryManagement | Backend: modules/inventory; modules/inbound; modules/outbound"
"Q-653","Can I sell product bundles?","Product Management; Inventory Management > SKU Mapping","REVIEWED - MEANING RETAINED; FORMAT UPDATED","Meaning retained after section review.","Can I sell product bundles?","Yes. Combine SKU supports bundles made from component items.
Bundle stock can be calculated based on the availability and required quantities of its components.","Location: Product Management; Inventory Management > SKU Mapping
Yes. Combine SKU supports bundles made from component items.
Bundle stock can be calculated based on the availability and required quantities of its components.","","Frontend: src/router/routes.jsx; src/components/layout/Sidebar.jsx; src/i18n.js | Frontend: src/features/productManagement; src/features/inventoryManagement/merchantSKU | Backend: modules/merchantSkus; modules/combineskus | Frontend: src/features/inventoryManagement/SKUMapping | Backend: modules/platformSkuMappings | Frontend: src/features/inventoryManagement | Backend: modules/inventory; modules/inbound; modules/outbound"
"Q-654","How can bundles improve my business?","Product Management; Inventory Management > SKU Mapping","REVIEWED - MEANING RETAINED; FORMAT UPDATED","Meaning retained after section review.","How can bundles improve my business?","Bundles can support:
Product promotions
Starter kits
Multipacks
Accessories sold with main products
Higher average order value
Simplified fulfillment of recurring combinations","Location: Product Management; Inventory Management > SKU Mapping
Bundles can support:
- Product promotions
- Starter kits
- Multipacks
- Accessories sold with main products
- Higher average order value
- Simplified fulfillment of recurring combinations","","Frontend: src/router/routes.jsx; src/components/layout/Sidebar.jsx; src/i18n.js | Frontend: src/features/productManagement; src/features/inventoryManagement/merchantSKU | Backend: modules/merchantSkus; modules/combineskus | Frontend: src/features/inventoryManagement/SKUMapping | Backend: modules/platformSkuMappings | Frontend: src/features/inventoryManagement | Backend: modules/inventory; modules/inbound; modules/outbound"
"Q-655","Can I monitor bundle availability?","Product Management; Inventory Management > SKU Mapping","REVIEWED - MEANING RETAINED; FORMAT UPDATED","Meaning retained after section review.","Can I monitor bundle availability?","The Combine SKU list displays the associated warehouse and bundle stock.
The accuracy depends on correct component configuration and inventory quantities.","Location: Product Management; Inventory Management > SKU Mapping
The Combine SKU list displays the associated warehouse and bundle stock.
The accuracy depends on correct component configuration and inventory quantities.","","Frontend: src/router/routes.jsx; src/components/layout/Sidebar.jsx; src/i18n.js | Frontend: src/features/productManagement; src/features/inventoryManagement/merchantSKU | Backend: modules/merchantSkus; modules/combineskus | Frontend: src/features/inventoryManagement/SKUMapping | Backend: modules/platformSkuMappings | Frontend: src/features/inventoryManagement | Backend: modules/inventory; modules/inbound; modules/outbound"
"Q-656","How can this ERP help prevent overselling?","Inventory Management","REVIEWED - MEANING RETAINED; FORMAT UPDATED","Meaning retained after section review.","How can this ERP help prevent overselling?","It connects platform products to Merchant SKUs and warehouse inventory.
Inventory synchronization, locked quantity, stock alerts, and mapping status can help reduce overselling risk.","Location: Inventory Management
It connects platform products to Merchant SKUs and warehouse inventory.
Inventory synchronization, locked quantity, stock alerts, and mapping status can help reduce overselling risk.","","Frontend: src/router/routes.jsx; src/components/layout/Sidebar.jsx; src/i18n.js | Frontend: src/features/inventoryManagement | Backend: modules/inventory; modules/inbound; modules/outbound"
"Q-657","Does it show low-stock and out-of-stock products?","Inventory Management","REVIEWED - MEANING RETAINED; FORMAT UPDATED","Meaning retained after section review.","Does it show low-stock and out-of-stock products?","Yes. The Dashboard provides Low Stock and Out of Stock indicators.
The Product and Inventory pages provide more detailed information.","Location: Inventory Management
Yes. The Dashboard provides Low Stock and Out of Stock indicators.
The Product and Inventory pages provide more detailed information.","","Frontend: src/router/routes.jsx; src/components/layout/Sidebar.jsx; src/i18n.js | Frontend: src/features/inventoryManagement | Backend: modules/inventory; modules/inbound; modules/outbound"
"Q-658","Can I configure low-stock warnings?","Inventory Management","MODIFIED ANSWER; FORMAT UPDATED","Removed uncertainty and added exact steps.","Can I configure low-stock warnings?","The Product List includes Batch Stock Alert Setting, suggesting that alert thresholds can be configured for selected products.","Location: Inventory Management
Yes. Go to Product Management > Product List, select the products, then choose Bulk Action > Batch Stock Alert Setting. Enter Set minimum Stock and click Set. You can also use Inventory Management > Inventory List > Bulk Action > Stock alert settings. This changes warnings, not quantities.","","Frontend: src/router/routes.jsx; src/components/layout/Sidebar.jsx; src/i18n.js | Frontend: src/features/inventoryManagement | Backend: modules/inventory; modules/inbound; modules/outbound"
"Q-659","What is Lock Quantity, and why does it matter?","Inventory Management","REVIEWED - MEANING RETAINED; FORMAT UPDATED","Meaning retained after section review.","What is Lock Quantity, and why does it matter?","Lock Quantity represents stock reserved or temporarily unavailable for other operations.
This helps prevent the same units from being allocated to multiple orders.","Location: Inventory Management
Lock Quantity represents stock reserved or temporarily unavailable for other operations.
This helps prevent the same units from being allocated to multiple orders.","","Frontend: src/router/routes.jsx; src/components/layout/Sidebar.jsx; src/i18n.js | Frontend: src/features/inventoryManagement | Backend: modules/inventory; modules/inbound; modules/outbound"
"Q-660","Can I synchronize inventory with marketplaces?","Inventory Management","REVIEWED - MEANING RETAINED; FORMAT UPDATED","Meaning retained after section review.","Can I synchronize inventory with marketplaces?","The ERP includes Inventory Sync Status, Last Sync information, Sync Stock, and inventory synchronization as a subscription feature.
Successful synchronization depends on valid authorization and mappings.","Location: Inventory Management
The ERP includes Inventory Sync Status, Last Sync information, Sync Stock, and inventory synchronization as a subscription feature.
Successful synchronization depends on valid authorization and mappings.","","Frontend: src/router/routes.jsx; src/components/layout/Sidebar.jsx; src/i18n.js | Frontend: src/features/inventoryManagement | Backend: modules/inventory; modules/inbound; modules/outbound"
"Q-661","How can I identify synchronization problems?","Inventory Management","REVIEWED - MEANING RETAINED; FORMAT UPDATED","Meaning retained after section review.","How can I identify synchronization problems?","Inventory List can show:
Synced or Out of Sync
Last Sync
Mapped or Unmapped
Warehouse
Quantity
Lock Quantity","Location: Inventory Management
Inventory List can show:
- Synced or Out of Sync
- Last Sync
- Mapped or Unmapped
- Warehouse
- Quantity
- Lock Quantity","","Frontend: src/router/routes.jsx; src/components/layout/Sidebar.jsx; src/i18n.js | Frontend: src/features/inventoryManagement | Backend: modules/inventory; modules/inbound; modules/outbound"
"Q-662","Can I see why inventory changed?","Inventory Management","REVIEWED - MEANING RETAINED; FORMAT UPDATED","Meaning retained after section review.","Can I see why inventory changed?","Yes. Inventory Log records:
Stock-in quantity
Stock-out quantity
Purpose
Remaining quantity
Operation time","Location: Inventory Management
Yes. Inventory Log records:
- Stock-in quantity
- Stock-out quantity
- Purpose
- Remaining quantity
- Operation time","","Frontend: src/router/routes.jsx; src/components/layout/Sidebar.jsx; src/i18n.js | Frontend: src/features/inventoryManagement | Backend: modules/inventory; modules/inbound; modules/outbound"
"Q-663","How does Inventory Log help management?","Inventory Management","REVIEWED - MEANING RETAINED; FORMAT UPDATED","Meaning retained after section review.","How does Inventory Log help management?","It provides an audit trail for investigating:
Unexpected stock reductions
Sales deductions
Receiving errors
Outbound discrepancies
Incorrect balances
Timing differences","Location: Inventory Management
It provides an audit trail for investigating:
- Unexpected stock reductions
- Sales deductions
- Receiving errors
- Outbound discrepancies
- Incorrect balances
- Timing differences","","Frontend: src/router/routes.jsx; src/components/layout/Sidebar.jsx; src/i18n.js | Frontend: src/features/inventoryManagement | Backend: modules/inventory; modules/inbound; modules/outbound"
"Q-664","Can I separate inventory by warehouse?","Inventory Management","REVIEWED - MEANING RETAINED; FORMAT UPDATED","Meaning retained after section review.","Can I separate inventory by warehouse?","Yes. Inventory is associated with warehouses, and warehouse filters appear across inventory workflows.","Location: Inventory Management
Yes. Inventory is associated with warehouses, and warehouse filters appear across inventory workflows.","","Frontend: src/router/routes.jsx; src/components/layout/Sidebar.jsx; src/i18n.js | Frontend: src/features/inventoryManagement | Backend: modules/inventory; modules/inbound; modules/outbound"
"Q-665","Can the same SKU have stock in different warehouses?","Inventory Management","REVIEWED - MEANING RETAINED; FORMAT UPDATED","Meaning retained after section review.","Can the same SKU have stock in different warehouses?","Yes. Each warehouse can maintain a separate inventory record for the same Merchant SKU.","Location: Inventory Management
Yes. Each warehouse can maintain a separate inventory record for the same Merchant SKU.","","Frontend: src/router/routes.jsx; src/components/layout/Sidebar.jsx; src/i18n.js | Frontend: src/features/inventoryManagement | Backend: modules/inventory; modules/inbound; modules/outbound"
"Q-666","How can I move stock between warehouses?","Inventory Management > Inbound; Inventory Management > Outbound","MODIFIED ANSWER; FORMAT UPDATED","Kept business-summary answer consistent with actual transfer behavior.","How can I move stock between warehouses?","A controlled transfer can generally be represented by:
Outbound from the source warehouse
Inbound into the destination warehouse
This preserves traceability.","Location: Inventory Management > Inbound; Inventory Management > Outbound
Use Inventory Management > Outbound for the source shipment and record a separate receipt through Inbound or Manual inbound for the destination. The source stock decreases when you confirm Ship. Destination stock increases only when its receipt is recorded; filling the receiving address on an outbound does not perform that receipt.","","Frontend: src/router/routes.jsx; src/components/layout/Sidebar.jsx; src/i18n.js | Frontend: src/features/inventoryManagement | Backend: modules/inventory; modules/inbound; modules/outbound"
"Q-667","Can this ERP manage incoming stock?","Inventory Management > Inbound; Inventory Management > Outbound","MODIFIED ANSWER; FORMAT UPDATED","Matched exact menu names.","Can this ERP manage incoming stock?","Yes. It provides:
Manual Inbound
Regular Inbound
Draft
On The Way
Completed stages","Location: Inventory Management > Inbound; Inventory Management > Outbound
Yes. Inventory Management has Manual inbound for stock already received and Inbound with Draft, On The Way, and Complete for a staged receipt. Use the process that matches where the goods are physically.","","Frontend: src/router/routes.jsx; src/components/layout/Sidebar.jsx; src/i18n.js | Frontend: src/features/inventoryManagement | Backend: modules/inventory; modules/inbound; modules/outbound"
"Q-668","What is the benefit of inbound statuses?","Inventory Management > Inbound; Inventory Management > Outbound","REVIEWED - MEANING RETAINED; FORMAT UPDATED","Meaning retained after section review.","What is the benefit of inbound statuses?","They show whether incoming stock is only planned, currently moving, or fully received.
This prevents expected stock from being confused with available stock.","Location: Inventory Management > Inbound; Inventory Management > Outbound
They show whether incoming stock is only planned, currently moving, or fully received.
This prevents expected stock from being confused with available stock.","","Frontend: src/router/routes.jsx; src/components/layout/Sidebar.jsx; src/i18n.js | Frontend: src/features/inventoryManagement | Backend: modules/inventory; modules/inbound; modules/outbound"
"Q-669","Can I record supplier receipts manually?","Inventory Management > Inbound; Inventory Management > Outbound","MODIFIED ANSWER; FORMAT UPDATED","Expanded a short answer into a customer workflow.","Can I record supplier receipts manually?","Yes. Manual Inbound includes supplier, warehouse, received date, and inbound identification.","Location: Inventory Management > Inbound; Inventory Management > Outbound
Yes. Go to Inventory Management > Manual inbound > Create Manual Inbound. Select the warehouse, enter Supplier Name and Supplier Reference / PO No., add the received Merchant SKUs and quantities, then Save. Use actual received quantities because saving adds stock.","","Frontend: src/router/routes.jsx; src/components/layout/Sidebar.jsx; src/i18n.js | Frontend: src/features/inventoryManagement | Backend: modules/inventory; modules/inbound; modules/outbound"
"Q-670","Can the ERP manage stock leaving the warehouse?","Inventory Management > Inbound; Inventory Management > Outbound","MODIFIED ANSWER; FORMAT UPDATED","Corrected submenu names and timing.","Can the ERP manage stock leaving the warehouse?","Yes. Outbound Management provides Draft, On The Way, and Completed stages.","Location: Inventory Management > Inbound; Inventory Management > Outbound
Yes. Go to Inventory Management > Outbound. Draft holds unshipped requests, On The Way holds shipped records, and Complete holds confirmed receipts. Stock is deducted at Ship, not when the draft is saved.","","Frontend: src/router/routes.jsx; src/components/layout/Sidebar.jsx; src/i18n.js | Frontend: src/features/inventoryManagement | Backend: modules/inventory; modules/inbound; modules/outbound"
"Q-671","Why are outbound records important?","Inventory Management > Inbound; Inventory Management > Outbound","REVIEWED - MEANING RETAINED; FORMAT UPDATED","Meaning retained after section review.","Why are outbound records important?","They document stock leaving for transfers, fulfillment, disposal, or other operational reasons.
This improves inventory traceability.","Location: Inventory Management > Inbound; Inventory Management > Outbound
They document stock leaving for transfers, fulfillment, disposal, or other operational reasons.
This improves inventory traceability.","","Frontend: src/router/routes.jsx; src/components/layout/Sidebar.jsx; src/i18n.js | Frontend: src/features/inventoryManagement | Backend: modules/inventory; modules/inbound; modules/outbound"
"Q-672","Can management track in-transit stock?","Inventory Management > Inbound; Inventory Management > Outbound","REVIEWED - MEANING RETAINED; FORMAT UPDATED","Meaning retained after section review.","Can management track in-transit stock?","Yes. Product Management displays in-transit inventory, while inbound and outbound workflows show On The Way records.","Location: Inventory Management > Inbound; Inventory Management > Outbound
Yes. Product Management displays in-transit inventory, while inbound and outbound workflows show On The Way records.","","Frontend: src/router/routes.jsx; src/components/layout/Sidebar.jsx; src/i18n.js | Frontend: src/features/inventoryManagement | Backend: modules/inventory; modules/inbound; modules/outbound"
"Q-673","How can this reduce warehouse mistakes?","Inventory Management > Inbound; Inventory Management > Outbound","REVIEWED - MEANING RETAINED; FORMAT UPDATED","Meaning retained after section review.","How can this reduce warehouse mistakes?","It provides consistent identifiers, warehouse selection, status workflows, quantity tracking, and inventory logs.
The benefit depends on staff following the workflow accurately.","Location: Inventory Management > Inbound; Inventory Management > Outbound
It provides consistent identifiers, warehouse selection, status workflows, quantity tracking, and inventory logs.
The benefit depends on staff following the workflow accurately.","","Frontend: src/router/routes.jsx; src/components/layout/Sidebar.jsx; src/i18n.js | Frontend: src/features/inventoryManagement | Backend: modules/inventory; modules/inbound; modules/outbound"
"Q-674","Can this ERP manage the complete order lifecycle?","Order Management","MODIFIED ANSWER; FORMAT UPDATED","Used the actual navigation names.","Can this ERP manage the complete order lifecycle?","It provides pages for:
New Orders
Processed Orders
To Pickup
Shipped
Completed
Returns
Cancellations
Manual Orders
Platform Manual Orders","Location: Order Management
Order Management > Order Processing contains New Order, Processed Order, To Pickup Order, Shipped Order, Completed, All Order, Return Order, and Canceled Order. Manual Order and Platform Manual Order are separate pages under Order Management. The available actions depend on the platform, stage, and account access.","","Frontend: src/router/routes.jsx; src/components/layout/Sidebar.jsx; src/i18n.js | Frontend: src/features/orderManagement/orderProcessing; src/features/orderManagement/shared | Backend: modules/orders; modules/returnOrders"
"Q-675","How can it improve order-processing speed?","Order Management","REVIEWED - MEANING RETAINED; FORMAT UPDATED","Meaning retained after section review.","How can it improve order-processing speed?","It provides filters, status groups, batch operations, search, packing, pushing, and shipment-status workflows.
This can reduce repeated manual navigation.","Location: Order Management
It provides filters, status groups, batch operations, search, packing, pushing, and shipment-status workflows.
This can reduce repeated manual navigation.","","Frontend: src/router/routes.jsx; src/components/layout/Sidebar.jsx; src/i18n.js | Frontend: src/features/orderManagement/orderProcessing; src/features/orderManagement/shared | Backend: modules/orders; modules/returnOrders"
"Q-676","Can my staff search by order or shipment information?","Order Management","REVIEWED - MEANING RETAINED; FORMAT UPDATED","Meaning retained after section review.","Can my staff search by order or shipment information?","Yes. Search options include:
SKU
Package Number
Order Number
Tracking Number
Return Orders also support Return ID and return-status searches.","Location: Order Management
Yes. Search options include:
- SKU
- Package Number
- Order Number
- Tracking Number
Return Orders also support Return ID and return-status searches.","","Frontend: src/router/routes.jsx; src/components/layout/Sidebar.jsx; src/i18n.js | Frontend: src/features/orderManagement/orderProcessing; src/features/orderManagement/shared | Backend: modules/orders; modules/returnOrders"
"Q-677","Can orders be filtered by store and marketplace?","Order Management","REVIEWED - MEANING RETAINED; FORMAT UPDATED","Meaning retained after section review.","Can orders be filtered by store and marketplace?","Yes. Regular order-processing pages provide platform and store filters.","Location: Order Management
Yes. Regular order-processing pages provide platform and store filters.","","Frontend: src/router/routes.jsx; src/components/layout/Sidebar.jsx; src/i18n.js | Frontend: src/features/orderManagement/orderProcessing; src/features/orderManagement/shared | Backend: modules/orders; modules/returnOrders"
"Q-678","Can the ERP help identify orders that cannot be packed?","Order Management","REVIEWED - MEANING RETAINED; FORMAT UPDATED","Meaning retained after section review.","Can the ERP help identify orders that cannot be packed?","New Orders includes categories such as:
Pack Failed
Out of Stock
Exchange/Add
Platform Processing
These help staff focus on exceptions.","Location: Order Management
New Orders includes categories such as:
- Pack Failed
- Out of Stock
- Exchange/Add
- Platform Processing
These help staff focus on exceptions.","","Frontend: src/router/routes.jsx; src/components/layout/Sidebar.jsx; src/i18n.js | Frontend: src/features/orderManagement/orderProcessing; src/features/orderManagement/shared | Backend: modules/orders; modules/returnOrders"
"Q-679","What is the value of an exception-based workflow?","Order Management","REVIEWED - MEANING RETAINED; FORMAT UPDATED","Meaning retained after section review.","What is the value of an exception-based workflow?","Instead of manually checking every order, staff can concentrate on orders that require attention.
This can reduce processing delays and operational effort.","Location: Order Management
Instead of manually checking every order, staff can concentrate on orders that require attention.
This can reduce processing delays and operational effort.","","Frontend: src/router/routes.jsx; src/components/layout/Sidebar.jsx; src/i18n.js | Frontend: src/features/orderManagement/orderProcessing; src/features/orderManagement/shared | Backend: modules/orders; modules/returnOrders"
"Q-680","Can the ERP manage courier handoff?","Order Management","REVIEWED - MEANING RETAINED; FORMAT UPDATED","Meaning retained after section review.","Can the ERP manage courier handoff?","It includes To Pickup, Move to Shipped, tracking-number information, and shipment statuses.
Actual courier integration depends on the configured platform and service.","Location: Order Management
It includes To Pickup, Move to Shipped, tracking-number information, and shipment statuses.
Actual courier integration depends on the configured platform and service.","","Frontend: src/router/routes.jsx; src/components/layout/Sidebar.jsx; src/i18n.js | Frontend: src/features/orderManagement/orderProcessing; src/features/orderManagement/shared | Backend: modules/orders; modules/returnOrders"
"Q-681","Can it manage returns?","Order Management","REVIEWED - MEANING RETAINED; FORMAT UPDATED","Meaning retained after section review.","Can it manage returns?","Yes. Return Orders includes marketplace, store, return status, platform status, synchronization, and manual-return functions.","Location: Order Management
Yes. Return Orders includes marketplace, store, return status, platform status, synchronization, and manual-return functions.","","Frontend: src/router/routes.jsx; src/components/layout/Sidebar.jsx; src/i18n.js | Frontend: src/features/orderManagement/orderProcessing; src/features/orderManagement/shared | Backend: modules/orders; modules/returnOrders"
"Q-682","Can it manage cancelled orders?","Order Management","MODIFIED ANSWER; FORMAT UPDATED","Used both the exact menu and on-page labels.","Can it manage cancelled orders?","Yes. The Cancelled Orders page distinguishes cancellation requests from completed cancellations.","Location: Order Management
Yes. Go to Order Management > Order Processing > Canceled Order. The page title is Cancelled Orders, and it separates Cancelation Request from Cancelled. Check the current marketplace result before assuming a requested cancellation is complete.","","Frontend: src/router/routes.jsx; src/components/layout/Sidebar.jsx; src/i18n.js | Frontend: src/features/orderManagement/orderProcessing; src/features/orderManagement/shared | Backend: modules/orders; modules/returnOrders"
"Q-683","Can I create an order that did not come from a marketplace?","Order Management","REVIEWED - MEANING RETAINED; FORMAT UPDATED","Meaning retained after section review.","Can I create an order that did not come from a marketplace?","Yes. Manual Order supports orders created directly in the ERP.","Location: Order Management
Yes. Manual Order supports orders created directly in the ERP.","","Frontend: src/router/routes.jsx; src/components/layout/Sidebar.jsx; src/i18n.js | Frontend: src/features/orderManagement/orderProcessing; src/features/orderManagement/shared | Backend: modules/orders; modules/returnOrders"
"Q-684","When are Manual Orders useful?","Order Management","REVIEWED - MEANING RETAINED; FORMAT UPDATED","Meaning retained after section review.","When are Manual Orders useful?","They can support:
Offline sales
Phone orders
Replacement shipments
Special deliveries
Unsupported sales channels
Approved internal orders","Location: Order Management
They can support:
- Offline sales
- Phone orders
- Replacement shipments
- Special deliveries
- Unsupported sales channels
- Approved internal orders","","Frontend: src/router/routes.jsx; src/components/layout/Sidebar.jsx; src/i18n.js | Frontend: src/features/orderManagement/orderProcessing; src/features/orderManagement/shared | Backend: modules/orders; modules/returnOrders"
"Q-685","What is a Platform Manual Order?","Order Management","REVIEWED - MEANING RETAINED; FORMAT UPDATED","Meaning retained after section review.","What is a Platform Manual Order?","It allows an ERP order to be created using marketplace information or a shipping label when automatic import is unavailable or incomplete.","Location: Order Management
It allows an ERP order to be created using marketplace information or a shipping label when automatic import is unavailable or incomplete.","","Frontend: src/router/routes.jsx; src/components/layout/Sidebar.jsx; src/i18n.js | Frontend: src/features/orderManagement/orderProcessing; src/features/orderManagement/shared | Backend: modules/orders; modules/returnOrders"
"Q-686","Can the ERP help prevent duplicate manual orders?","Order Management","MODIFIED ANSWER; FORMAT UPDATED","Avoided promising global duplicate protection.","Can the ERP help prevent duplicate manual orders?","The user can search by order number or SKU before creating the record.
The system’s automatic duplicate-detection behavior should still be verified.","Location: Order Management
Search before creating a manual order. Check the exact Order Number in Order Management > Manual Order, Platform Manual Order, and Order Processing > All Order as appropriate. Reusing the same business order across different workflows can still create duplicate work, even where a form rejects a duplicate number.","","Frontend: src/router/routes.jsx; src/components/layout/Sidebar.jsx; src/i18n.js | Frontend: src/features/orderManagement/orderProcessing; src/features/orderManagement/shared | Backend: modules/orders; modules/returnOrders"
"Q-687","Can I manage multiple warehouses?","Warehouse Management","REVIEWED - MEANING RETAINED; FORMAT UPDATED","Meaning retained after section review.","Can I manage multiple warehouses?","Yes. Warehouse Management supports separate warehouse records with names, attributes, locations, SKU totals, default settings, and actions.","Location: Warehouse Management
Yes. Warehouse Management supports separate warehouse records with names, attributes, locations, SKU totals, default settings, and actions.","","Frontend: src/router/routes.jsx; src/components/layout/Sidebar.jsx; src/i18n.js | Frontend: src/features/warehouseManagement | Backend: modules/warehouses"
"Q-688","Why is multi-warehouse support valuable?","Warehouse Management","REVIEWED - MEANING RETAINED; FORMAT UPDATED","Meaning retained after section review.","Why is multi-warehouse support valuable?","It helps businesses:
Store stock in different regions
Use third-party logistics
Separate brands or channels
Fulfill customers faster
Track inventory by location
Plan warehouse transfers","Location: Warehouse Management
It helps businesses:
- Store stock in different regions
- Use third-party logistics
- Separate brands or channels
- Fulfill customers faster
- Track inventory by location
- Plan warehouse transfers","","Frontend: src/router/routes.jsx; src/components/layout/Sidebar.jsx; src/i18n.js | Frontend: src/features/warehouseManagement | Backend: modules/warehouses"
"Q-689","What is a default warehouse?","Warehouse Management","REVIEWED - MEANING RETAINED; FORMAT UPDATED","Meaning retained after section review.","What is a default warehouse?","It is the location the ERP may use automatically when a workflow does not specify another warehouse.","Location: Warehouse Management
It is the location the ERP may use automatically when a workflow does not specify another warehouse.","","Frontend: src/router/routes.jsx; src/components/layout/Sidebar.jsx; src/i18n.js | Frontend: src/features/warehouseManagement | Backend: modules/warehouses"
"Q-690","Can I see how many SKUs are associated with a warehouse?","Warehouse Management","REVIEWED - MEANING RETAINED; FORMAT UPDATED","Meaning retained after section review.","Can I see how many SKUs are associated with a warehouse?","The Warehouse List includes Total SKU.
This counts SKU records rather than total physical units.","Location: Warehouse Management
The Warehouse List includes Total SKU.
This counts SKU records rather than total physical units.","","Frontend: src/router/routes.jsx; src/components/layout/Sidebar.jsx; src/i18n.js | Frontend: src/features/warehouseManagement | Backend: modules/warehouses"
"Q-691","Can I search warehouses by location?","Warehouse Management","REVIEWED - MEANING RETAINED; FORMAT UPDATED","Meaning retained after section review.","Can I search warehouses by location?","Yes. The warehouse search supports information such as name, attribute, location, state, ZIP, and city.","Location: Warehouse Management
Yes. The warehouse search supports information such as name, attribute, location, state, ZIP, and city.","","Frontend: src/router/routes.jsx; src/components/layout/Sidebar.jsx; src/i18n.js | Frontend: src/features/warehouseManagement | Backend: modules/warehouses"
"Q-692","Can multiple employees use the ERP?","System Configuration > Account Management","REVIEWED - MEANING RETAINED; FORMAT UPDATED","Meaning retained after section review.","Can multiple employees use the ERP?","Yes. System Configuration includes Sub Accounts and Role Management.","Location: System Configuration > Account Management
Yes. System Configuration includes Sub Accounts and Role Management.","","Frontend: src/router/routes.jsx; src/components/layout/Sidebar.jsx; src/i18n.js | Frontend: src/features/systemConfigaration | Backend: modules/auth; modules/roles; modules/users/users.routes.js | Frontend: src/components/layout; src/features/auth"
"Q-693","Why are individual Sub Accounts better than a shared login?","System Configuration > Account Management","REVIEWED - MEANING RETAINED; FORMAT UPDATED","Meaning retained after section review.","Why are individual Sub Accounts better than a shared login?","They provide better:
Security
Accountability
Permission control
User management
Access removal
Auditability","Location: System Configuration > Account Management
They provide better:
- Security
- Accountability
- Permission control
- User management
- Access removal
- Auditability","","Frontend: src/router/routes.jsx; src/components/layout/Sidebar.jsx; src/i18n.js | Frontend: src/features/systemConfigaration | Backend: modules/auth; modules/roles; modules/users/users.routes.js | Frontend: src/components/layout; src/features/auth"
"Q-694","Can I control what each employee can access?","System Configuration > Account Management","MODIFIED ANSWER; FORMAT UPDATED","Clarified three layers of access.","Can I control what each employee can access?","Yes. Roles can be created and assigned to Sub Accounts.
The exact permission detail should be inspected when configuring a role.","Location: System Configuration > Account Management
Yes. The owner assigns a role for page access and selects Store Permissions and Warehouse Permissions for the employee under System Configuration > Account Management > Sub Account. Check both the role and those assignments when a person can see a page but cannot see the expected records.","","Frontend: src/router/routes.jsx; src/components/layout/Sidebar.jsx; src/i18n.js | Frontend: src/features/systemConfigaration | Backend: modules/auth; modules/roles; modules/users/users.routes.js | Frontend: src/components/layout; src/features/auth"
"Q-695","Can I give warehouse staff different access from order staff?","System Configuration > Account Management","MODIFIED ANSWER; FORMAT UPDATED","Removed unsupported read-only capability examples.","Can I give warehouse staff different access from order staff?","Yes. Separate roles can be created based on job responsibilities.
For example:
Warehouse Operator
Order Processor
Store Manager
Read-only Analyst
Administrator","Location: System Configuration > Account Management
Yes. Create roles under System Configuration > Account Management > Role Management for the pages each job needs, then assign them under Sub Account. Review Store Permissions and Warehouse Permissions separately. Do not assume a role is read-only unless the available actions have been checked for that employee.","","Frontend: src/router/routes.jsx; src/components/layout/Sidebar.jsx; src/i18n.js | Frontend: src/features/systemConfigaration | Backend: modules/auth; modules/roles; modules/users/users.routes.js | Frontend: src/components/layout; src/features/auth"
"Q-696","Can I prevent staff from accessing subscription settings?","System Configuration > Account Management","MODIFIED ANSWER; FORMAT UPDATED","Confirmed owner-only purchase rather than inferred billing checkbox.","Can I prevent staff from accessing subscription settings?","Yes, if Role Management provides sufficiently granular permissions.
Administrative and billing access should be restricted to authorized users.","Location: System Configuration > Account Management
Completing a subscription checkout requires the company owner. A Sub Account cannot gain that purchasing authority just by seeing Pricing or Store Authorization. Review the staff role and store assignments separately to limit other administrative work.","","Frontend: src/router/routes.jsx; src/components/layout/Sidebar.jsx; src/i18n.js | Frontend: src/features/systemConfigaration | Backend: modules/auth; modules/roles; modules/users/users.routes.js | Frontend: src/components/layout; src/features/auth"
"Q-697","Can I prevent staff from deleting records?","System Configuration > Account Management","MODIFIED ANSWER; FORMAT UPDATED","Corrected action-level permission claim.","Can I prevent staff from deleting records?","Delete permissions should be excluded from ordinary operational roles whenever role configuration supports it.","Location: System Configuration > Account Management
The current Role Management form does not include a separate Delete checkbox for every page. The owner can restrict page, store, and warehouse access, but should verify the employee's actual actions before assuming deletion is blocked. Contact support if your workflow requires a permission level the form does not provide.","","Frontend: src/router/routes.jsx; src/components/layout/Sidebar.jsx; src/i18n.js | Frontend: src/features/systemConfigaration | Backend: modules/auth; modules/roles; modules/users/users.routes.js | Frontend: src/components/layout; src/features/auth"
"Q-698","What happens when an employee leaves?","System Configuration > Account Management","MODIFIED ANSWER; FORMAT UPDATED","Kept the summary consistent with available controls.","What happens when an employee leaves?","The administrator should disable or remove the employee’s Sub Account while preserving any required audit history.","Location: System Configuration > Account Management
Have the company owner review the employee under System Configuration > Account Management > Sub Account. Actions > Delete removes the Sub Account and ends its ERP session. There is no separate Disable button on this page; confirm the person and any records that must be retained before removal.","","Frontend: src/router/routes.jsx; src/components/layout/Sidebar.jsx; src/i18n.js | Frontend: src/features/systemConfigaration | Backend: modules/auth; modules/roles; modules/users/users.routes.js | Frontend: src/components/layout; src/features/auth"
"Q-699","How can roles reduce business risk?","System Configuration > Account Management","MODIFIED ANSWER; FORMAT UPDATED","Removed unsupported guarantee of blocking every destructive action.","How can roles reduce business risk?","Roles help prevent users from:
Accessing unnecessary customer information
Changing store authorization
Modifying subscriptions
Deleting important records
Processing unauthorized transactions
Changing other users’ permissions","Location: System Configuration > Account Management
Roles limit which pages staff can access, while store and warehouse assignments limit the records they work with. This reduces unnecessary access and helps separate responsibilities. Because not every action has a separate permission switch, review the actual employee workflow as well as the role name.","","Frontend: src/router/routes.jsx; src/components/layout/Sidebar.jsx; src/i18n.js | Frontend: src/features/systemConfigaration | Backend: modules/auth; modules/roles; modules/users/users.routes.js | Frontend: src/components/layout; src/features/auth"
"Q-700","What information can I monitor from the Dashboard?","Dashboard; Export on product, inventory, and order lists","REVIEWED - MEANING RETAINED; FORMAT UPDATED","Meaning retained after section review.","What information can I monitor from the Dashboard?","You can monitor:
Platform-product totals
Today’s orders
Low stock
Out of stock
Monthly inventory movement
Sales trends
Store-plan status","Location: Dashboard; Export on product, inventory, and order lists
You can monitor:
- Platform-product totals
- Today's orders
- Low stock
- Out of stock
- Monthly inventory movement
- Sales trends
- Store-plan status","","Frontend: src/router/routes.jsx; src/components/layout/Sidebar.jsx; src/i18n.js | Frontend: src/features/dashboard | Backend: modules/dashboard"
"Q-701","Can I compare sales by marketplace?","Dashboard; Export on product, inventory, and order lists","MODIFIED ANSWER; FORMAT UPDATED","Kept metric explanation consistent with corrected Q-059.","Can I compare sales by marketplace?","Sales Trends provides an All, Shopee, or TikTok platform selector.
The exact meaning of “sales” should be confirmed before using it for financial reporting.","Location: Dashboard; Export on product, inventory, and order lists
Yes. On Dashboard > Sales Trends, choose Select Platform and the month and year. Hover over a point to read Sales, Orders, and Qty. The graph can use quantity or order count when positive sales value is unavailable, so identify the displayed metric before comparing platforms.","","Frontend: src/router/routes.jsx; src/components/layout/Sidebar.jsx; src/i18n.js | Frontend: src/features/dashboard | Backend: modules/dashboard"
"Q-702","Can I monitor stock movement by month?","Dashboard; Export on product, inventory, and order lists","REVIEWED - MEANING RETAINED; FORMAT UPDATED","Meaning retained after section review.","Can I monitor stock movement by month?","Yes. Inventory Status provides month and year filters for stock-in and stock-out activity.","Location: Dashboard; Export on product, inventory, and order lists
Yes. Inventory Status provides month and year filters for stock-in and stock-out activity.","","Frontend: src/router/routes.jsx; src/components/layout/Sidebar.jsx; src/i18n.js | Frontend: src/features/dashboard | Backend: modules/dashboard"
"Q-703","Can this ERP replace my accounting system?","Dashboard; Export on product, inventory, and order lists","REVIEWED - MEANING RETAINED; FORMAT UPDATED","Meaning retained after section review.","Can this ERP replace my accounting system?","It is primarily an operational warehouse and marketplace ERP.
No dedicated accounting ledger, profit-and-loss statement, tax reporting, or bank reconciliation was identified during the review.","Location: Dashboard; Export on product, inventory, and order lists
It is primarily an operational warehouse and marketplace ERP.
No dedicated accounting ledger, profit-and-loss statement, tax reporting, or bank reconciliation was identified during the review.","","Frontend: src/router/routes.jsx; src/components/layout/Sidebar.jsx; src/i18n.js | Frontend: src/features/dashboard | Backend: modules/dashboard"
"Q-704","Can it show my true profit?","Dashboard; Export on product, inventory, and order lists","MODIFIED ANSWER; FORMAT UPDATED","Acknowledged the real estimate controls without overstating accounting capability.","Can it show my true profit?","The reviewed interface does not provide enough confirmed information to calculate true profit.
Profit analysis would also require costs, fees, shipping, returns, advertising, taxes, and other expenses.","Location: Dashboard; Export on product, inventory, and order lists
Manual Order displays Estimated Profit and Estimated Profit Rate using the information available for that order. These are estimates, not a complete business profit statement. Confirm product costs, courier charges, refunds, and other business expenses in your accounting records before treating an estimate as final profit.","","Frontend: src/router/routes.jsx; src/components/layout/Sidebar.jsx; src/i18n.js | Frontend: src/features/dashboard | Backend: modules/dashboard"
"Q-705","Can it help me make purchasing decisions?","Dashboard; Export on product, inventory, and order lists","REVIEWED - MEANING RETAINED; FORMAT UPDATED","Meaning retained after section review.","Can it help me make purchasing decisions?","Yes. Low-stock indicators, inventory quantities, inbound stock, sales trends, and inventory logs can inform replenishment decisions.
It does not replace demand forecasting unless such functionality exists elsewhere.","Location: Dashboard; Export on product, inventory, and order lists
Yes. Low-stock indicators, inventory quantities, inbound stock, sales trends, and inventory logs can inform replenishment decisions.
It does not replace demand forecasting unless such functionality exists elsewhere.","","Frontend: src/router/routes.jsx; src/components/layout/Sidebar.jsx; src/i18n.js | Frontend: src/features/dashboard | Backend: modules/dashboard"
"Q-706","Can I export information for further analysis?","Dashboard; Export on product, inventory, and order lists","MODIFIED ANSWER; FORMAT UPDATED","Added selection and file-format guidance.","Can I export information for further analysis?","Several product, inventory, order, return, and store pages include Export.
Verify the file structure and whether exports include filtered, selected, or all records.","Location: Dashboard; Export on product, inventory, and order lists
Yes. Many product, inventory, order, return, and store lists provide Export. Select the intended rows first, open Export, and choose CSV or Excel where offered. Check the selected count and downloaded records before using them for further analysis.","","Frontend: src/router/routes.jsx; src/components/layout/Sidebar.jsx; src/i18n.js | Frontend: src/features/dashboard | Backend: modules/dashboard"
"Q-707","How can I measure whether the ERP is improving operations?","Dashboard; Export on product, inventory, and order lists","REVIEWED - MEANING RETAINED; FORMAT UPDATED","Meaning retained after section review.","How can I measure whether the ERP is improving operations?","Track before-and-after measures such as:
Order-processing time
Packing failures
Out-of-stock cancellations
Inventory discrepancies
Synchronization failures
Manual spreadsheet hours
Return-processing time
Orders processed per employee","Location: Dashboard; Export on product, inventory, and order lists
Track before-and-after measures such as:
- Order-processing time
- Packing failures
- Out-of-stock cancellations
- Inventory discrepancies
- Synchronization failures
- Manual spreadsheet hours
- Return-processing time
- Orders processed per employee","","Frontend: src/router/routes.jsx; src/components/layout/Sidebar.jsx; src/i18n.js | Frontend: src/features/dashboard | Backend: modules/dashboard"
"Q-708","What paid plans are available?","Pricing > Purchase subscription","MODIFIED ANSWER; FORMAT UPDATED","Removed outdated review claim while acknowledging that current plan terms can change.","What paid plans are available?","The reviewed pricing page displayed:
Basic — 3 months
Standard — 6 months
Pro — 12 months
Ultimate — 24 months
Plan terms and prices should be rechecked at purchase time.","Location: Pricing > Purchase subscription
Pricing > Purchase subscription offers Basic, Standard, Pro, and Ultimate. Compare the duration and price displayed on each plan for your selected store and currency. Plan terms can change, so use the current card and final Checkout details rather than an old screenshot or quoted price.","","Frontend: src/router/routes.jsx; src/components/layout/Sidebar.jsx; src/i18n.js | Frontend: src/features/systemConfigaration; src/features/pricing; src/components/layout/GiftReferralModalController.jsx | Backend: modules/platformStores; modules/subscription"
"Q-709","Which features are listed with the paid plans?","Pricing > Purchase subscription","REVIEWED - MEANING RETAINED; FORMAT UPDATED","Meaning retained after section review.","Which features are listed with the paid plans?","The plan cards list:
Shopee and TikTok support
Unlimited order processing
Inventory synchronization
Bulk order management
Shipment tracking
Customer support
Mobile app","Location: Pricing > Purchase subscription
The plan cards list:
- Shopee and TikTok support
- Unlimited order processing
- Inventory synchronization
- Bulk order management
- Shipment tracking
- Customer support
- Mobile app","","Frontend: src/router/routes.jsx; src/components/layout/Sidebar.jsx; src/i18n.js | Frontend: src/features/systemConfigaration; src/features/pricing; src/components/layout/GiftReferralModalController.jsx | Backend: modules/platformStores; modules/subscription"
"Q-710","Why should I buy paid access instead of continuing manually?","Pricing > Purchase subscription","REVIEWED - MEANING RETAINED; FORMAT UPDATED","Meaning retained after section review.","Why should I buy paid access instead of continuing manually?","Paid access may be worthwhile when the business needs:
Centralized marketplace operations
Continuous inventory synchronization
Higher order-processing capacity
Bulk operations
Multi-warehouse visibility
Staff access controls
Faster exception handling","Location: Pricing > Purchase subscription
Paid access may be worthwhile when the business needs:
- Centralized marketplace operations
- Continuous inventory synchronization
- Higher order-processing capacity
- Bulk operations
- Multi-warehouse visibility
- Staff access controls
- Faster exception handling","","Frontend: src/router/routes.jsx; src/components/layout/Sidebar.jsx; src/i18n.js | Frontend: src/features/systemConfigaration; src/features/pricing; src/components/layout/GiftReferralModalController.jsx | Backend: modules/platformStores; modules/subscription"
"Q-711","Which plan should a new business choose?","Pricing > Purchase subscription","REVIEWED - MEANING RETAINED; FORMAT UPDATED","Meaning retained after section review.","Which plan should a new business choose?","A shorter plan may reduce commitment while the business validates the workflow.
Before purchasing, test store authorization, SKU mapping, inventory synchronization, order processing, and staff permissions.","Location: Pricing > Purchase subscription
A shorter plan may reduce commitment while the business validates the workflow.
Before purchasing, test store authorization, SKU mapping, inventory synchronization, order processing, and staff permissions.","","Frontend: src/router/routes.jsx; src/components/layout/Sidebar.jsx; src/i18n.js | Frontend: src/features/systemConfigaration; src/features/pricing; src/components/layout/GiftReferralModalController.jsx | Backend: modules/platformStores; modules/subscription"
"Q-712","When would a longer plan make sense?","Pricing > Purchase subscription","REVIEWED - MEANING RETAINED; FORMAT UPDATED","Meaning retained after section review.","When would a longer plan make sense?","A longer plan may make sense when:
The ERP has already been tested successfully.
The business expects long-term use.
Store connections are stable.
Staff are trained.
The effective cost is approved.
Renewal and refund terms are understood.","Location: Pricing > Purchase subscription
A longer plan may make sense when:
The ERP has already been tested successfully.
The business expects long-term use.
Store connections are stable.
Staff are trained.
The effective cost is approved.
Renewal and refund terms are understood.","","Frontend: src/router/routes.jsx; src/components/layout/Sidebar.jsx; src/i18n.js | Frontend: src/features/systemConfigaration; src/features/pricing; src/components/layout/GiftReferralModalController.jsx | Backend: modules/platformStores; modules/subscription"
"Q-713","Is the longest plan automatically the best?","Pricing > Purchase subscription","REVIEWED - MEANING RETAINED; FORMAT UPDATED","Meaning retained after section review.","Is the longest plan automatically the best?","No. The best plan depends on operational needs, confidence in long-term use, budget, and contract terms.","Location: Pricing > Purchase subscription
No. The best plan depends on operational needs, confidence in long-term use, budget, and contract terms.","","Frontend: src/router/routes.jsx; src/components/layout/Sidebar.jsx; src/i18n.js | Frontend: src/features/systemConfigaration; src/features/pricing; src/components/layout/GiftReferralModalController.jsx | Backend: modules/platformStores; modules/subscription"
"Q-714","Is pricing charged per account or per store?","Pricing > Purchase subscription","MODIFIED ANSWER; FORMAT UPDATED","Resolved per-store calculation.","Is pricing charged per account or per store?","The pricing page’s amount summary references the selected store count, indicating that store selection affects the price.
Confirm the final total before purchasing.","Location: Pricing > Purchase subscription
Store subscriptions are priced per selected store. Pricing multiplies the plan price by the selected store count. Review the platform, store names, count, currency, and final checkout total before paying.","","Frontend: src/router/routes.jsx; src/components/layout/Sidebar.jsx; src/i18n.js | Frontend: src/features/systemConfigaration; src/features/pricing; src/components/layout/GiftReferralModalController.jsx | Backend: modules/platformStores; modules/subscription"
"Q-715","Can I subscribe only the stores I need?","Pricing > Purchase subscription","REVIEWED - MEANING RETAINED; FORMAT UPDATED","Meaning retained after section review.","Can I subscribe only the stores I need?","The page allows individual stores to be selected after choosing their platform.
Verify the selection summary before choosing a plan.","Location: Pricing > Purchase subscription
The page allows individual stores to be selected after choosing their platform.
Verify the selection summary before choosing a plan.","","Frontend: src/router/routes.jsx; src/components/layout/Sidebar.jsx; src/i18n.js | Frontend: src/features/systemConfigaration; src/features/pricing; src/components/layout/GiftReferralModalController.jsx | Backend: modules/platformStores; modules/subscription"
"Q-716","What should I verify before buying?","Pricing > Purchase subscription","REVIEWED - MEANING RETAINED; FORMAT UPDATED","Meaning retained after section review.","What should I verify before buying?","Verify:
Correct platforms
Correct stores
Store count
Billing country
Currency
Plan duration
Final amount
Taxes and fees
Renewal behavior
Refund terms
Purchase authorization","Location: Pricing > Purchase subscription
Verify:
- Correct platforms
- Correct stores
- Store count
- Billing country
- Currency
- Plan duration
- Final amount
- Taxes and fees
- Renewal behavior
- Refund terms
- Purchase authorization","","Frontend: src/router/routes.jsx; src/components/layout/Sidebar.jsx; src/i18n.js | Frontend: src/features/systemConfigaration; src/features/pricing; src/components/layout/GiftReferralModalController.jsx | Backend: modules/platformStores; modules/subscription"
"Q-717","What is the strongest reason to consider paid access?","Pricing > Purchase subscription","REVIEWED - MEANING RETAINED; FORMAT UPDATED","Meaning retained after section review.","What is the strongest reason to consider paid access?","The strongest reason is operational control: one system can connect the business’s marketplace products, internal SKUs, warehouses, inventory movements, orders, returns, store subscriptions, and staff permissions.
The real value should be validated against the company’s own volume, error rate, and labor costs.","Location: Pricing > Purchase subscription
The strongest reason is operational control: one system can connect the business's marketplace products, internal SKUs, warehouses, inventory movements, orders, returns, store subscriptions, and staff permissions.
The real value should be validated against the company's own volume, error rate, and labor costs.","","Frontend: src/router/routes.jsx; src/components/layout/Sidebar.jsx; src/i18n.js | Frontend: src/features/systemConfigaration; src/features/pricing; src/components/layout/GiftReferralModalController.jsx | Backend: modules/platformStores; modules/subscription"
"Q-718","Does the ERP support all my required stores and countries?","Warehouse ERP; Help Center; Contact","MODIFIED ANSWER; FORMAT UPDATED","Turned a planning-only answer into a usable capability check.","Does the ERP support all my required stores and countries?","Confirm every store, marketplace, and country before purchasing.","Location: Warehouse ERP; Help Center; Contact
Check System Configuration > Store Authorization > Add Store for the actual Platform and Country choices, then confirm the intended store can complete authorization. The current add-store form offers Shopee and TikTok. Do not assume another marketplace is supported because its logo appears elsewhere.","","Frontend: src/router/routes.jsx; src/components/layout/Sidebar.jsx; src/i18n.js | Frontend: src/features/helpCenter/HelpCenterPage.jsx | Frontend: src/features/contact/ContactPage.jsx"
"Q-719","Does inventory synchronization work with my actual SKU structure?","Warehouse ERP; Help Center; Contact","MODIFIED ANSWER; FORMAT UPDATED","Expanded an overly short pre-purchase check.","Does inventory synchronization work with my actual SKU structure?","Test several mapped products, variations, bundles, and warehouses before relying on it broadly.","Location: Warehouse ERP; Help Center; Contact
Go to Inventory Management > SKU Mapping > By Product and inspect your parent listings and child variations. Confirm each maps to the intended Merchant SKU and warehouse, then compare Inventory List with the marketplace after an approved stock sync. Include bundles and any sync groups in your setup review.","","Frontend: src/router/routes.jsx; src/components/layout/Sidebar.jsx; src/i18n.js | Frontend: src/features/helpCenter/HelpCenterPage.jsx | Frontend: src/features/contact/ContactPage.jsx"
"Q-720","Can my team follow the order workflow easily?","Warehouse ERP; Help Center; Contact","MODIFIED ANSWER; FORMAT UPDATED","Provided understandable workflow guidance instead of only telling the customer to test.","Can my team follow the order workflow easily?","Run sample or low-risk orders through the full process and document responsibilities.","Location: Warehouse ERP; Help Center; Contact
Your team can follow the stages under Order Management > Order Processing and use the exception views for problems. Agree who handles To Pack, waybill printing, courier handoff, and returns. During training, use approved orders and check the result of each action before proceeding.","","Frontend: src/router/routes.jsx; src/components/layout/Sidebar.jsx; src/i18n.js | Frontend: src/features/helpCenter/HelpCenterPage.jsx | Frontend: src/features/contact/ContactPage.jsx"
"Q-721","Are roles detailed enough for my security requirements?","Warehouse ERP; Help Center; Contact","MODIFIED ANSWER; FORMAT UPDATED","Stated the actual permission limit.","Are roles detailed enough for my security requirements?","Test whether each role can be limited to the exact modules and actions required.","Location: Warehouse ERP; Help Center; Contact
Role Management controls page access, with store and warehouse assignments configured under Sub Account. It does not provide every per-action restriction, such as a separate Delete permission on every page. Compare those controls with your team's needs and ask support about any missing restriction before relying on it.","","Frontend: src/router/routes.jsx; src/components/layout/Sidebar.jsx; src/i18n.js | Frontend: src/features/helpCenter/HelpCenterPage.jsx | Frontend: src/features/contact/ContactPage.jsx"
"Q-722","What happens if synchronization fails?","Warehouse ERP; Help Center; Contact","MODIFIED ANSWER; FORMAT UPDATED","Replaced a question-to-ask-support answer with troubleshooting steps.","What happens if synchronization fails?","Confirm how errors are displayed, retried, logged, and escalated to support.","Location: Warehouse ERP; Help Center; Contact
Check the failed action's message and, for stock, Inventory Management > Inventory List > Sync Status and Last Sync. Confirm store authorization, subscription, mapping, and the correct warehouse. Correct the reported cause, then retry only the intended records. Contact support with the SKU or order number and error if it still fails.","","Frontend: src/router/routes.jsx; src/components/layout/Sidebar.jsx; src/i18n.js | Frontend: src/features/helpCenter/HelpCenterPage.jsx | Frontend: src/features/contact/ContactPage.jsx"
"Q-723","What customer-support response can I expect?","Warehouse ERP; Help Center; Contact","MODIFIED ANSWER; FORMAT UPDATED","Added actual support route and useful details.","What customer-support response can I expect?","The pricing page states that customer support is available, but it does not specify hours, channels, languages, or response times.","Location: Warehouse ERP; Help Center; Contact
Open Contact from the sidebar to find the support message form, email, and WhatsApp channel. The customer pages do not promise support hours or a response deadline. Include the page, error, and relevant order or SKU so the team can investigate.","","Frontend: src/router/routes.jsx; src/components/layout/Sidebar.jsx; src/i18n.js | Frontend: src/features/helpCenter/HelpCenterPage.jsx | Frontend: src/features/contact/ContactPage.jsx"
"Q-724","Can I recover deleted or incorrectly changed records?","Warehouse ERP; Help Center; Contact","MODIFIED ANSWER; FORMAT UPDATED","Clarified visible recovery limits.","Can I recover deleted or incorrectly changed records?","Confirm backup, audit-history, and recovery policies before allowing users to perform destructive actions.","Location: Warehouse ERP; Help Center; Contact
Many Delete confirmations state that the action cannot be undone, and the customer pages have no general recycle bin or restore button. Stop making further changes and contact support with the affected record and approximate time. Recovery depends on the specific record and available backups; it is not guaranteed by the interface.","","Frontend: src/router/routes.jsx; src/components/layout/Sidebar.jsx; src/i18n.js | Frontend: src/features/helpCenter/HelpCenterPage.jsx | Frontend: src/features/contact/ContactPage.jsx"
"Q-725","How is my business data protected?","Warehouse ERP; Help Center; Contact","MODIFIED ANSWER; FORMAT UPDATED","Grounded the answer in known controls without inventing security guarantees.","How is my business data protected?","Ask the provider about:
Encryption
Access controls
Backups
Data retention
Security monitoring
Breach response
Data location
Account recovery","Location: Warehouse ERP; Help Center; Contact
The ERP uses individual logins, roles, and store and warehouse permissions to control access. The customer pages do not establish a full backup, encryption, or data-retention policy. Ask the provider for those policies if you need them, and share only the information needed when contacting support.","","Frontend: src/router/routes.jsx; src/components/layout/Sidebar.jsx; src/i18n.js | Frontend: src/features/helpCenter/HelpCenterPage.jsx | Frontend: src/features/contact/ContactPage.jsx"
"Q-726","Can I export my data if I stop using the ERP?","Warehouse ERP; Help Center; Contact","MODIFIED ANSWER; FORMAT UPDATED","Distinguished list exports from a whole-company backup.","Can I export my data if I stop using the ERP?","Confirm which data can be exported and in what format before committing to long-term use.","Location: Warehouse ERP; Help Center; Contact
Use the Export controls on the relevant product, inventory, order, and store pages to download the records you need while you have access. Those controls are not a complete company backup. Ask support about any data that has no export option and about access after a subscription ends.","","Frontend: src/router/routes.jsx; src/components/layout/Sidebar.jsx; src/i18n.js | Frontend: src/features/helpCenter/HelpCenterPage.jsx | Frontend: src/features/contact/ContactPage.jsx"
"Q-727","What should convince me to purchase?","Warehouse ERP; Help Center; Contact","REVIEWED - MEANING RETAINED; FORMAT UPDATED","Meaning retained after section review.","What should convince me to purchase?","Purchase only after confirming that the ERP:
Supports your stores
Maps your products correctly
Maintains accurate inventory
Fits your warehouse workflow
Improves order processing
Provides appropriate staff permissions
Offers adequate support
Saves more operational cost than the subscription price","Location: Warehouse ERP; Help Center; Contact
Purchase only after confirming that the ERP:
- Supports your stores
- Maps your products correctly
- Maintains accurate inventory
- Fits your warehouse workflow
- Improves order processing
- Provides appropriate staff permissions
- Offers adequate support
- Saves more operational cost than the subscription price","","Frontend: src/router/routes.jsx; src/components/layout/Sidebar.jsx; src/i18n.js | Frontend: src/features/helpCenter/HelpCenterPage.jsx | Frontend: src/features/contact/ContactPage.jsx"
"Q-728","How can I get a referral code?","Top-right account menu > Share referral code","MODIFIED ANSWER; FORMAT UPDATED","Added real navigation and payment confirmation prerequisite.","How can I get a referral code?","After creating an account, you will receive a referral code whenever you purchase an available ERP subscription plan.","Location: Top-right account menu > Share referral code
Referral codes are generated after a subscription payment is successfully confirmed. You can see generated codes on Payment Success and open the top-right account menu > Share referral code to find available codes later. Creating an account alone does not generate a paid-purchase referral code.","","Frontend: src/router/routes.jsx; src/components/layout/Sidebar.jsx; src/i18n.js | Frontend: src/features/systemConfigaration; src/features/pricing; src/components/layout/GiftReferralModalController.jsx | Backend: modules/platformStores; modules/subscription | Frontend: src/components/layout; src/features/auth"
"Q-729","When will my referral code appear?","Top-right account menu > Share referral code","REVIEWED - MEANING RETAINED; FORMAT UPDATED","Meaning retained after section review.","When will my referral code appear?","The referral code should appear after the plan purchase has been completed and the payment has been confirmed.
If it does not appear immediately, wait for the payment to finish processing and check again.","Location: Top-right account menu > Share referral code
The referral code should appear after the plan purchase has been completed and the payment has been confirmed.
If it does not appear immediately, wait for the payment to finish processing and check again.","","Frontend: src/router/routes.jsx; src/components/layout/Sidebar.jsx; src/i18n.js | Frontend: src/features/systemConfigaration; src/features/pricing; src/components/layout/GiftReferralModalController.jsx | Backend: modules/platformStores; modules/subscription | Frontend: src/components/layout; src/features/auth"
"Q-730","Will I receive a referral code just for creating an account?","Top-right account menu > Share referral code","REVIEWED - MEANING RETAINED; FORMAT UPDATED","Meaning retained after section review.","Will I receive a referral code just for creating an account?","No. Creating an account alone is not enough. You must purchase an available subscription plan to receive a referral code.","Location: Top-right account menu > Share referral code
No. Creating an account alone is not enough. You must purchase an available subscription plan to receive a referral code.","","Frontend: src/router/routes.jsx; src/components/layout/Sidebar.jsx; src/i18n.js | Frontend: src/features/systemConfigaration; src/features/pricing; src/components/layout/GiftReferralModalController.jsx | Backend: modules/platformStores; modules/subscription | Frontend: src/components/layout; src/features/auth"
"Q-731","If I purchase another plan later, will I receive another referral code?","Top-right account menu > Share referral code","MODIFIED ANSWER; FORMAT UPDATED","Confirmed per-store-payment generation rather than exactly one per checkout.","If I purchase another plan later, will I receive another referral code?","Yes. Every time you purchase a plan, you will receive a new referral code for that purchase.","Location: Top-right account menu > Share referral code
Another successfully confirmed store-plan purchase can generate another referral code. A purchase covering several stores can generate more than one code because the ERP records the stores separately. Open Payment Success or account menu > Share referral code to check the available codes.","","Frontend: src/router/routes.jsx; src/components/layout/Sidebar.jsx; src/i18n.js | Frontend: src/features/systemConfigaration; src/features/pricing; src/components/layout/GiftReferralModalController.jsx | Backend: modules/platformStores; modules/subscription | Frontend: src/components/layout; src/features/auth"
"Q-732","Can I have more than one referral code?","Top-right account menu > Share referral code","REVIEWED - MEANING RETAINED; FORMAT UPDATED","Meaning retained after section review.","Can I have more than one referral code?","Yes. If you purchase more than one plan, you may receive multiple referral codes.","Location: Top-right account menu > Share referral code
Yes. If you purchase more than one plan, you may receive multiple referral codes.","","Frontend: src/router/routes.jsx; src/components/layout/Sidebar.jsx; src/i18n.js | Frontend: src/features/systemConfigaration; src/features/pricing; src/components/layout/GiftReferralModalController.jsx | Backend: modules/platformStores; modules/subscription | Frontend: src/components/layout; src/features/auth"
"Q-733","Where can I see my referral codes?","Top-right account menu > Share referral code","MODIFIED ANSWER; QUESTION VARIANTS ADDED; FORMAT UPDATED","Removed an invented menu path.","Where can I see my referral codes?","Open your Profile menu and go to:
Profile → My Referral Codes
This section displays the referral codes connected to your account.","Location: Top-right account menu > Share referral code
Click your account name or picture in the top-right corner and choose Share referral code. Available codes are shown there with a Copy button. Codes can also appear on Payment Success after a confirmed purchase. There is no separate My Referral Codes menu in the current interface.","Where is my referral code?; How do I find a code to share?","Frontend: src/router/routes.jsx; src/components/layout/Sidebar.jsx; src/i18n.js | Frontend: src/features/systemConfigaration; src/features/pricing; src/components/layout/GiftReferralModalController.jsx | Backend: modules/platformStores; modules/subscription | Frontend: src/components/layout; src/features/auth"
"Q-734","Why can I not see a code in Share referral code?","Top-right account menu > Share referral code","MODIFIED ANSWER; EDITED QUESTION; FORMAT UPDATED","Replaced troubleshooting for a nonexistent menu.","What should I do if I cannot see My Referral Codes?","Check that:
Your plan purchase was completed.
The payment was successful.
You are signed in to the correct account.
The page has finished loading.
You have refreshed the ERP after purchasing.
If the referral code still does not appear, contact technical support with the purchase confirmation.","Location: Top-right account menu > Share referral code
Use the top-right account menu > Share referral code; My Referral Codes is not a separate menu. If no code is shown, check that the purchase succeeded, the code is still available, and you are in the correct company. Contact support with the payment reference if needed.","","Frontend: src/router/routes.jsx; src/components/layout/Sidebar.jsx; src/i18n.js | Frontend: src/features/systemConfigaration; src/features/pricing; src/components/layout/GiftReferralModalController.jsx | Backend: modules/platformStores; modules/subscription | Frontend: src/components/layout; src/features/auth"
"Q-735","Does a referral code expire?","Top-right account menu > Share referral code","MODIFIED ANSWER; FORMAT UPDATED","Avoided an unsupported permanent-validity promise.","Does a referral code expire?","Normally, a referral code does not expire automatically.
However, after someone successfully uses that code to purchase a plan, the code becomes invalid and cannot be used again.","Location: Top-right account menu > Share referral code
Use only an active, unused referral code. A successfully redeemed code is no longer available for another purchase, and a code that has been disabled is not valid. Check account menu > Share referral code for available codes rather than assuming a saved copy will remain valid indefinitely.","","Frontend: src/router/routes.jsx; src/components/layout/Sidebar.jsx; src/i18n.js | Frontend: src/features/systemConfigaration; src/features/pricing; src/components/layout/GiftReferralModalController.jsx | Backend: modules/platformStores; modules/subscription | Frontend: src/components/layout; src/features/auth"
"Q-736","Can the same referral code be used by several people?","Top-right account menu > Share referral code","REVIEWED - MEANING RETAINED; FORMAT UPDATED","Meaning retained after section review.","Can the same referral code be used by several people?","No. A referral code becomes invalid after it has been used successfully for an eligible plan purchase.
Share a new unused code with another person.","Location: Top-right account menu > Share referral code
No. A referral code becomes invalid after it has been used successfully for an eligible plan purchase.
Share a new unused code with another person.","","Frontend: src/router/routes.jsx; src/components/layout/Sidebar.jsx; src/i18n.js | Frontend: src/features/systemConfigaration; src/features/pricing; src/components/layout/GiftReferralModalController.jsx | Backend: modules/platformStores; modules/subscription | Frontend: src/components/layout; src/features/auth"
"Q-737","How do I know whether a referral code has already been used?","Top-right account menu > Share referral code","MODIFIED ANSWER; FORMAT UPDATED","Removed an invented status-history screen.","How do I know whether a referral code has already been used?","Check My Referral Codes for its current status.
If the ERP does not show a clear status, try opening the referral section or contact support before sharing it again.","Location: Top-right account menu > Share referral code
Open the top-right account menu > Share referral code to see currently available codes. A used or inactive code may no longer appear there. If you need the history of a code you previously shared, contact support; this window is not a complete redemption-history page.","","Frontend: src/router/routes.jsx; src/components/layout/Sidebar.jsx; src/i18n.js | Frontend: src/features/systemConfigaration; src/features/pricing; src/components/layout/GiftReferralModalController.jsx | Backend: modules/platformStores; modules/subscription | Frontend: src/components/layout; src/features/auth"
"Q-738","Can I delete a referral code?","Top-right account menu > Share referral code","MODIFIED ANSWER; FORMAT UPDATED","Confirmed actual controls.","Can I delete a referral code?","The reviewed ERP interface does not confirm a referral-code deletion function.
Normally, you do not need to delete it. An already-used code should become invalid automatically.","Location: Top-right account menu > Share referral code
The Share referral code window does not include Delete. You can copy an available code or close the window. A successfully used code is no longer available for another eligible purchase.","","Frontend: src/router/routes.jsx; src/components/layout/Sidebar.jsx; src/i18n.js | Frontend: src/features/systemConfigaration; src/features/pricing; src/components/layout/GiftReferralModalController.jsx | Backend: modules/platformStores; modules/subscription | Frontend: src/components/layout; src/features/auth"
"Q-739","Can I change my referral code?","Top-right account menu > Share referral code","REVIEWED - MEANING RETAINED; FORMAT UPDATED","Meaning retained after section review.","Can I change my referral code?","The referral code is generated by the ERP and normally should not be edited.
Copy and share it exactly as displayed.","Location: Top-right account menu > Share referral code
The referral code is generated by the ERP and normally should not be edited.
Copy and share it exactly as displayed.","","Frontend: src/router/routes.jsx; src/components/layout/Sidebar.jsx; src/i18n.js | Frontend: src/features/systemConfigaration; src/features/pricing; src/components/layout/GiftReferralModalController.jsx | Backend: modules/platformStores; modules/subscription | Frontend: src/components/layout; src/features/auth"
"Q-740","How can I share my referral code?","Top-right account menu > Share referral code","MODIFIED ANSWER; FORMAT UPDATED","Clarified that Copy must be clicked and removed accidental automatic-copy wording.","How can I share my referral code?","Click the Copy button beside the referral code.
The code will be copied automatically. You can then share it using:
Messaging applications
Social media
Email
SMS
Another preferred communication method","Location: Top-right account menu > Share referral code
Open the top-right account menu > Share referral code and click Copy beside an available code. Paste the copied code into your preferred message or email. Opening the window alone does not copy it. Share only the referral code, not your login or verification details.","","Frontend: src/router/routes.jsx; src/components/layout/Sidebar.jsx; src/i18n.js | Frontend: src/features/systemConfigaration; src/features/pricing; src/components/layout/GiftReferralModalController.jsx | Backend: modules/platformStores; modules/subscription | Frontend: src/components/layout; src/features/auth"
"Q-741","Where is the Share referral code option?","Top-right account menu > Share referral code","REVIEWED - MEANING RETAINED; FORMAT UPDATED","Meaning retained after section review.","Where is the Share referral code option?","Open the Profile menu in the upper-right corner and select Share referral code.","Location: Top-right account menu > Share referral code
Open the Profile menu in the upper-right corner and select Share referral code.","","Frontend: src/router/routes.jsx; src/components/layout/Sidebar.jsx; src/i18n.js | Frontend: src/features/systemConfigaration; src/features/pricing; src/components/layout/GiftReferralModalController.jsx | Backend: modules/platformStores; modules/subscription | Frontend: src/components/layout; src/features/auth"
"Q-742","What happens when I press Copy?","Top-right account menu > Share referral code","REVIEWED - MEANING RETAINED; FORMAT UPDATED","Meaning retained after section review.","What happens when I press Copy?","The ERP copies the referral code to your device’s clipboard.
You can then paste it into a message.","Location: Top-right account menu > Share referral code
The ERP copies the referral code to your device's clipboard.
You can then paste it into a message.","","Frontend: src/router/routes.jsx; src/components/layout/Sidebar.jsx; src/i18n.js | Frontend: src/features/systemConfigaration; src/features/pricing; src/components/layout/GiftReferralModalController.jsx | Backend: modules/platformStores; modules/subscription | Frontend: src/components/layout; src/features/auth"
"Q-743","Does pressing Copy use the referral code?","Top-right account menu > Share referral code","REVIEWED - MEANING RETAINED; FORMAT UPDATED","Meaning retained after section review.","Does pressing Copy use the referral code?","No. Copying or sharing the code does not use it.
The code is used only when another customer applies it successfully to an eligible plan purchase.","Location: Top-right account menu > Share referral code
No. Copying or sharing the code does not use it.
The code is used only when another customer applies it successfully to an eligible plan purchase.","","Frontend: src/router/routes.jsx; src/components/layout/Sidebar.jsx; src/i18n.js | Frontend: src/features/systemConfigaration; src/features/pricing; src/components/layout/GiftReferralModalController.jsx | Backend: modules/platformStores; modules/subscription | Frontend: src/components/layout; src/features/auth"
"Q-744","What information should I send with the referral code?","Top-right account menu > Share referral code","MODIFIED ANSWER; FORMAT UPDATED","Matched duration, first-purchase eligibility, and reward recipient.","What information should I send with the referral code?","You can send a simple message such as:
Use my referral code when purchasing an eligible one-year or longer ERP plan.
Do not promise rewards, discounts, or benefits that the ERP does not confirm.","Location: Top-right account menu > Share referral code
You can say: Use this unused referral code during your eligible first paid Warehouse ERP purchase of a one-year or two-year plan. Check that the code is included before completing payment. The referral can create a printer gift for the code owner; it does not automatically reduce the buyer's subscription price.","","Frontend: src/router/routes.jsx; src/components/layout/Sidebar.jsx; src/i18n.js | Frontend: src/features/systemConfigaration; src/features/pricing; src/components/layout/GiftReferralModalController.jsx | Backend: modules/platformStores; modules/subscription | Frontend: src/components/layout; src/features/auth"
"Q-745","Should I share my ERP password with the referral code?","Top-right account menu > Share referral code","REVIEWED - MEANING RETAINED; FORMAT UPDATED","Meaning retained after section review.","Should I share my ERP password with the referral code?","No. Only share the referral code.
Never share:
ERP password
Marketplace password
OTP
Payment-card information
Authorization token","Location: Top-right account menu > Share referral code
No. Only share the referral code.
Never share:
- ERP password
- Marketplace password
- OTP
- Payment-card information
- Authorization token","","Frontend: src/router/routes.jsx; src/components/layout/Sidebar.jsx; src/i18n.js | Frontend: src/features/systemConfigaration; src/features/pricing; src/components/layout/GiftReferralModalController.jsx | Backend: modules/platformStores; modules/subscription | Frontend: src/components/layout; src/features/auth"
"Q-746","What should my friend do with the referral code?","Top-right account menu > Share referral code","MODIFIED ANSWER; FORMAT UPDATED","Documented actual prompt position and eligibility.","What should my friend do with the referral code?","Your friend should enter the referral code in the referral or coupon field during the subscription-purchase workflow.
They must apply it before completing the eligible plan purchase.","Location: Top-right account menu > Share referral code
Your friend should choose an eligible one-year or two-year plan on Pricing. If the purchase meets the first-purchase requirements, the referral-code prompt appears before Checkout. Enter the code, continue, and check it on Checkout before paying. If the prompt does not appear, ask support to check eligibility rather than completing payment and expecting to add the code later.","","Frontend: src/router/routes.jsx; src/components/layout/Sidebar.jsx; src/i18n.js | Frontend: src/features/systemConfigaration; src/features/pricing; src/components/layout/GiftReferralModalController.jsx | Backend: modules/platformStores; modules/subscription | Frontend: src/components/layout; src/features/auth"
"Q-747","What if my friend forgets to enter the referral code?","Top-right account menu > Share referral code","REVIEWED - MEANING RETAINED; FORMAT UPDATED","Meaning retained after section review.","What if my friend forgets to enter the referral code?","The gift may not be connected to your account if the purchase is completed without your referral code.
The buyer should verify that the correct code is applied before payment.","Location: Top-right account menu > Share referral code
The gift may not be connected to your account if the purchase is completed without your referral code.
The buyer should verify that the correct code is applied before payment.","","Frontend: src/router/routes.jsx; src/components/layout/Sidebar.jsx; src/i18n.js | Frontend: src/features/systemConfigaration; src/features/pricing; src/components/layout/GiftReferralModalController.jsx | Backend: modules/platformStores; modules/subscription | Frontend: src/components/layout; src/features/auth"
"Q-748","What if my friend enters the wrong referral code?","Top-right account menu > Share referral code","REVIEWED - MEANING RETAINED; FORMAT UPDATED","Meaning retained after section review.","What if my friend enters the wrong referral code?","They should correct it before completing the purchase.
If the purchase is already completed, contact support. Do not assume the code can be added afterward.","Location: Top-right account menu > Share referral code
They should correct it before completing the purchase.
If the purchase is already completed, contact support. Do not assume the code can be added afterward.","","Frontend: src/router/routes.jsx; src/components/layout/Sidebar.jsx; src/i18n.js | Frontend: src/features/systemConfigaration; src/features/pricing; src/components/layout/GiftReferralModalController.jsx | Backend: modules/platformStores; modules/subscription | Frontend: src/components/layout; src/features/auth"
"Q-749","How can my friend confirm that the code was accepted?","Top-right account menu > Share referral code","MODIFIED ANSWER; FORMAT UPDATED","Distinguished entered code from successful validation and redemption.","How can my friend confirm that the code was accepted?","The checkout page should show that the referral code was applied or accepted.
They should review the purchase summary before payment.","Location: Top-right account menu > Share referral code
Check the referral code displayed on Checkout before choosing Pay with Stripe. The ERP validates the code as part of starting and confirming the purchase. A visible code alone is not proof of a completed referral reward; check the confirmed payment result and the code owner's My gift afterward.","","Frontend: src/router/routes.jsx; src/components/layout/Sidebar.jsx; src/i18n.js | Frontend: src/features/systemConfigaration; src/features/pricing; src/components/layout/GiftReferralModalController.jsx | Backend: modules/platformStores; modules/subscription | Frontend: src/components/layout; src/features/auth"
"Q-750","Does using my referral code automatically give my friend a discount?","Top-right account menu > Share referral code","MODIFIED ANSWER; FORMAT UPDATED","Confirmed referral reward without a price discount.","Does using my referral code automatically give my friend a discount?","The available interface confirms a referral-code workflow, but it does not clearly confirm that the referred buyer receives a discount.
The buyer should rely on the amount shown in the final checkout summary.","Location: Top-right account menu > Share referral code
No automatic subscription discount is applied by this referral workflow. A qualifying redemption can create a printer gift for the code owner. The buyer should review and pay the subscription amount shown in Checkout.","","Frontend: src/router/routes.jsx; src/components/layout/Sidebar.jsx; src/i18n.js | Frontend: src/features/systemConfigaration; src/features/pricing; src/components/layout/GiftReferralModalController.jsx | Backend: modules/platformStores; modules/subscription | Frontend: src/components/layout; src/features/auth"
"Q-751","How can I become eligible for a gift?","Top-right account menu > Share referral code","MODIFIED ANSWER; FORMAT UPDATED","Added the actual first-purchase conditions and recipient.","How can I become eligible for a gift?","Share an unused referral code with a friend.
You become eligible when your friend uses that code to purchase an eligible subscription lasting at least one year.","Location: Top-right account menu > Share referral code
Share an active, unused code with another eligible company making its first paid purchase. The buyer must use it for a qualifying one-year or two-year plan, and the payment must succeed. Previous paid purchases by the buyer, company, or relevant marketplace stores can make the purchase ineligible. Check My gift after the confirmed redemption.","","Frontend: src/router/routes.jsx; src/components/layout/Sidebar.jsx; src/i18n.js | Frontend: src/features/systemConfigaration; src/features/pricing; src/components/layout/GiftReferralModalController.jsx | Backend: modules/platformStores; modules/subscription | Frontend: src/components/layout; src/features/auth"
"Q-752","Which plan duration qualifies for a gift?","Top-right account menu > Share referral code","MODIFIED ANSWER; FORMAT UPDATED","Corrected overly broad one-year-or-longer claim.","Which plan duration qualifies for a gift?","The person using your referral code must purchase a plan for one year or longer.
This includes eligible one-year and two-year premium subscriptions.","Location: Top-right account menu > Share referral code
The referral workflow accepts qualifying one-year and two-year plans, recorded as 365 or 730 days. It does not accept every duration merely because it is longer than one year. The buyer and store must also meet the first-purchase requirements.","","Frontend: src/router/routes.jsx; src/components/layout/Sidebar.jsx; src/i18n.js | Frontend: src/features/systemConfigaration; src/features/pricing; src/components/layout/GiftReferralModalController.jsx | Backend: modules/platformStores; modules/subscription | Frontend: src/components/layout; src/features/auth"
"Q-753","Will I receive a gift if someone purchases a plan for less than one year?","Top-right account menu > Share referral code","REVIEWED - MEANING RETAINED; FORMAT UPDATED","Meaning retained after section review.","Will I receive a gift if someone purchases a plan for less than one year?","No. A plan shorter than one year does not qualify you for the referral gift.","Location: Top-right account menu > Share referral code
No. A plan shorter than one year does not qualify you for the referral gift.","","Frontend: src/router/routes.jsx; src/components/layout/Sidebar.jsx; src/i18n.js | Frontend: src/features/systemConfigaration; src/features/pricing; src/components/layout/GiftReferralModalController.jsx | Backend: modules/platformStores; modules/subscription | Frontend: src/components/layout; src/features/auth"
"Q-754","What gift will I receive?","Top-right account menu > Share referral code","MODIFIED ANSWER; FORMAT UPDATED","Made uncertainty customer-friendly without unsupported model promises.","What gift will I receive?","The ERP’s referral message describes the reward as a printer.
The exact printer model, color, availability, and delivery time are not confirmed in the visible referral message.","Location: Top-right account menu > Share referral code
The referral program describes its gift as a printer. Open My gift to review the reward assigned to your company. Contact support to confirm the model, availability, and delivery arrangements when those details are not shown; do not assume a particular printer from the referral code alone.","","Frontend: src/router/routes.jsx; src/components/layout/Sidebar.jsx; src/i18n.js | Frontend: src/features/systemConfigaration; src/features/pricing; src/components/layout/GiftReferralModalController.jsx | Backend: modules/platformStores; modules/subscription | Frontend: src/components/layout; src/features/auth"
"Q-755","Can I choose the printer model?","Top-right account menu > Share referral code","MODIFIED ANSWER; FORMAT UPDATED","Clarified gift record selection versus model selection.","Can I choose the printer model?","The reviewed interface includes a gift-selection workflow, but it does not confirm whether every user can choose a specific printer model.
Use the actual choices presented in the Gift section.","Location: Top-right account menu > Share referral code
My gift lets you choose which already-assigned reward record to open when several are available. It is not a printer catalog for choosing any model. Read the gift details and contact support if you need to confirm the assigned model.","","Frontend: src/router/routes.jsx; src/components/layout/Sidebar.jsx; src/i18n.js | Frontend: src/features/systemConfigaration; src/features/pricing; src/components/layout/GiftReferralModalController.jsx | Backend: modules/platformStores; modules/subscription | Frontend: src/components/layout; src/features/auth"
"Q-756","Is the gift guaranteed immediately after my friend pays?","Top-right account menu > Share referral code","REVIEWED - MEANING RETAINED; FORMAT UPDATED","Meaning retained after section review.","Is the gift guaranteed immediately after my friend pays?","Eligibility depends on successful use of your referral code and successful payment for a qualifying plan.
The ERP may need time to confirm the transaction and prepare the gift.","Location: Top-right account menu > Share referral code
Eligibility depends on successful use of your referral code and successful payment for a qualifying plan.
The ERP may need time to confirm the transaction and prepare the gift.","","Frontend: src/router/routes.jsx; src/components/layout/Sidebar.jsx; src/i18n.js | Frontend: src/features/systemConfigaration; src/features/pricing; src/components/layout/GiftReferralModalController.jsx | Backend: modules/platformStores; modules/subscription | Frontend: src/components/layout; src/features/auth"
"Q-757","What happens if my friend's payment fails?","Top-right account menu > Share referral code","REVIEWED - MEANING RETAINED; FORMAT UPDATED","Meaning retained after section review.","What happens if my friend’s payment fails?","You will not qualify through that attempt because the eligible purchase was not completed.
Your friend should resolve the payment problem before trying again.","Location: Top-right account menu > Share referral code
You will not qualify through that attempt because the eligible purchase was not completed.
Your friend should resolve the payment problem before trying again.","","Frontend: src/router/routes.jsx; src/components/layout/Sidebar.jsx; src/i18n.js | Frontend: src/features/systemConfigaration; src/features/pricing; src/components/layout/GiftReferralModalController.jsx | Backend: modules/platformStores; modules/subscription | Frontend: src/components/layout; src/features/auth"
"Q-758","What happens if the qualifying purchase is cancelled or refunded?","Top-right account menu > Share referral code","MODIFIED ANSWER; FORMAT UPDATED","Removed speculative gift-cancellation policy.","What happens if the qualifying purchase is cancelled or refunded?","The ERP does not clearly explain this situation.
Gift eligibility may be cancelled if the plan purchase is reversed. Contact support before claiming the gift.","Location: Top-right account menu > Share referral code
Contact support with the payment reference and gift details before claiming a reward tied to a cancelled or refunded purchase. The customer pages do not provide a confirmed rule for this case. Do not assume the gift remains eligible after the qualifying payment is reversed.","","Frontend: src/router/routes.jsx; src/components/layout/Sidebar.jsx; src/i18n.js | Frontend: src/features/systemConfigaration; src/features/pricing; src/components/layout/GiftReferralModalController.jsx | Backend: modules/platformStores; modules/subscription | Frontend: src/components/layout; src/features/auth"
"Q-759","Can I receive more than one gift?","Top-right account menu > Share referral code","MODIFIED ANSWER; FORMAT UPDATED","Confirmed multiple gift records without inventing unlimited rewards.","Can I receive more than one gift?","Each eligible referral may create a separate gift opportunity, but the exact reward limits are not clearly explained.
Check the Gift section and the applicable referral terms before expecting multiple gifts.","Location: Top-right account menu > Share referral code
Separate successful eligible redemptions can create separate gifts. Open the top-right account menu > My gift to select the reward you want to view. Each code must be valid and unused, and each referred purchase must satisfy the eligibility checks.","","Frontend: src/router/routes.jsx; src/components/layout/Sidebar.jsx; src/i18n.js | Frontend: src/features/systemConfigaration; src/features/pricing; src/components/layout/GiftReferralModalController.jsx | Backend: modules/platformStores; modules/subscription | Frontend: src/components/layout; src/features/auth"
"Q-760","Can I use my own referral code for my own purchase?","Top-right account menu > Share referral code","MODIFIED ANSWER; FORMAT UPDATED","Confirmed own-company redemption rejection.","Can I use my own referral code for my own purchase?","The ERP does not clearly confirm whether self-referrals are allowed.
Do not use your own code unless the referral terms explicitly permit it.","Location: Top-right account menu > Share referral code
No. The ERP rejects a referral code owned by the same company making the purchase. Share the code with a different eligible company, and do not expect your own renewal to create a self-referral gift.","","Frontend: src/router/routes.jsx; src/components/layout/Sidebar.jsx; src/i18n.js | Frontend: src/features/systemConfigaration; src/features/pricing; src/components/layout/GiftReferralModalController.jsx | Backend: modules/platformStores; modules/subscription | Frontend: src/components/layout; src/features/auth"
"Q-761","Can an existing customer use my referral code?","Top-right account menu > Share referral code","MODIFIED ANSWER; FORMAT UPDATED","Replaced new-account-only interpretation with paid-history rules.","Can an existing customer use my referral code?","The referral message refers to a new customer using the code.
If the buyer already has an account, verify eligibility with support before purchase.","Location: Top-right account menu > Share referral code
Having a login already does not by itself decide eligibility. The purchase must be an eligible first paid purchase for the user, company, and relevant stores, and the company's authorized stores must meet the paid-plan checks. A customer who has already paid generally cannot use a code as a first-purchase referral. Check eligibility before payment.","","Frontend: src/router/routes.jsx; src/components/layout/Sidebar.jsx; src/i18n.js | Frontend: src/features/systemConfigaration; src/features/pricing; src/components/layout/GiftReferralModalController.jsx | Backend: modules/platformStores; modules/subscription | Frontend: src/components/layout; src/features/auth"
"Q-762","How can I receive my gift?","Top-right account menu > My gift","MODIFIED ANSWER; QUESTION VARIANTS ADDED; FORMAT UPDATED","Added exact address-submission sequence and owner restriction.","How can I receive my gift?","When an eligible referral purchase is confirmed, a Gift option will appear in your account.
Open the Gift section and provide the requested delivery information. After successful submission, the gift will be sent to the provided location.","Location: Top-right account menu > My gift
1. Sign in as the owner receiving the reward.
2. Open the top-right account menu > My gift.
3. Choose the gift and click Give Address when it is waiting for an address.
4. Enter Name, Phone Number, Address, Zip Code, City, and Country.
5. Click Receive Gift, review the address confirmation, and click Confirm.
6. Return to My gift later to check its status. Address submission starts the delivery process; it does not mean the parcel has already been sent.","How do I claim my printer gift?; Where do I enter the gift delivery address?","Frontend: src/router/routes.jsx; src/components/layout/Sidebar.jsx; src/i18n.js | Frontend: src/features/systemConfigaration; src/features/pricing; src/components/layout/GiftReferralModalController.jsx | Backend: modules/platformStores; modules/subscription | Frontend: src/components/layout; src/features/auth"
"Q-763","Where can I find the Gift section?","Top-right account menu > My gift","REVIEWED - MEANING RETAINED; FORMAT UPDATED","Meaning retained after section review.","Where can I find the Gift section?","Open the Profile menu in the upper-right corner and select My gift.","Location: Top-right account menu > My gift
Open the Profile menu in the upper-right corner and select My gift.","","Frontend: src/router/routes.jsx; src/components/layout/Sidebar.jsx; src/i18n.js | Frontend: src/features/systemConfigaration; src/features/pricing; src/components/layout/GiftReferralModalController.jsx | Backend: modules/platformStores; modules/subscription | Frontend: src/components/layout; src/features/auth"
"Q-764","Why can't I see the Gift option?","Top-right account menu > My gift","MODIFIED ANSWER; FORMAT UPDATED","Corrected the implication that the menu appears only after a reward.","Why can’t I see the Gift option?","Possible reasons include:
No eligible referral purchase has been completed.
The referred plan is shorter than one year.
The referral code was not applied correctly.
Payment is still processing.
The code was already used.
You are signed in to the wrong account.
Gift eligibility has not finished updating.","Location: Top-right account menu > My gift
The account menu contains My gift even when there is no available reward. Open it and check whether it says No Gift or shows an error. A missing reward can mean that payment or referral eligibility was not completed, the code was not used, or you are in the wrong company.","","Frontend: src/router/routes.jsx; src/components/layout/Sidebar.jsx; src/i18n.js | Frontend: src/features/systemConfigaration; src/features/pricing; src/components/layout/GiftReferralModalController.jsx | Backend: modules/platformStores; modules/subscription | Frontend: src/components/layout; src/features/auth"
"Q-765","What does ""No Gift"" mean?","Top-right account menu > My gift","REVIEWED - MEANING RETAINED; FORMAT UPDATED","Meaning retained after section review.","What does “No Gift” mean?","It means the account does not currently have an available referral gift.
Review the referral requirements and confirm that the eligible purchase was successful.","Location: Top-right account menu > My gift
It means the account does not currently have an available referral gift.
Review the referral requirements and confirm that the eligible purchase was successful.","","Frontend: src/router/routes.jsx; src/components/layout/Sidebar.jsx; src/i18n.js | Frontend: src/features/systemConfigaration; src/features/pricing; src/components/layout/GiftReferralModalController.jsx | Backend: modules/platformStores; modules/subscription | Frontend: src/components/layout; src/features/auth"
"Q-766","What information must I provide to receive the gift?","Top-right account menu > My gift","REVIEWED - MEANING RETAINED; FORMAT UPDATED","Meaning retained after section review.","What information must I provide to receive the gift?","The Gift section can request:
Recipient name
Phone number
Delivery address
Country
City
ZIP or postal code
Complete every required field accurately.","Location: Top-right account menu > My gift
The Gift section can request:
- Recipient name
- Phone number
- Delivery address
- Country
- City
- ZIP or postal code
Complete every required field accurately.","","Frontend: src/router/routes.jsx; src/components/layout/Sidebar.jsx; src/i18n.js | Frontend: src/features/systemConfigaration; src/features/pricing; src/components/layout/GiftReferralModalController.jsx | Backend: modules/platformStores; modules/subscription | Frontend: src/components/layout; src/features/auth"
"Q-767","Why is my phone number required?","Top-right account menu > My gift","REVIEWED - MEANING RETAINED; FORMAT UPDATED","Meaning retained after section review.","Why is my phone number required?","The delivery company may need to contact you about the shipment or address.","Location: Top-right account menu > My gift
The delivery company may need to contact you about the shipment or address.","","Frontend: src/router/routes.jsx; src/components/layout/Sidebar.jsx; src/i18n.js | Frontend: src/features/systemConfigaration; src/features/pricing; src/components/layout/GiftReferralModalController.jsx | Backend: modules/platformStores; modules/subscription | Frontend: src/components/layout; src/features/auth"
"Q-768","Why is my complete address required?","Top-right account menu > My gift","REVIEWED - MEANING RETAINED; FORMAT UPDATED","Meaning retained after section review.","Why is my complete address required?","The gift cannot be delivered correctly without a full delivery location.
Include the building, street, area, city, country, and postal code where applicable.","Location: Top-right account menu > My gift
The gift cannot be delivered correctly without a full delivery location.
Include the building, street, area, city, country, and postal code where applicable.","","Frontend: src/router/routes.jsx; src/components/layout/Sidebar.jsx; src/i18n.js | Frontend: src/features/systemConfigaration; src/features/pricing; src/components/layout/GiftReferralModalController.jsx | Backend: modules/platformStores; modules/subscription | Frontend: src/components/layout; src/features/auth"
"Q-769","Can I provide another person's delivery address?","Top-right account menu > My gift","REVIEWED - MEANING RETAINED; FORMAT UPDATED","Meaning retained after section review.","Can I provide another person’s delivery address?","Use an address where the gift can be received safely.
If you use another person’s information, make sure you have permission to provide it.","Location: Top-right account menu > My gift
Use an address where the gift can be received safely.
If you use another person's information, make sure you have permission to provide it.","","Frontend: src/router/routes.jsx; src/components/layout/Sidebar.jsx; src/i18n.js | Frontend: src/features/systemConfigaration; src/features/pricing; src/components/layout/GiftReferralModalController.jsx | Backend: modules/platformStores; modules/subscription | Frontend: src/components/layout; src/features/auth"
"Q-770","Can I change the address after submitting it?","Top-right account menu > My gift","MODIFIED ANSWER; FORMAT UPDATED","Confirmed limited address-edit window.","Can I change the address after submitting it?","The interface includes an address-viewing function, but it does not clearly confirm whether an already-submitted address can be edited.
Contact support quickly if the address is incorrect.","Location: Top-right account menu > My gift
The gift owner can update the address while the gift is still waiting for an address or at Address Submitted. Open My gift > View Address, correct the fields, then use Receive Gift and confirm the address. Once processing has moved past that stage, the ERP blocks address changes; contact support quickly if a correction is needed.","","Frontend: src/router/routes.jsx; src/components/layout/Sidebar.jsx; src/i18n.js | Frontend: src/features/systemConfigaration; src/features/pricing; src/components/layout/GiftReferralModalController.jsx | Backend: modules/platformStores; modules/subscription | Frontend: src/components/layout; src/features/auth"
"Q-771","What should I check before confirming the address?","Top-right account menu > My gift","REVIEWED - MEANING RETAINED; FORMAT UPDATED","Meaning retained after section review.","What should I check before confirming the address?","Verify:
Recipient’s full name
Phone number
Full address
Country
City
ZIP or postal code
Spelling
Delivery availability","Location: Top-right account menu > My gift
Verify:
- Recipient's full name
- Phone number
- Full address
- Country
- City
- ZIP or postal code
- Spelling
- Delivery availability","","Frontend: src/router/routes.jsx; src/components/layout/Sidebar.jsx; src/i18n.js | Frontend: src/features/systemConfigaration; src/features/pricing; src/components/layout/GiftReferralModalController.jsx | Backend: modules/platformStores; modules/subscription | Frontend: src/components/layout; src/features/auth"
"Q-772","What happens after I submit the gift address?","Top-right account menu > My gift","REVIEWED - MEANING RETAINED; FORMAT UPDATED","Meaning retained after section review.","What happens after I submit the gift address?","The ERP should record the delivery information and begin processing the gift.
You may see a status indicating that the address was submitted.","Location: Top-right account menu > My gift
The ERP should record the delivery information and begin processing the gift.
You may see a status indicating that the address was submitted.","","Frontend: src/router/routes.jsx; src/components/layout/Sidebar.jsx; src/i18n.js | Frontend: src/features/systemConfigaration; src/features/pricing; src/components/layout/GiftReferralModalController.jsx | Backend: modules/platformStores; modules/subscription | Frontend: src/components/layout; src/features/auth"
"Q-773","Can I submit the gift address later?","Top-right account menu > My gift","MODIFIED ANSWER; FORMAT UPDATED","Corrected the misplaced Use Later instruction.","Can I submit the gift address later?","The interface includes a Use Later option, suggesting that you may be able to postpone address submission.
Do not delay too long if the referral terms include a claiming period.","Location: Top-right account menu > My gift
You can close My gift and return later while the reward is waiting for its address. Use Later belongs to the referral-sharing window; it is not a separate gift-address save action. Check any claim deadline communicated for your reward.","","Frontend: src/router/routes.jsx; src/components/layout/Sidebar.jsx; src/i18n.js | Frontend: src/features/systemConfigaration; src/features/pricing; src/components/layout/GiftReferralModalController.jsx | Backend: modules/platformStores; modules/subscription | Frontend: src/components/layout; src/features/auth"
"Q-774","How can I check the gift status?","Top-right account menu > My gift","REVIEWED - MEANING RETAINED; FORMAT UPDATED","Meaning retained after section review.","How can I check the gift status?","Open My gift and review the Gift Status shown for the eligible reward.","Location: Top-right account menu > My gift
Open My gift and review the Gift Status shown for the eligible reward.","","Frontend: src/router/routes.jsx; src/components/layout/Sidebar.jsx; src/i18n.js | Frontend: src/features/systemConfigaration; src/features/pricing; src/components/layout/GiftReferralModalController.jsx | Backend: modules/platformStores; modules/subscription | Frontend: src/components/layout; src/features/auth"
"Q-775","What might the gift statuses mean?","Top-right account menu > My gift","MODIFIED ANSWER; FORMAT UPDATED","Matched status-driven customer actions.","What might the gift statuses mean?","Possible stages can include:
Gift available
Waiting for address
Address submitted
Processing
Delivered or received
Receipt confirmed
Use the exact status shown by the ERP.","Location: Top-right account menu > My gift
My gift shows the current reward status. Waiting for an address needs Give Address; Address Submitted lets the owner View Address; later processing and shipment statuses describe delivery progress. Delivered provides Confirm Received, and Received records the owner's receipt confirmation. Use the action shown for that specific gift.","","Frontend: src/router/routes.jsx; src/components/layout/Sidebar.jsx; src/i18n.js | Frontend: src/features/systemConfigaration; src/features/pricing; src/components/layout/GiftReferralModalController.jsx | Backend: modules/platformStores; modules/subscription | Frontend: src/components/layout; src/features/auth"
"Q-776","Will the ERP show a tracking number?","Top-right account menu > My gift","MODIFIED ANSWER; FORMAT UPDATED","Replaced reviewer language with practical customer guidance.","Will the ERP show a tracking number?","The reviewed gift interface does not clearly confirm a tracking-number field.
If tracking information is not shown, contact support after the gift has been dispatched.","Location: Top-right account menu > My gift
Open the top-right account menu > My gift and check the current delivery status. If no tracking information is provided there, contact support with the gift details after it is dispatched. Do not confuse a gift delivery with tracking in Manual Order.","","Frontend: src/router/routes.jsx; src/components/layout/Sidebar.jsx; src/i18n.js | Frontend: src/features/systemConfigaration; src/features/pricing; src/components/layout/GiftReferralModalController.jsx | Backend: modules/platformStores; modules/subscription | Frontend: src/components/layout; src/features/auth"
"Q-777","How long will gift delivery take?","Top-right account menu > My gift","REVIEWED - MEANING RETAINED; FORMAT UPDATED","Meaning retained after section review.","How long will gift delivery take?","The interface does not provide a guaranteed delivery period.
Delivery time may depend on gift availability, address verification, country, and courier service.","Location: Top-right account menu > My gift
The interface does not provide a guaranteed delivery period.
Delivery time may depend on gift availability, address verification, country, and courier service.","","Frontend: src/router/routes.jsx; src/components/layout/Sidebar.jsx; src/i18n.js | Frontend: src/features/systemConfigaration; src/features/pricing; src/components/layout/GiftReferralModalController.jsx | Backend: modules/platformStores; modules/subscription | Frontend: src/components/layout; src/features/auth"
"Q-778","Do I need to pay for gift delivery?","Top-right account menu > My gift","MODIFIED ANSWER; FORMAT UPDATED","Made the unknown delivery policy explicit without guessing.","Do I need to pay for gift delivery?","The reviewed interface does not clearly state whether shipping is free or whether any delivery charge applies.
Do not make a payment unless an official ERP screen clearly explains the charge.","Location: Top-right account menu > My gift
Check the official gift details or ask support whether any delivery charge applies. The gift screens do not establish a universal free-shipping promise. Do not pay a charge requested through an unverified message; confirm the amount and payment method through the official support channel first.","","Frontend: src/router/routes.jsx; src/components/layout/Sidebar.jsx; src/i18n.js | Frontend: src/features/systemConfigaration; src/features/pricing; src/components/layout/GiftReferralModalController.jsx | Backend: modules/platformStores; modules/subscription | Frontend: src/components/layout; src/features/auth"
"Q-779","What should I do when the gift arrives?","Top-right account menu > My gift","REVIEWED - MEANING RETAINED; FORMAT UPDATED","Meaning retained after section review.","What should I do when the gift arrives?","Inspect the package and confirm that:
The correct item arrived.
The package is not damaged.
All included parts are present.
Then use Confirm Received if the ERP asks you to confirm receipt.","Location: Top-right account menu > My gift
Inspect the package and confirm that:
The correct item arrived.
The package is not damaged.
All included parts are present.
Then use Confirm Received if the ERP asks you to confirm receipt.","","Frontend: src/router/routes.jsx; src/components/layout/Sidebar.jsx; src/i18n.js | Frontend: src/features/systemConfigaration; src/features/pricing; src/components/layout/GiftReferralModalController.jsx | Backend: modules/platformStores; modules/subscription | Frontend: src/components/layout; src/features/auth"
"Q-780","What does Confirm Received do?","Top-right account menu > My gift","MODIFIED ANSWER; FORMAT UPDATED; IMAGE CHECK NEEDED","Distinguished two confusing gift buttons.","What does Confirm Received do?","It tells the ERP that you received the gift.
Only confirm after the package has actually arrived.
You can see the process through the app screenshots https://printernoble.com/chatbot/uploads/1788407581_WERP_Q-780.png","Location: Top-right account menu > My gift
In account menu > My gift, Confirm Received records that the owner has received a gift marked Delivered. Use it only after the parcel actually arrives and you have checked it. This is different from Receive Gift on the address form, which submits delivery details.","","Frontend: src/router/routes.jsx; src/components/layout/Sidebar.jsx; src/i18n.js | Frontend: src/features/systemConfigaration; src/features/pricing; src/components/layout/GiftReferralModalController.jsx | Backend: modules/platformStores; modules/subscription | Frontend: src/components/layout; src/features/auth"
"Q-781","What if I press Confirm Received before delivery?","Top-right account menu > My gift","REVIEWED - MEANING RETAINED; FORMAT UPDATED","Meaning retained after section review.","What if I press Confirm Received before delivery?","The ERP may record the gift as received even though it has not arrived.
Contact support immediately if you confirm by mistake.","Location: Top-right account menu > My gift
The ERP may record the gift as received even though it has not arrived.
Contact support immediately if you confirm by mistake.","","Frontend: src/router/routes.jsx; src/components/layout/Sidebar.jsx; src/i18n.js | Frontend: src/features/systemConfigaration; src/features/pricing; src/components/layout/GiftReferralModalController.jsx | Backend: modules/platformStores; modules/subscription | Frontend: src/components/layout; src/features/auth"
"Q-782","What should I do if the gift arrives damaged?","Top-right account menu > My gift","REVIEWED - MEANING RETAINED; FORMAT UPDATED","Meaning retained after section review.","What should I do if the gift arrives damaged?","Take clear photos of:
Outer package
Shipping label
Damaged area
Gift
Included accessories
Contact support before confirming receipt.","Location: Top-right account menu > My gift
Take clear photos of:
- Outer package
- Shipping label
- Damaged area
- Gift
- Included accessories
Contact support before confirming receipt.","","Frontend: src/router/routes.jsx; src/components/layout/Sidebar.jsx; src/i18n.js | Frontend: src/features/systemConfigaration; src/features/pricing; src/components/layout/GiftReferralModalController.jsx | Backend: modules/platformStores; modules/subscription | Frontend: src/components/layout; src/features/auth"
"Q-783","What should I do if the wrong gift arrives?","Top-right account menu > My gift","REVIEWED - MEANING RETAINED; FORMAT UPDATED","Meaning retained after section review.","What should I do if the wrong gift arrives?","Do not discard the packaging.
Contact support with the gift information and clear photos before confirming receipt.","Location: Top-right account menu > My gift
Do not discard the packaging.
Contact support with the gift information and clear photos before confirming receipt.","","Frontend: src/router/routes.jsx; src/components/layout/Sidebar.jsx; src/i18n.js | Frontend: src/features/systemConfigaration; src/features/pricing; src/components/layout/GiftReferralModalController.jsx | Backend: modules/platformStores; modules/subscription | Frontend: src/components/layout; src/features/auth"
"Q-784","What should I do if the gift never arrives?","Top-right account menu > My gift","REVIEWED - MEANING RETAINED; FORMAT UPDATED","Meaning retained after section review.","What should I do if the gift never arrives?","Check the Gift section for its current status.
If it has been processing for an unusually long time, contact support with:
Referral information
Purchase confirmation
Gift status
Submitted delivery information
Do not include passwords or payment-card details.","Location: Top-right account menu > My gift
Check the Gift section for its current status.
If it has been processing for an unusually long time, contact support with:
- Referral information
- Purchase confirmation
- Gift status
- Submitted delivery information
Do not include passwords or payment-card details.","","Frontend: src/router/routes.jsx; src/components/layout/Sidebar.jsx; src/i18n.js | Frontend: src/features/systemConfigaration; src/features/pricing; src/components/layout/GiftReferralModalController.jsx | Backend: modules/platformStores; modules/subscription | Frontend: src/components/layout; src/features/auth"
"Q-785","How can the referral program help my business?","Top-right account menu > Share referral code; My gift","REVIEWED - MEANING RETAINED; FORMAT UPDATED","Meaning retained after section review.","How can the referral program help my business?","It can encourage existing customers to introduce new customers to the ERP.
The reward gives eligible users a reason to share their experience.","Location: Top-right account menu > Share referral code; My gift
It can encourage existing customers to introduce new customers to the ERP.
The reward gives eligible users a reason to share their experience.","","Frontend: src/router/routes.jsx; src/components/layout/Sidebar.jsx; src/i18n.js | Frontend: src/features/systemConfigaration; src/features/pricing; src/components/layout/GiftReferralModalController.jsx | Backend: modules/platformStores; modules/subscription | Frontend: src/components/layout; src/features/auth"
"Q-786","Can the referral program guarantee new customers?","Top-right account menu > Share referral code; My gift","REVIEWED - MEANING RETAINED; FORMAT UPDATED","Meaning retained after section review.","Can the referral program guarantee new customers?","No. It can encourage referrals, but it cannot guarantee purchases or business growth.","Location: Top-right account menu > Share referral code; My gift
No. It can encourage referrals, but it cannot guarantee purchases or business growth.","","Frontend: src/router/routes.jsx; src/components/layout/Sidebar.jsx; src/i18n.js | Frontend: src/features/systemConfigaration; src/features/pricing; src/components/layout/GiftReferralModalController.jsx | Backend: modules/platformStores; modules/subscription | Frontend: src/components/layout; src/features/auth"
"Q-787","How should I explain the program to a customer?","Top-right account menu > Share referral code; My gift","MODIFIED ANSWER; FORMAT UPDATED","Corrected durations, navigation, and eligibility in the overview answer.","How should I explain the program to a customer?","Keep it simple:
Purchase a plan and receive a referral code.
Share the unused code with a new customer.
The new customer applies it to an eligible one-year or longer plan.
After successful payment, the referrer becomes eligible for a gift.
The referrer submits delivery information through My gift.","Location: Top-right account menu > Share referral code; My gift
After a confirmed plan purchase, copy an unused code from account menu > Share referral code. Share it with another company making an eligible first paid purchase of a one-year or two-year plan. When that purchase successfully redeems the code, the code owner can receive an assigned gift and submit delivery details through My gift.","","Frontend: src/router/routes.jsx; src/components/layout/Sidebar.jsx; src/i18n.js | Frontend: src/features/systemConfigaration; src/features/pricing; src/components/layout/GiftReferralModalController.jsx | Backend: modules/platformStores; modules/subscription | Frontend: src/components/layout; src/features/auth"
"Q-788","What should support staff verify when a gift is missing?","Top-right account menu > Share referral code; My gift","REVIEWED - MEANING RETAINED; FORMAT UPDATED","Meaning retained after section review.","What should support staff verify when a gift is missing?","Check:
Referral code was valid.
Code was applied before payment.
Buyer was eligible.
Plan duration qualified.
Payment succeeded.
Purchase was not refunded.
Gift eligibility updated.
User is checking the correct account.","Location: Top-right account menu > Share referral code; My gift
Check:
Referral code was valid.
Code was applied before payment.
Buyer was eligible.
Plan duration qualified.
Payment succeeded.
Purchase was not refunded.
Gift eligibility updated.
User is checking the correct account.","","Frontend: src/router/routes.jsx; src/components/layout/Sidebar.jsx; src/i18n.js | Frontend: src/features/systemConfigaration; src/features/pricing; src/components/layout/GiftReferralModalController.jsx | Backend: modules/platformStores; modules/subscription | Frontend: src/components/layout; src/features/auth"
"Q-789","What should support staff never request?","Top-right account menu > Share referral code; My gift","REVIEWED - MEANING RETAINED; FORMAT UPDATED","Meaning retained after section review.","What should support staff never request?","Support should never request:
ERP password
Marketplace password
OTP
Full payment-card number
Card security code
Unrelated personal documents","Location: Top-right account menu > Share referral code; My gift
Support should never request:
- ERP password
- Marketplace password
- OTP
- Full payment-card number
- Card security code
- Unrelated personal documents","","Frontend: src/router/routes.jsx; src/components/layout/Sidebar.jsx; src/i18n.js | Frontend: src/features/systemConfigaration; src/features/pricing; src/components/layout/GiftReferralModalController.jsx | Backend: modules/platformStores; modules/subscription | Frontend: src/components/layout; src/features/auth"
"Q-790","What proof might be useful when contacting support?","Top-right account menu > Share referral code; My gift","REVIEWED - MEANING RETAINED; FORMAT UPDATED","Meaning retained after section review.","What proof might be useful when contacting support?","Useful information can include:
Referral code
Purchase date
Plan duration
Payment-confirmation reference
Gift-status screenshot
Sensitive payment information should be hidden.","Location: Top-right account menu > Share referral code; My gift
Useful information can include:
- Referral code
- Purchase date
- Plan duration
- Payment-confirmation reference
- Gift-status screenshot
Sensitive payment information should be hidden.","","Frontend: src/router/routes.jsx; src/components/layout/Sidebar.jsx; src/i18n.js | Frontend: src/features/systemConfigaration; src/features/pricing; src/components/layout/GiftReferralModalController.jsx | Backend: modules/platformStores; modules/subscription | Frontend: src/components/layout; src/features/auth"
"Q-791","What is Warehouse ERP used for?","Warehouse ERP; Help Center; Contact","REVIEWED - MEANING RETAINED; FORMAT UPDATED","Meaning retained after section review.","What is Warehouse ERP used for?","Warehouse ERP helps a business manage marketplace stores, products, Merchant SKUs, inventory, warehouses, orders, manual orders, staff access, subscriptions, referrals, and gifts from one system.","Location: Warehouse ERP; Help Center; Contact
Warehouse ERP helps a business manage marketplace stores, products, Merchant SKUs, inventory, warehouses, orders, manual orders, staff access, subscriptions, referrals, and gifts from one system.","","Frontend: src/router/routes.jsx; src/components/layout/Sidebar.jsx; src/i18n.js | Frontend: src/features/helpCenter/HelpCenterPage.jsx | Frontend: src/features/contact/ContactPage.jsx"
"Q-792","What should I set up first in Warehouse ERP?","Warehouse ERP; Help Center; Contact","MODIFIED ANSWER; FORMAT UPDATED","Expanded onboarding into an ordered sequence with exact paths.","What should I set up first in Warehouse ERP?","First connect your store, create or confirm warehouses, sync or add products, create Merchant SKUs, map product SKUs to Merchant SKUs, then receive stock before processing orders.","Location: Warehouse ERP; Help Center; Contact
1. Create or confirm the location in Warehouse Management.
2. Connect your marketplace store in System Configuration > Store Authorization.
3. Confirm the required trial or paid-plan access.
4. Open Inventory Management > SKU Mapping > By Product and Sync Product.
5. Create or generate Merchant SKUs and check each variation's mapping and warehouse.
6. Record actual stock through Manual inbound or Inbound receiving.
7. Set staff access under System Configuration > Account Management.
8. Check stock and a small approved order workflow before processing the rest.","","Frontend: src/router/routes.jsx; src/components/layout/Sidebar.jsx; src/i18n.js | Frontend: src/features/helpCenter/HelpCenterPage.jsx | Frontend: src/features/contact/ContactPage.jsx"
"Q-793","Can I use the ERP before connecting a store?","Warehouse ERP; Help Center; Contact","MODIFIED ANSWER; FORMAT UPDATED","Documented the company plan gate instead of promising unrestricted manual use.","Can I use the ERP before connecting a store?","Yes, some manual setup pages can still be used, but marketplace products, order synchronization, store plans, and automatic order workflows need a connected store.","Location: Warehouse ERP; Help Center; Contact
You can sign in and use available setup and viewing pages, but marketplace synchronization needs an authorized store. Manual Order, Platform Manual Order, Return Order, and some saving actions also require the company to have at least one store with active paid-plan or trial days. Follow Purchase Plan Required if it appears.","","Frontend: src/router/routes.jsx; src/components/layout/Sidebar.jsx; src/i18n.js | Frontend: src/features/helpCenter/HelpCenterPage.jsx | Frontend: src/features/contact/ContactPage.jsx"
"Q-794","Why can I not see some menus?","System Configuration > Account Management","MODIFIED ANSWER; FORMAT UPDATED","Added exact permission-check locations.","Why can I not see some menus?","Your account may not have permission for those pages. Ask the owner or administrator to check your Sub Account role and permissions.","Location: System Configuration > Account Management
Ask the owner to check your role under System Configuration > Account Management > Role Management and your assignments under Sub Account. The role controls pages, while Store Permissions and Warehouse Permissions control the records you can use. Sign in again after access is updated.","","Frontend: src/router/routes.jsx; src/components/layout/Sidebar.jsx; src/i18n.js | Frontend: src/features/systemConfigaration | Backend: modules/auth; modules/roles; modules/users/users.routes.js | Frontend: src/components/layout; src/features/auth"
"Q-795","Why does my sub account show fewer pages than the owner account?","System Configuration > Account Management","REVIEWED - MEANING RETAINED; FORMAT UPDATED","Meaning retained after section review.","Why does my sub account show fewer pages than the owner account?","Sub Accounts only see the pages allowed by their assigned role. The owner account has wider access for company setup, subscription, role, and user management.","Location: System Configuration > Account Management
Sub Accounts only see the pages allowed by their assigned role. The owner account has wider access for company setup, subscription, role, and user management.","","Frontend: src/router/routes.jsx; src/components/layout/Sidebar.jsx; src/i18n.js | Frontend: src/features/systemConfigaration | Backend: modules/auth; modules/roles; modules/users/users.routes.js | Frontend: src/components/layout; src/features/auth"
"Q-796","Can the AI assistant change my ERP data?","Floating AI assistant","REVIEWED - MEANING RETAINED; FORMAT UPDATED","Meaning retained after section review.","Can the AI assistant change my ERP data?","No. The AI assistant can explain how to use the ERP, but it does not create orders, edit inventory, delete records, authorize stores, or make payments for you.","Location: Floating AI assistant
No. The AI assistant can explain how to use the ERP, but it does not create orders, edit inventory, delete records, authorize stores, or make payments for you.","","Frontend: src/router/routes.jsx; src/components/layout/Sidebar.jsx; src/i18n.js | Frontend: src/components/shared/FloatingAiChatbot.jsx | Chatbot: routes/WarehouseERPRoutes.js; utils/faqEmbeddingHelper.js"
"Q-797","What should I do if the AI answer does not match my screen?","Floating AI assistant","REVIEWED - MEANING RETAINED; FORMAT UPDATED","Meaning retained after section review.","What should I do if the AI answer does not match my screen?","Check whether you are using the correct account, role, store, warehouse, platform, and language. If the screen still looks different, contact support and share a screenshot without passwords.","Location: Floating AI assistant
Check whether you are using the correct account, role, store, warehouse, platform, and language. If the screen still looks different, contact support and share a screenshot without passwords.","","Frontend: src/router/routes.jsx; src/components/layout/Sidebar.jsx; src/i18n.js | Frontend: src/components/shared/FloatingAiChatbot.jsx | Chatbot: routes/WarehouseERPRoutes.js; utils/faqEmbeddingHelper.js"
"Q-798","What information should I never share in the AI chat or support chat?","Floating AI assistant; Contact","REVIEWED - MEANING RETAINED; FORMAT UPDATED","Meaning retained after section review.","What information should I never share in the AI chat or support chat?","Never share passwords, OTP codes, full card numbers, card security codes, marketplace login passwords, private tokens, or unrelated personal documents.","Location: Floating AI assistant; Contact
Never share passwords, OTP codes, full card numbers, card security codes, marketplace login passwords, private tokens, or unrelated personal documents.","","Frontend: src/router/routes.jsx; src/components/layout/Sidebar.jsx; src/i18n.js | Frontend: src/features/contact/ContactPage.jsx | Frontend: src/components/shared/FloatingAiChatbot.jsx | Chatbot: routes/WarehouseERPRoutes.js; utils/faqEmbeddingHelper.js"
"Q-799","How do I contact support from Warehouse ERP?","Contact","MODIFIED ANSWER; QUESTION VARIANTS ADDED; FORMAT UPDATED; IMAGE CHECK NEEDED","Used current on-screen contact links and added the actual form failure fallback.","How do I contact support from Warehouse ERP?","Open Contact from the sidebar. You can send a message from the form, email service@printernoble.com, or use WhatsApp at +65 8012 6475.
You can see the process through the app screenshots https://printernoble.com/chatbot/uploads/1788779059_b4a0f57ed1f63e16e69585a085b6aae6.png","Location: Contact
Open Contact from the sidebar. Use the Send Message form, the Support Email link, or the WhatsApp button shown under Support Channels. If the form reports that email is not configured or the message fails, use one of the displayed direct contact links.","How can I contact customer support?; Where can I report an ERP problem?","Frontend: src/router/routes.jsx; src/components/layout/Sidebar.jsx; src/i18n.js | Frontend: src/features/contact/ContactPage.jsx"
"Q-800","What details should I include when contacting support?","Contact","REVIEWED - MEANING RETAINED; FORMAT UPDATED","Meaning retained after section review.","What details should I include when contacting support?","Include your account email, store name, platform, order number or SKU if relevant, the page name, the problem you see, and a screenshot. Do not send passwords or payment-card details.","Location: Contact
Include your account email, store name, platform, order number or SKU if relevant, the page name, the problem you see, and a screenshot. Do not send passwords or payment-card details.","","Frontend: src/router/routes.jsx; src/components/layout/Sidebar.jsx; src/i18n.js | Frontend: src/features/contact/ContactPage.jsx"
"Q-801","I cannot log in. What should I check first?","Log In","MODIFIED ANSWER; FORMAT UPDATED; IMAGE CHECK NEEDED; IMAGE LINE CLEANUP","Added the actual login fields and staff-account context.","I cannot log in. What should I check first?","Confirm the email and password, check for extra spaces, make sure you are on the Warehouse ERP login page, and try again after a short wait if there were many failed attempts.

You can see the process through the app screenshots https://printernoble.com/chatbot/uploads/1788779147_5c864af3-24c6-43a5-abde-81c19bb1e771.png","Location: Log In
Open the Warehouse ERP Log In page and enter your registered Email and Password. Check for typing errors or extra spaces, and use the eye icon to inspect what you entered. If you do not remember the password, choose Forgot password?. A staff login must match the account linked as a Sub Account by the owner.","","Frontend: src/router/routes.jsx; src/components/layout/Sidebar.jsx; src/i18n.js | Frontend: src/components/layout; src/features/auth"
"Q-802","What should I do if I forgot my password?","Log In > Forgot password?","MODIFIED ANSWER; QUESTION VARIANTS ADDED; FORMAT UPDATED","Specified the actual reset-code flow rather than an implied reset link.","What should I do if I forgot my password?","Use Forgot Password on the login page and follow the reset steps sent to your email. If the email does not arrive, check spam or contact support.","Location: Log In > Forgot password?
1. On Log In, click Forgot password?.
2. Enter your Email Address and click Send Code.
3. Check your inbox and spam folder for the six-character code.
4. On Reset Password, enter Verification Code, New Password, and Confirm New Password.
5. Submit the reset, then return to Log In with the new password. If the code is invalid or expired, request a new one.","How do I reset my password?; I forgot my login password, what should I do?","Frontend: src/router/routes.jsx; src/components/layout/Sidebar.jsx; src/i18n.js | Frontend: src/components/layout; src/features/auth"
"Q-803","Why am I sent back to the login page?","Log In","MODIFIED ANSWER; FORMAT UPDATED","Removed implementation jargon and unverified cross-tab cause.","Why am I sent back to the login page?","Your session may have expired, your token may be invalid, or you may have logged out in another tab. Sign in again with the correct account.","Location: Log In
Your sign-in session may have expired or no longer be valid. Sign in again with the correct account and reopen the page. If it happens repeatedly, contact support with the page name and time; do not keep resubmitting an order or payment while the session is uncertain.","","Frontend: src/router/routes.jsx; src/components/layout/Sidebar.jsx; src/i18n.js | Frontend: src/components/layout; src/features/auth"
"Q-804","What is email verification?","Sign Up > Verify Your Email","MODIFIED ANSWER; FORMAT UPDATED","Added exact verification controls.","What is email verification?","Email verification confirms that the email belongs to you. If the ERP asks for a verification code, enter the code sent to your email before continuing.","Location: Sign Up > Verify Your Email
Email verification confirms access to the email address used for registration. On Verify Your Email, enter the six-character code sent to that address and click Verify & Continue. After successful verification, return to Log In. Check spam and the email spelling if the code has not arrived.","","Frontend: src/router/routes.jsx; src/components/layout/Sidebar.jsx; src/i18n.js | Frontend: src/components/layout; src/features/auth"
"Q-805","Can two staff members use the same login?","System Configuration > Account Management > Sub Account","REVIEWED - MEANING RETAINED; FORMAT UPDATED","Meaning retained after section review.","Can two staff members use the same login?","It is better to create separate Sub Accounts. Separate accounts make permissions safer and help the business know who performed each action.","Location: System Configuration > Account Management > Sub Account
It is better to create separate Sub Accounts. Separate accounts make permissions safer and help the business know who performed each action.","","Frontend: src/router/routes.jsx; src/components/layout/Sidebar.jsx; src/i18n.js | Frontend: src/features/systemConfigaration | Backend: modules/auth; modules/roles; modules/users/users.routes.js | Frontend: src/components/layout; src/features/auth"
"Q-806","What is the difference between owner account and Sub Account?","System Configuration > Account Management","REVIEWED - MEANING RETAINED; FORMAT UPDATED","Meaning retained after section review.","What is the difference between owner account and Sub Account?","The owner account controls the company setup. A Sub Account is for staff and can be limited by role, store access, and warehouse access.","Location: System Configuration > Account Management
The owner account controls the company setup. A Sub Account is for staff and can be limited by role, store access, and warehouse access.","","Frontend: src/router/routes.jsx; src/components/layout/Sidebar.jsx; src/i18n.js | Frontend: src/features/systemConfigaration | Backend: modules/auth; modules/roles; modules/users/users.routes.js | Frontend: src/components/layout; src/features/auth"
"Q-807","Why is a button disabled for me?","Warehouse ERP; Help Center; Contact","REVIEWED - MEANING RETAINED; FORMAT UPDATED","Meaning retained after section review.","Why is a button disabled for me?","A button can be disabled if required information is missing, no row is selected, the action is not allowed for your role, the store plan is inactive, or the page is still loading.","Location: Warehouse ERP; Help Center; Contact
A button can be disabled if required information is missing, no row is selected, the action is not allowed for your role, the store plan is inactive, or the page is still loading.","","Frontend: src/router/routes.jsx; src/components/layout/Sidebar.jsx; src/i18n.js | Frontend: src/features/helpCenter/HelpCenterPage.jsx | Frontend: src/features/contact/ContactPage.jsx"
"Q-808","What should I do before deleting anything?","Warehouse ERP; Help Center; Contact","REVIEWED - MEANING RETAINED; FORMAT UPDATED","Meaning retained after section review.","What should I do before deleting anything?","Check whether the item is connected to products, stock, orders, warehouses, roles, or users. Delete only when you are sure the record is no longer needed.","Location: Warehouse ERP; Help Center; Contact
Check whether the item is connected to products, stock, orders, warehouses, roles, or users. Delete only when you are sure the record is no longer needed.","","Frontend: src/router/routes.jsx; src/components/layout/Sidebar.jsx; src/i18n.js | Frontend: src/features/helpCenter/HelpCenterPage.jsx | Frontend: src/features/contact/ContactPage.jsx"
"Q-809","What should I do if a page keeps loading?","Warehouse ERP; Help Center; Contact","REVIEWED - MEANING RETAINED; FORMAT UPDATED","Meaning retained after section review.","What should I do if a page keeps loading?","Refresh the page, check your internet connection, confirm the store or warehouse filter, and try again. If it still loads, contact support with the page name and time of the issue.","Location: Warehouse ERP; Help Center; Contact
Refresh the page, check your internet connection, confirm the store or warehouse filter, and try again. If it still loads, contact support with the page name and time of the issue.","","Frontend: src/router/routes.jsx; src/components/layout/Sidebar.jsx; src/i18n.js | Frontend: src/features/helpCenter/HelpCenterPage.jsx | Frontend: src/features/contact/ContactPage.jsx"
"Q-810","Why does an action fail even when I filled the form?","Warehouse ERP; Help Center; Contact","REVIEWED - MEANING RETAINED; FORMAT UPDATED","Meaning retained after section review.","Why does an action fail even when I filled the form?","Some fields may still be invalid, the selected store or warehouse may not be available, inventory may be insufficient, or a marketplace/courier service may be temporarily unavailable.","Location: Warehouse ERP; Help Center; Contact
Some fields may still be invalid, the selected store or warehouse may not be available, inventory may be insufficient, or a marketplace/courier service may be temporarily unavailable.","","Frontend: src/router/routes.jsx; src/components/layout/Sidebar.jsx; src/i18n.js | Frontend: src/features/helpCenter/HelpCenterPage.jsx | Frontend: src/features/contact/ContactPage.jsx"
"Q-811","What does Export do?","Warehouse ERP; Help Center; Contact","MODIFIED ANSWER; FORMAT UPDATED","Improved generic export answer with selection and scope.","What does Export do?","Export downloads records for review outside the ERP. Before using the file for reports, confirm whether it includes selected rows, filtered rows, or all rows.","Location: Warehouse ERP; Help Center; Contact
On a list with Export, select the records you need, then open Export and choose the offered file type, usually CSV or Excel. Check the selection count and resulting file. Export is a list download; it is not a full backup of every company record.","","Frontend: src/router/routes.jsx; src/components/layout/Sidebar.jsx; src/i18n.js | Frontend: src/features/helpCenter/HelpCenterPage.jsx | Frontend: src/features/contact/ContactPage.jsx"
"Q-812","What does Print do?","Warehouse ERP; Help Center; Contact","MODIFIED ANSWER; FORMAT UPDATED","Distinguished record output from shipping labels.","What does Print do?","Print prepares the selected or visible records for printing. Check the preview before printing labels, lists, or waybills.","Location: Warehouse ERP; Help Center; Contact
Select the records and click Print where the list provides it, then review the print window and choose a printer. For marketplace shipping labels, use Push or Print AWB Again on the eligible order instead. A list printout is not a courier waybill.","","Frontend: src/router/routes.jsx; src/components/layout/Sidebar.jsx; src/i18n.js | Frontend: src/features/helpCenter/HelpCenterPage.jsx | Frontend: src/features/contact/ContactPage.jsx"
"Q-813","Why are there no records in a table?","Warehouse ERP; Help Center; Contact","REVIEWED - MEANING RETAINED; FORMAT UPDATED","Meaning retained after section review.","Why are there no records in a table?","There may be no data yet, filters may hide the records, the selected store or warehouse may be wrong, or synchronization may not have finished.","Location: Warehouse ERP; Help Center; Contact
There may be no data yet, filters may hide the records, the selected store or warehouse may be wrong, or synchronization may not have finished.","","Frontend: src/router/routes.jsx; src/components/layout/Sidebar.jsx; src/i18n.js | Frontend: src/features/helpCenter/HelpCenterPage.jsx | Frontend: src/features/contact/ContactPage.jsx"
"Q-814","What should I check before relying on inventory numbers?","Inventory Management > Inventory List","REVIEWED - MEANING RETAINED; FORMAT UPDATED","Meaning retained after section review.","What should I check before relying on inventory numbers?","Confirm the correct warehouse, Merchant SKU, SKU mapping, received stock, locked quantity, outbound movement, and latest synchronization status.","Location: Inventory Management > Inventory List
Confirm the correct warehouse, Merchant SKU, SKU mapping, received stock, locked quantity, outbound movement, and latest synchronization status.","","Frontend: src/router/routes.jsx; src/components/layout/Sidebar.jsx; src/i18n.js | Frontend: src/features/inventoryManagement | Backend: modules/inventory; modules/inbound; modules/outbound"
"Q-815","What is EasyParcel in Manual Order?","Order Management > Manual Order","REVIEWED - MEANING RETAINED; FORMAT UPDATED","Meaning retained after section review.","What is EasyParcel in Manual Order?","EasyParcel is a connected shipment-booking option for manual orders. It can help create courier bookings, AWB or tracking numbers, and waybill PDFs when the required shipping information is valid.","Location: Order Management > Manual Order
EasyParcel is a connected shipment-booking option for manual orders. It can help create courier bookings, AWB or tracking numbers, and waybill PDFs when the required shipping information is valid.","","Frontend: src/router/routes.jsx; src/components/layout/Sidebar.jsx; src/i18n.js | Frontend: src/features/orderManagement/manualOrder; src/features/orderManagement/platformManualOrder | Backend: modules/manualOrders; modules/platformManualOrders"
"Q-816","Which countries are supported for Manual Order shipment booking?","Order Management > Manual Order","REVIEWED - MEANING RETAINED; FORMAT UPDATED","Meaning retained after section review.","Which countries are supported for Manual Order shipment booking?","The manual shipment form shows support for Malaysia, Singapore, Thailand, Indonesia, Philippines, and Vietnam. Actual courier availability still depends on the sender address, receiver address, parcel size, parcel weight, and service configuration.","Location: Order Management > Manual Order
The manual shipment form shows support for Malaysia, Singapore, Thailand, Indonesia, Philippines, and Vietnam. Actual courier availability still depends on the sender address, receiver address, parcel size, parcel weight, and service configuration.","","Frontend: src/router/routes.jsx; src/components/layout/Sidebar.jsx; src/i18n.js | Frontend: src/features/orderManagement/manualOrder; src/features/orderManagement/platformManualOrder | Backend: modules/manualOrders; modules/platformManualOrders"
"Q-817","Does EasyParcel manual booking support international shipping?","Order Management > Manual Order","REVIEWED - MEANING RETAINED; FORMAT UPDATED","Meaning retained after section review.","Does EasyParcel manual booking support international shipping?","No. The current Manual Order EasyParcel flow is for domestic shipments. The sender country and receiver country must be the same.","Location: Order Management > Manual Order
No. The current Manual Order EasyParcel flow is for domestic shipments. The sender country and receiver country must be the same.","","Frontend: src/router/routes.jsx; src/components/layout/Sidebar.jsx; src/i18n.js | Frontend: src/features/orderManagement/manualOrder; src/features/orderManagement/platformManualOrder | Backend: modules/manualOrders; modules/platformManualOrders"
"Q-818","Why can I not book EasyParcel when sender and receiver countries are different?","Order Management > Manual Order","REVIEWED - MEANING RETAINED; FORMAT UPDATED","Meaning retained after section review.","Why can I not book EasyParcel when sender and receiver countries are different?","EasyParcel manual booking in this ERP supports domestic shipment only. Use a supported same-country sender and receiver, or arrange delivery manually outside the ERP.","Location: Order Management > Manual Order
EasyParcel manual booking in this ERP supports domestic shipment only. Use a supported same-country sender and receiver, or arrange delivery manually outside the ERP.","","Frontend: src/router/routes.jsx; src/components/layout/Sidebar.jsx; src/i18n.js | Frontend: src/features/orderManagement/manualOrder; src/features/orderManagement/platformManualOrder | Backend: modules/manualOrders; modules/platformManualOrders"
"Q-819","How do I create a Manual Order without booking a courier?","Order Management > Manual Order","MODIFIED ANSWER; EDITED QUESTION; QUESTION VARIANTS ADDED; FORMAT UPDATED; IMAGE NEEDED","Replaced a nonexistent Save Only button and corrected inventory effects.","What does Save Only mean in Manual Order?","Save Only creates the manual order in the ERP without booking a courier immediately. Use it when you want to review the order first or arrange delivery later.","Location: Order Management > Manual Order
The current button is Create Without Courier. On Order Management > Manual Order > Add Manual Order, complete the required fields and click Create Without Courier. Review the confirmation and click Confirm Create Without Courier. It creates a self-arranged delivery order without a courier charge, but it deducts the selected stock and can update mapped platform stock. It is not a stock-neutral draft save.","How can I create an order without EasyParcel?; Where is Create Without Courier?; Is Save Only a draft?","Frontend: src/router/routes.jsx; src/components/layout/Sidebar.jsx; src/i18n.js | Frontend: src/features/orderManagement/manualOrder; src/features/orderManagement/platformManualOrder | Backend: modules/manualOrders; modules/platformManualOrders"
"Q-820","How do I submit a Manual Order to EasyParcel?","Order Management > Manual Order","MODIFIED ANSWER; EDITED QUESTION; QUESTION VARIANTS ADDED; FORMAT UPDATED; IMAGE NEEDED","Replaced an outdated button name with the current courier-booking flow.","What does Save and Submit EasyParcel mean?","It saves the manual order and sends the shipment booking request to EasyParcel at the same time. Use it only after checking sender, receiver, parcel, product, payment, and courier information.","Location: Order Management > Manual Order
On Order Management > Manual Order > Add Manual Order, complete the sender, receiver, product, and package details. Click Check Rates, choose a service, and confirm that Shipping Wallet has enough balance. Click Submit Order, review Confirm courier booking?, and click Confirm Submit Order. This creates the order and submits the courier booking, with the stock and wallet effects shown in the confirmation.","How do I book a courier for a Manual Order?; Where is Submit Order?","Frontend: src/router/routes.jsx; src/components/layout/Sidebar.jsx; src/i18n.js | Frontend: src/features/orderManagement/manualOrder; src/features/orderManagement/platformManualOrder | Backend: modules/manualOrders; modules/platformManualOrders"
"Q-821","What does Booking Pending mean for EasyParcel?","Order Management > Manual Order","MODIFIED ANSWER; FORMAT UPDATED","Corrected a recommendation to use a button hidden for this status.","What does Booking Pending mean for EasyParcel?","Booking Pending means the ERP has started the courier booking request, but the final result is not ready yet. Wait briefly, then refresh the status if needed.","Location: Order Management > Manual Order
Booking Pending means the courier result is not final or needs review. Wait and reload the Manual Order list, then open Actions > Details to check Booking Status and any message. Refresh is not offered for Booking Pending in the current row menu. Do not create another shipment while the existing booking result is uncertain.","","Frontend: src/router/routes.jsx; src/components/layout/Sidebar.jsx; src/i18n.js | Frontend: src/features/orderManagement/manualOrder; src/features/orderManagement/platformManualOrder | Backend: modules/manualOrders; modules/platformManualOrders"
"Q-822","What does Booking Failed mean for EasyParcel?","Order Management > Manual Order","REVIEWED - MEANING RETAINED; FORMAT UPDATED","Meaning retained after section review.","What does Booking Failed mean for EasyParcel?","Booking Failed means the courier booking was not accepted. Check the address, phone number, postal code, parcel weight, parcel size, selected courier service, and payment information.","Location: Order Management > Manual Order
Booking Failed means the courier booking was not accepted. Check the address, phone number, postal code, parcel weight, parcel size, selected courier service, and payment information.","","Frontend: src/router/routes.jsx; src/components/layout/Sidebar.jsx; src/i18n.js | Frontend: src/features/orderManagement/manualOrder; src/features/orderManagement/platformManualOrder | Backend: modules/manualOrders; modules/platformManualOrders"
"Q-823","What is an AWB?","Order Management > Manual Order","REVIEWED - MEANING RETAINED; FORMAT UPDATED","Meaning retained after section review.","What is an AWB?","AWB means Air Waybill or shipment waybill number. In the ERP, it is used as the courier tracking or shipment reference for a booked parcel.","Location: Order Management > Manual Order
AWB means Air Waybill or shipment waybill number. In the ERP, it is used as the courier tracking or shipment reference for a booked parcel.","","Frontend: src/router/routes.jsx; src/components/layout/Sidebar.jsx; src/i18n.js | Frontend: src/features/orderManagement/manualOrder; src/features/orderManagement/platformManualOrder | Backend: modules/manualOrders; modules/platformManualOrders"
"Q-824","Where are PWB again and Open Waybill in Manual Order?","Order Management > Manual Order","MODIFIED ANSWER; EDITED QUESTION; FORMAT UPDATED; IMAGE CHECK NEEDED; IMAGE LINE CLEANUP","Distinguished PWB again from Open Waybill and gave exact visibility conditions.","What does PWB again or Open Waybill do For Manual order?","PWB again reopens or regenerates the saved waybill PDF for an EasyParcel manual order. It should not create a duplicate shipment when a valid waybill already exists.
You can see the process through the app screenshots https://printernoble.com/chatbot/uploads/1788779196_3fc4c443-5112-47a3-86ec-3071014d6330.png","Location: Order Management > Manual Order
On Order Management > Manual Order, open the row's three-dot Action menu. PWB again is offered for Schedule In Arrangement, To Be Collected, and Drop Off. It requests the available waybill for that order. Details > Open Waybill opens an available saved label. Check the existing booking before retrying when no PDF appears.","","Frontend: src/router/routes.jsx; src/components/layout/Sidebar.jsx; src/i18n.js | Frontend: src/features/orderManagement/manualOrder; src/features/orderManagement/platformManualOrder | Backend: modules/manualOrders; modules/platformManualOrders"
"Q-825","Why does PWB again not show a waybill?","Order Management > Manual Order","REVIEWED - MEANING RETAINED; FORMAT UPDATED","Meaning retained after section review.","Why does PWB again not show a waybill?","The order may not have a successful EasyParcel booking yet, the waybill file may not have been returned, or the previous booking may have failed or been cancelled.","Location: Order Management > Manual Order
The order may not have a successful EasyParcel booking yet, the waybill file may not have been returned, or the previous booking may have failed or been cancelled.","","Frontend: src/router/routes.jsx; src/components/layout/Sidebar.jsx; src/i18n.js | Frontend: src/features/orderManagement/manualOrder; src/features/orderManagement/platformManualOrder | Backend: modules/manualOrders; modules/platformManualOrders"
"Q-826","Where is Refresh in Manual Order, and what does it do?","Order Management > Manual Order","MODIFIED ANSWER; EDITED QUESTION; QUESTION VARIANTS ADDED; FORMAT UPDATED; IMAGE CHECK NEEDED; IMAGE LINE CLEANUP; IMAGE NEEDED","Corrected the button label, location, and all availability conditions.","What does Refresh Status do on a Manual Order?","Refresh Status asks EasyParcel for the latest shipment status and updates the ERP if new tracking information is available.
You can see the process through the app screenshots https://printernoble.com/chatbot/uploads/1788779249_0d4998b1-b6d3-43ef-b4e5-0ba0611dceb3.png","Location: Order Management > Manual Order
1. Go to Order Management > Manual Order.
2. In Manual Order List, open the three-dot menu in the order's Action column.
3. Click Refresh to request the latest EasyParcel status.
Refresh appears for Schedule In Arrangement, To Be Collected, Drop Off, Collected, Delivery In Transit, and Delivery On Hold. It is disabled if the order has no tracking, AWB, or provider shipment reference, or a refresh is already running.","Where is the Refresh Status button?; Why can I not see Refresh in Manual Order?; How do I refresh courier tracking?","Frontend: src/router/routes.jsx; src/components/layout/Sidebar.jsx; src/i18n.js | Frontend: src/features/orderManagement/manualOrder; src/features/orderManagement/platformManualOrder | Backend: modules/manualOrders; modules/platformManualOrders"
"Q-827","When should I refresh EasyParcel status?","Order Management > Manual Order","MODIFIED ANSWER; FORMAT UPDATED","Kept refresh advice consistent with button visibility.","When should I refresh EasyParcel status?","Refresh the status when the courier status looks old, the parcel has moved but the ERP still shows the previous status, or support asks you to confirm the latest tracking state.","Location: Order Management > Manual Order
Use Order Management > Manual Order > row Action menu > Refresh when an eligible courier shipment looks out of date. It is available in the collection and in-transit stages, not every status. If you do not see Refresh, open Details and check the order stage and booking message instead.","","Frontend: src/router/routes.jsx; src/components/layout/Sidebar.jsx; src/i18n.js | Frontend: src/features/orderManagement/manualOrder; src/features/orderManagement/platformManualOrder | Backend: modules/manualOrders; modules/platformManualOrders"
"Q-828","Can I cancel an EasyParcel manual order?","Order Management > Manual Order","MODIFIED ANSWER; FORMAT UPDATED","Confirmed cancellable stages and avoided automatic-refund assumptions.","Can I cancel an EasyParcel manual order?","Cancellation may be available before the courier has fully processed or collected the shipment. Once the parcel is collected or delivered, cancellation may no longer be possible.","Location: Order Management > Manual Order
Cancel is offered in the three-dot Action menu for Schedule In Arrangement, To Be Collected, and Drop Off. It requests cancellation before courier collection, and EasyParcel can reject it if the parcel has already progressed. A cancelled shipment does not automatically mean stock was restored or money refunded, so check both separately.","","Frontend: src/router/routes.jsx; src/components/layout/Sidebar.jsx; src/i18n.js | Frontend: src/features/orderManagement/manualOrder; src/features/orderManagement/platformManualOrder | Backend: modules/manualOrders; modules/platformManualOrders"
"Q-829","What is COD in Manual Order?","Order Management > Manual Order","MODIFIED ANSWER; FORMAT UPDATED","Distinguished general definition from unavailable customer control.","What is COD in Manual Order?","COD means Cash on Delivery. The customer pays when receiving the parcel, if the selected courier and country support COD for that shipment.","Location: Order Management > Manual Order
COD means Cash on Delivery: the receiver pays when the parcel arrives. The current Manual Order customer form only displays Prepaid and has no COD selector. Do not create a prepaid order expecting the courier to collect payment; ask support about COD availability for your setup.","","Frontend: src/router/routes.jsx; src/components/layout/Sidebar.jsx; src/i18n.js | Frontend: src/features/orderManagement/manualOrder; src/features/orderManagement/platformManualOrder | Backend: modules/manualOrders; modules/platformManualOrders"
"Q-830","Why is COD not available for my manual order?","Order Management > Manual Order","MODIFIED ANSWER; FORMAT UPDATED","Removed invented customer-side COD selection behavior.","Why is COD not available for my manual order?","COD can be unavailable if the selected courier does not support it, the destination is not supported, the COD amount is invalid, or the shipment configuration does not allow COD.","Location: Order Management > Manual Order
The current Order Management > Manual Order form offers Prepaid, not a COD selection. COD is therefore not something you can enable by changing the country or courier on this screen. Ask support to confirm whether a supported COD workflow is available for your account before promising it to a customer.","","Frontend: src/router/routes.jsx; src/components/layout/Sidebar.jsx; src/i18n.js | Frontend: src/features/orderManagement/manualOrder; src/features/orderManagement/platformManualOrder | Backend: modules/manualOrders; modules/platformManualOrders"
"Q-831","What is a payment certificate in Manual Order?","Order Management > Manual Order","MODIFIED ANSWER; FORMAT UPDATED","Added actual upload control, size, and later viewing path.","What is a payment certificate in Manual Order?","A payment certificate is an optional proof file, such as a PDF or image, used when the business needs to keep payment evidence for a manual order.","Location: Order Management > Manual Order
A payment certificate is optional payment evidence attached to a Manual Order. In the order form, click Upload Payment Certificate, choose a supported PDF or image no larger than 3 MB, and complete the order. You can review a saved attachment in Actions > Details > Open certificate. Uploading evidence does not itself collect payment.","","Frontend: src/router/routes.jsx; src/components/layout/Sidebar.jsx; src/i18n.js | Frontend: src/features/orderManagement/manualOrder; src/features/orderManagement/platformManualOrder | Backend: modules/manualOrders; modules/platformManualOrders"
"Q-832","Why does the system ask for parcel weight and size?","Order Management > Manual Order","REVIEWED - MEANING RETAINED; FORMAT UPDATED","Meaning retained after section review.","Why does the system ask for parcel weight and size?","Courier rates and booking availability depend on parcel weight and dimensions. Wrong values can cause failed booking, wrong shipping cost, or courier rejection.","Location: Order Management > Manual Order
Courier rates and booking availability depend on parcel weight and dimensions. Wrong values can cause failed booking, wrong shipping cost, or courier rejection.","","Frontend: src/router/routes.jsx; src/components/layout/Sidebar.jsx; src/i18n.js | Frontend: src/features/orderManagement/manualOrder; src/features/orderManagement/platformManualOrder | Backend: modules/manualOrders; modules/platformManualOrders"
"Q-833","Why are EasyParcel rates not loading?","Order Management > Manual Order","REVIEWED - MEANING RETAINED; FORMAT UPDATED","Meaning retained after section review.","Why are EasyParcel rates not loading?","Rates may not load if the country is not supported, sender and receiver countries are different, address details are incomplete, parcel details are invalid, or the EasyParcel service is temporarily unavailable.","Location: Order Management > Manual Order
Rates may not load if the country is not supported, sender and receiver countries are different, address details are incomplete, parcel details are invalid, or the EasyParcel service is temporarily unavailable.","","Frontend: src/router/routes.jsx; src/components/layout/Sidebar.jsx; src/i18n.js | Frontend: src/features/orderManagement/manualOrder; src/features/orderManagement/platformManualOrder | Backend: modules/manualOrders; modules/platformManualOrders"
"Q-834","What should I do if EasyParcel is unavailable?","Order Management > Manual Order","MODIFIED ANSWER; FORMAT UPDATED","Replaced misleading save-only fallback and explained stock effect.","What should I do if EasyParcel is unavailable?","You can still save the manual order and arrange delivery by yourself. After sending the parcel, update the courier, tracking number, and waybill information if the ERP allows it.","Location: Order Management > Manual Order
Choose Create Without Courier after completing the required Manual Order details and review its confirmation. If a no-service result offers Process Manually, read that confirmation before continuing. These choices create a self-arranged delivery order and reduce stock. After dispatch, open the row's Action menu > Edit to add the courier, tracking number, and waybill details.","","Frontend: src/router/routes.jsx; src/components/layout/Sidebar.jsx; src/i18n.js | Frontend: src/features/orderManagement/manualOrder; src/features/orderManagement/platformManualOrder | Backend: modules/manualOrders; modules/platformManualOrders"
"Q-835","What should I verify before submitting any manual shipment?","Order Management > Manual Order","MODIFIED ANSWER; FORMAT UPDATED","Removed a nonexistent COD setup instruction and included actual charges and stock consequences.","What should I verify before submitting any manual shipment?","Verify product/SKU, quantity, sender, receiver, phone number, full address, country, postal code, parcel weight, parcel size, payment type, courier service, shipping cost, and whether COD is needed.","Location: Order Management > Manual Order
Before confirming a Manual Order, check the warehouse, exact Merchant or Combine SKU, quantity, sender and receiver addresses, phone numbers, country, postcode, package weight and size, selected courier, and charge. The current form uses Prepaid. For courier booking, check Shipping Wallet balance; for Create Without Courier, confirm that you will arrange delivery yourself. Both paths can reduce stock.","","Frontend: src/router/routes.jsx; src/components/layout/Sidebar.jsx; src/i18n.js | Frontend: src/features/orderManagement/manualOrder; src/features/orderManagement/platformManualOrder | Backend: modules/manualOrders; modules/platformManualOrders"
"Q-836","What is the safest way to report a problem?","Floating AI assistant","REVIEWED - MEANING RETAINED; FORMAT UPDATED","Meaning retained after section review.","What is the safest way to report a problem?","Share the page name, account email, store name, order number or SKU if needed, error message, and screenshot. Hide passwords, OTPs, and payment-card details.","Location: Floating AI assistant
Share the page name, account email, store name, order number or SKU if needed, error message, and screenshot. Hide passwords, OTPs, and payment-card details.","","Frontend: src/router/routes.jsx; src/components/layout/Sidebar.jsx; src/i18n.js | Frontend: src/components/shared/FloatingAiChatbot.jsx | Chatbot: routes/WarehouseERPRoutes.js; utils/faqEmbeddingHelper.js"
"Q-837","What kind of questions can I ask the AI assistant?","Floating AI assistant","REVIEWED - MEANING RETAINED; FORMAT UPDATED","Meaning retained after section review.","What kind of questions can I ask the AI assistant?","You can ask about Dashboard, products, Merchant SKUs, SKU mapping, inventory, inbound, outbound, orders, manual orders, warehouses, store authorization, Sub Accounts, roles, subscriptions, referral codes, gifts, and support contact.","Location: Floating AI assistant
You can ask about Dashboard, products, Merchant SKUs, SKU mapping, inventory, inbound, outbound, orders, manual orders, warehouses, store authorization, Sub Accounts, roles, subscriptions, referral codes, gifts, and support contact.","","Frontend: src/router/routes.jsx; src/components/layout/Sidebar.jsx; src/i18n.js | Frontend: src/components/shared/FloatingAiChatbot.jsx | Chatbot: routes/WarehouseERPRoutes.js; utils/faqEmbeddingHelper.js"
"Q-838","What should I do if the AI assistant says it cannot find an answer?","Floating AI assistant","REVIEWED - MEANING RETAINED; FORMAT UPDATED","Meaning retained after section review.","What should I do if the AI assistant says it cannot find an answer?","Ask the question in a simpler way and include the page name. If it still cannot answer, contact support so the missing question can be added to the knowledge document.","Location: Floating AI assistant
Ask the question in a simpler way and include the page name. If it still cannot answer, contact support so the missing question can be added to the knowledge document.","","Frontend: src/router/routes.jsx; src/components/layout/Sidebar.jsx; src/i18n.js | Frontend: src/components/shared/FloatingAiChatbot.jsx | Chatbot: routes/WarehouseERPRoutes.js; utils/faqEmbeddingHelper.js"
"Q-839","Can I ask the AI assistant about another Grozziie product?","Floating AI assistant","REVIEWED - MEANING RETAINED; FORMAT UPDATED","Meaning retained after section review.","Can I ask the AI assistant about another Grozziie product?","This assistant is for Warehouse ERP only. For other products or services, contact support or use the correct product support channel.","Location: Floating AI assistant
This assistant is for Warehouse ERP only. For other products or services, contact support or use the correct product support channel.","","Frontend: src/router/routes.jsx; src/components/layout/Sidebar.jsx; src/i18n.js | Frontend: src/components/shared/FloatingAiChatbot.jsx | Chatbot: routes/WarehouseERPRoutes.js; utils/faqEmbeddingHelper.js"
"Q-840","Can the AI assistant see my private order or inventory data?","Floating AI assistant","MODIFIED ANSWER; QUESTION VARIANTS ADDED; FORMAT UPDATED","Confirmed knowledge-only chat behavior in customer language.","Can the AI assistant see my private order or inventory data?","The assistant answers from support knowledge. Do not assume it can see live private records from your account. For exact order or inventory values, check the ERP page directly.","Location: Floating AI assistant
The assistant answers from the support document and the information you type into the conversation. It does not have a live connection to your private order or stock records. For an exact quantity or order status, open Inventory List or the relevant Order Management page and check your account's current data.","Can the chatbot see my current stock?; Can the AI check my private order status?","Frontend: src/router/routes.jsx; src/components/layout/Sidebar.jsx; src/i18n.js | Frontend: src/components/shared/FloatingAiChatbot.jsx | Chatbot: routes/WarehouseERPRoutes.js; utils/faqEmbeddingHelper.js"
"Q-841","Why should I include the page name in my question?","Floating AI assistant","REVIEWED - MEANING RETAINED; FORMAT UPDATED","Meaning retained after section review.","Why should I include the page name in my question?","Page names help the assistant give a more accurate answer. For example, ask about Product List, SKU Mapping by Product, Manual Order, Store Authorization, or Role Management.","Location: Floating AI assistant
Page names help the assistant give a more accurate answer. For example, ask about Product List, SKU Mapping by Product, Manual Order, Store Authorization, or Role Management.","","Frontend: src/router/routes.jsx; src/components/layout/Sidebar.jsx; src/i18n.js | Frontend: src/components/shared/FloatingAiChatbot.jsx | Chatbot: routes/WarehouseERPRoutes.js; utils/faqEmbeddingHelper.js"
"Q-842","What should I ask if I am new to the ERP?","Floating AI assistant","REVIEWED - MEANING RETAINED; FORMAT UPDATED","Meaning retained after section review.","What should I ask if I am new to the ERP?","Ask: What should I set up first? How do I connect a store? What is a Merchant SKU? How do I map SKUs? How do I receive stock? How do I process orders?","Location: Floating AI assistant
Ask: What should I set up first? How do I connect a store? What is a Merchant SKU? How do I map SKUs? How do I receive stock? How do I process orders?","","Frontend: src/router/routes.jsx; src/components/layout/Sidebar.jsx; src/i18n.js | Frontend: src/components/shared/FloatingAiChatbot.jsx | Chatbot: routes/WarehouseERPRoutes.js; utils/faqEmbeddingHelper.js"
"Q-843","Can support staff ask for my password?","Floating AI assistant","REVIEWED - MEANING RETAINED; FORMAT UPDATED","Meaning retained after section review.","Can support staff ask for my password?","No. Support should never ask for your ERP password, marketplace password, OTP, or full payment-card information.","Location: Floating AI assistant
No. Support should never ask for your ERP password, marketplace password, OTP, or full payment-card information.","","Frontend: src/router/routes.jsx; src/components/layout/Sidebar.jsx; src/i18n.js | Frontend: src/components/shared/FloatingAiChatbot.jsx | Chatbot: routes/WarehouseERPRoutes.js; utils/faqEmbeddingHelper.js"
"Q-844","What should I do if someone asks for my password?","Log In; Contact","REVIEWED - MEANING RETAINED; FORMAT UPDATED","Meaning retained after section review.","What should I do if someone asks for my password?","Do not share it. Contact the official support channel and report the request.","Location: Log In; Contact
Do not share it. Contact the official support channel and report the request.","","Frontend: src/router/routes.jsx; src/components/layout/Sidebar.jsx; src/i18n.js | Frontend: src/features/contact/ContactPage.jsx | Frontend: src/components/layout; src/features/auth"
"Q-845","Which pages are under Inventory Management?","Inventory Management","NEW QUESTION; FORMAT UPDATED","Recovered the unnumbered Inventory Management overview as a searchable FAQ.","","","Location: Inventory Management
Inventory Management contains Merchant SKU, SKU Mapping > By Product and By Merchant, Inventory List, Manual inbound, Inbound, Outbound, and Inventory Log. Inbound and Outbound each have Draft, On The Way, and Complete. Use Merchant SKU for internal product records, SKU Mapping to link marketplace variations, and Inventory List to check warehouse quantities.","","Frontend: src/router/routes.jsx; src/components/layout/Sidebar.jsx; src/i18n.js | Frontend: src/features/inventoryManagement | Backend: modules/inventory; modules/inbound; modules/outbound"
"Q-846","How do I find an answer in Help Center?","Help Center","NEW QUESTION; QUESTION VARIANTS ADDED; FORMAT UPDATED; IMAGE NEEDED","Added a missing customer workflow, troubleshooting case, or action consequence.","","","Location: Help Center
1. Open Help Center from the sidebar.
2. Enter a product, page, action, or error in Search questions or answers.
3. Open a matching question to read its answer.
4. Try a shorter search if nothing matches.
Use the same page name you see in the sidebar, such as Store Authorization or Manual Order.","Where are the help articles?; How do I search frequently asked questions?","Frontend: src/router/routes.jsx; src/components/layout/Sidebar.jsx; src/i18n.js | Frontend: src/features/helpCenter/HelpCenterPage.jsx"
"Q-847","Why is Help Center empty or not loading?","Help Center","NEW QUESTION; FORMAT UPDATED","Added a missing customer workflow, troubleshooting case, or action consequence.","","","Location: Help Center
Clear Search questions or answers first to remove any filter. Use Refresh to load the questions again, or Retry if an error is shown. If the list still does not load, check your connection and contact support through Contact with the error and the time it occurred.","","Frontend: src/router/routes.jsx; src/components/layout/Sidebar.jsx; src/i18n.js | Frontend: src/features/helpCenter/HelpCenterPage.jsx"
"Q-848","What information should I send when reporting a problem?","Contact","NEW QUESTION; FORMAT UPDATED","Added a missing customer workflow, troubleshooting case, or action consequence.","","","Location: Contact
Open Contact and describe the menu and page, the button you used, what you expected, and the exact error. Include the relevant order number or SKU, store, warehouse, and approximate time when useful. Attach a screenshot through a supported contact channel with unrelated customer details hidden. Never share your password, verification code, or payment-card details.","","Frontend: src/router/routes.jsx; src/components/layout/Sidebar.jsx; src/i18n.js | Frontend: src/features/contact/ContactPage.jsx"
"Q-849","What should I do if Send Message fails on Contact?","Contact","NEW QUESTION; FORMAT UPDATED","Added a missing customer workflow, troubleshooting case, or action consequence.","","","Location: Contact
Check that Name, Email, Country, and Message are complete, then read the error beside the form. If the page says the email service is not configured, or sending still fails, use the Support Email link or WhatsApp button under Support Channels. A failed form submission is not confirmation that support received your message.","","Frontend: src/router/routes.jsx; src/components/layout/Sidebar.jsx; src/i18n.js | Frontend: src/features/contact/ContactPage.jsx"
"Q-850","Does closing a page tab delete its records?","Workspace tabs","NEW QUESTION; FORMAT UPDATED","Added a missing customer workflow, troubleshooting case, or action consequence.","","","Location: Workspace tabs
No. Closing a workspace tab removes that page from your open tabs; it does not delete saved orders, products, or inventory. However, unsaved form entries can be lost. Complete and save your work before closing the tab or using Reload.","","Frontend: src/router/routes.jsx; src/components/layout/Sidebar.jsx; src/i18n.js | Frontend: src/components/layout; src/features/auth"
"Q-851","Where can I check which account I am using?","Top-right account menu > Profile Info","NEW QUESTION; FORMAT UPDATED","Added a missing customer workflow, troubleshooting case, or action consequence.","","","Location: Top-right account menu > Profile Info
Click your account name or picture in the top-right corner and open Profile Info. Review the account details before changing company settings or processing orders. This window is for viewing details; it does not provide a Save button for editing your profile.","","Frontend: src/router/routes.jsx; src/components/layout/Sidebar.jsx; src/i18n.js | Frontend: src/components/layout; src/features/auth"
"Q-852","How do I finish registering a new account?","Log In > Create account","NEW QUESTION; FORMAT UPDATED","Added a missing customer workflow, troubleshooting case, or action consequence.","","","Location: Log In > Create account
From Log In, choose Create account and complete Sign Up with your own details. Check the registered email for the verification code. Enter it on Verify Your Email and click Verify & Continue, then return to Log In. If you are joining an existing company as an employee, coordinate setup with its owner so your login is linked to the intended Sub Account.","","Frontend: src/router/routes.jsx; src/components/layout/Sidebar.jsx; src/i18n.js | Frontend: src/components/layout; src/features/auth"
"Q-853","What should I do if a verification or password-reset code is rejected?","Log In > Forgot password?","NEW QUESTION; FORMAT UPDATED","Added a missing customer workflow, troubleshooting case, or action consequence.","","","Location: Log In > Forgot password?
Check the email address and enter the latest code without extra spaces. An older or expired code may no longer work. For a password reset, return to Forgot password? and request a fresh code using Send Code. Check spam if no email arrives, and contact support if the latest code is still rejected. Never send the code to another person.","","Frontend: src/router/routes.jsx; src/components/layout/Sidebar.jsx; src/i18n.js | Frontend: src/components/layout; src/features/auth"
"Q-854","What is the difference between Product List and marketplace products?","Product Management > Product List","NEW QUESTION; FORMAT UPDATED","Added a missing customer workflow, troubleshooting case, or action consequence.","","","Location: Product Management > Product List
Product List manages the ERP's Merchant SKU records. Marketplace listings and their child variations are shown in Inventory Management > SKU Mapping > By Product after synchronization. Creating or editing a record in Product List does not by itself publish a new listing or update its description on Shopee or TikTok.","","Frontend: src/router/routes.jsx; src/components/layout/Sidebar.jsx; src/i18n.js | Frontend: src/features/productManagement; src/features/inventoryManagement/merchantSKU | Backend: modules/merchantSkus; modules/combineskus"
"Q-855","How do I prepare a file for Add Product via Template?","Product Management > Product List","NEW QUESTION; FORMAT UPDATED; IMAGE NEEDED","Added a missing customer workflow, troubleshooting case, or action consequence.","","","Location: Product Management > Product List
1. Open Product Management > Product List > Add Products > Download Template.
2. Keep the supplied column headings and fill in the product details, including the required SKU name, product title, and price.
3. Put the import data on the first worksheet.
4. Choose Add Products > Add Product via Template, select the warehouse, and upload the completed file.
Check the result and resulting records before importing another batch.","","Frontend: src/router/routes.jsx; src/components/layout/Sidebar.jsx; src/i18n.js | Frontend: src/features/productManagement; src/features/inventoryManagement/merchantSKU | Backend: modules/merchantSkus; modules/combineskus"
"Q-856","What should I do if a template import stops partway through?","Product Management > Product List","NEW QUESTION; FORMAT UPDATED","Added a missing customer workflow, troubleshooting case, or action consequence.","","","Location: Product Management > Product List
An import can save earlier rows before a later row fails. Read the error, then search Product List or Merchant SKU to identify which rows were already created. Correct the failed data and import only the missing rows. Do not assume the entire file was rolled back or upload the whole file again without checking.","","Frontend: src/router/routes.jsx; src/components/layout/Sidebar.jsx; src/i18n.js | Frontend: src/features/productManagement; src/features/inventoryManagement/merchantSKU | Backend: modules/merchantSkus; modules/combineskus"
"Q-857","Why does the SKU search ignore my other product search?","Product Management > Product List","NEW QUESTION; FORMAT UPDATED","Added a missing customer workflow, troubleshooting case, or action consequence.","","","Location: Product Management > Product List
When the dedicated SKU search contains a value, Product List uses that SKU search in preference to the general product search. Clear the SKU field to search by the general product text again. Also check the warehouse and other active filters if the expected record is missing.","","Frontend: src/router/routes.jsx; src/components/layout/Sidebar.jsx; src/i18n.js | Frontend: src/features/productManagement; src/features/inventoryManagement/merchantSKU | Backend: modules/merchantSkus; modules/combineskus"
"Q-858","Does Select All select products on every page?","Product Management > Product List","NEW QUESTION; FORMAT UPDATED","Added a missing customer workflow, troubleshooting case, or action consequence.","","","Location: Product Management > Product List
In Product List, Select All can select all records matching the current filters across pages, not only the rows currently visible. Check the selected count before Batch Delete, stock-alert changes, Export, or Print. Clear the selection and select individual rows when you only intend to act on a few products.","","Frontend: src/router/routes.jsx; src/components/layout/Sidebar.jsx; src/i18n.js | Frontend: src/features/productManagement; src/features/inventoryManagement/merchantSKU | Backend: modules/merchantSkus; modules/combineskus"
"Q-859","Why can I not delete a Merchant SKU?","Inventory Management > Merchant SKU","NEW QUESTION; FORMAT UPDATED","Added a missing customer workflow, troubleshooting case, or action consequence.","","","Location: Inventory Management > Merchant SKU
A Merchant SKU can be protected because it has stock, belongs to a Combine SKU, or is referenced by records the ERP must retain. Read the deletion error and review the SKU in Inventory List and Combine SKU. Do not change quantities merely to bypass a deletion block; ask the owner or support how to retire the product while keeping accurate records.","","Frontend: src/router/routes.jsx; src/components/layout/Sidebar.jsx; src/i18n.js | Frontend: src/features/productManagement; src/features/inventoryManagement/merchantSKU | Backend: modules/merchantSkus; modules/combineskus | Frontend: src/features/inventoryManagement | Backend: modules/inventory; modules/inbound; modules/outbound"
"Q-860","Can a Combine SKU contain another Combine SKU?","Product Management > Combine SKU","NEW QUESTION; FORMAT UPDATED","Added a missing customer workflow, troubleshooting case, or action consequence.","","","Location: Product Management > Combine SKU
The current Combine SKU form selects Merchant SKUs as components. It does not offer another Combine SKU as a component. Build the bundle from its individual Merchant SKUs and enter the quantity of each component needed for one bundle.","","Frontend: src/router/routes.jsx; src/components/layout/Sidebar.jsx; src/i18n.js | Frontend: src/features/productManagement; src/features/inventoryManagement/merchantSKU | Backend: modules/merchantSkus; modules/combineskus"
"Q-861","What happens if Auto Mapping finds no matching Merchant SKU?","Inventory Management > SKU Mapping > By Product","NEW QUESTION; FORMAT UPDATED","Added a missing customer workflow, troubleshooting case, or action consequence.","","","Location: Inventory Management > SKU Mapping > By Product
Auto Mapping matches the marketplace seller SKU to an existing Merchant SKU. It does not create a new Merchant SKU when no match exists. Review the unmapped child variation, create or generate the intended Merchant SKU in the correct warehouse, and then check or complete the mapping.","","Frontend: src/router/routes.jsx; src/components/layout/Sidebar.jsx; src/i18n.js | Frontend: src/features/productManagement; src/features/inventoryManagement/merchantSKU | Backend: modules/merchantSkus; modules/combineskus | Frontend: src/features/inventoryManagement/SKUMapping | Backend: modules/platformSkuMappings | Frontend: src/features/inventoryManagement | Backend: modules/inventory; modules/inbound; modules/outbound"
"Q-862","What does Generate Merchant SKU create, and how do I check the result?","Inventory Management > SKU Mapping > By Product","NEW QUESTION; FORMAT UPDATED","Added a missing customer workflow, troubleshooting case, or action consequence.","","","Location: Inventory Management > SKU Mapping > By Product
Select the intended marketplace child SKU rows in By Product, choose Generate Merchant SKU, and confirm with Generate SKU. The process can create new Merchant SKUs or reuse matching existing ones and map the child rows. Review the created, reused, mapped, skipped, and failed results, then check the warehouse and mapping before synchronizing stock.","","Frontend: src/router/routes.jsx; src/components/layout/Sidebar.jsx; src/i18n.js | Frontend: src/features/productManagement; src/features/inventoryManagement/merchantSKU | Backend: modules/merchantSkus; modules/combineskus | Frontend: src/features/inventoryManagement/SKUMapping | Backend: modules/platformSkuMappings | Frontend: src/features/inventoryManagement | Backend: modules/inventory; modules/inbound; modules/outbound"
"Q-863","Will Sync Product synchronize every store if I leave the filters empty?","Inventory Management > SKU Mapping > By Product","NEW QUESTION; FORMAT UPDATED","Added a missing customer workflow, troubleshooting case, or action consequence.","","","Location: Inventory Management > SKU Mapping > By Product
The Sync Products dialog can include all stores and platforms when no specific selection is made. Select the intended platform and store before Confirm Sync when you only want to refresh one store. Afterward, review the imported listings and their child variations in By Product.","","Frontend: src/router/routes.jsx; src/components/layout/Sidebar.jsx; src/i18n.js | Frontend: src/features/productManagement; src/features/inventoryManagement/merchantSKU | Backend: modules/merchantSkus; modules/combineskus | Frontend: src/features/inventoryManagement/SKUMapping | Backend: modules/platformSkuMappings | Frontend: src/features/inventoryManagement | Backend: modules/inventory; modules/inbound; modules/outbound"
"Q-864","Can Save Mapping move a marketplace SKU away from another Merchant SKU?","Inventory Management > SKU Mapping > By Merchant","NEW QUESTION; FORMAT UPDATED","Added a missing customer workflow, troubleshooting case, or action consequence.","","","Location: Inventory Management > SKU Mapping > By Merchant
Yes. Selecting a marketplace SKU that is already mapped can reassign it to the Merchant SKU you are editing. Before Save Mapping, check the marketplace variation, store, warehouse, and existing mapping. Reassignment changes which internal stock record supplies that marketplace SKU; it is not simply an extra label.","","Frontend: src/router/routes.jsx; src/components/layout/Sidebar.jsx; src/i18n.js | Frontend: src/features/inventoryManagement/SKUMapping | Backend: modules/platformSkuMappings | Frontend: src/features/inventoryManagement | Backend: modules/inventory; modules/inbound; modules/outbound"
"Q-865","How do I correct Quantity and Lock Quantity?","Inventory Management > Inventory List","NEW QUESTION; FORMAT UPDATED; IMAGE NEEDED","Added a missing customer workflow, troubleshooting case, or action consequence.","","","Location: Inventory Management > Inventory List
1. Go to Inventory Management > Inventory List.
2. Find the correct SKU and warehouse, then open Edit Inventory.
3. Enter whole, non-negative values for Quantity and Lock Quantity. Lock Quantity cannot exceed Quantity.
4. Click Save, review Confirm Inventory Update, then click Confirm Save.
Use this for a verified adjustment. Record incoming deliveries through Manual inbound or Inbound so the receipt is documented.","","Frontend: src/router/routes.jsx; src/components/layout/Sidebar.jsx; src/i18n.js | Frontend: src/features/inventoryManagement | Backend: modules/inventory; modules/inbound; modules/outbound"
"Q-866","Does editing inventory immediately update my marketplace stock?","Inventory Management > Inventory List","NEW QUESTION; FORMAT UPDATED","Added a missing customer workflow, troubleshooting case, or action consequence.","","","Location: Inventory Management > Inventory List
An inventory edit updates the ERP quantity and records an adjustment in Inventory Log. Mapped marketplace stock is marked Out of Sync for synchronization; the edit alone is not confirmation that the marketplace now shows the same quantity. Review the intended records and use Sync Stock, then check Sync Status and Last Sync.","","Frontend: src/router/routes.jsx; src/components/layout/Sidebar.jsx; src/i18n.js | Frontend: src/features/inventoryManagement | Backend: modules/inventory; modules/inbound; modules/outbound"
"Q-867","What happens if I click Sync Stock without selecting any rows?","Inventory Management > Inventory List","NEW QUESTION; FORMAT UPDATED","Added a missing customer workflow, troubleshooting case, or action consequence.","","","Location: Inventory Management > Inventory List
With no selected rows, Sync Stock can include all mapped SKUs in the current company scope rather than just one visible record. To limit the operation, select the intended rows first and read the confirmation before Sync. Unmapped records cannot publish stock until their marketplace mapping is set up.","","Frontend: src/router/routes.jsx; src/components/layout/Sidebar.jsx; src/i18n.js | Frontend: src/features/inventoryManagement | Backend: modules/inventory; modules/inbound; modules/outbound"
"Q-868","Why does available stock differ from Quantity?","Inventory Management > Inventory List","NEW QUESTION; FORMAT UPDATED","Added a missing customer workflow, troubleshooting case, or action consequence.","","","Location: Inventory Management > Inventory List
Available stock is the quantity left after locked or reserved stock is taken into account, with a minimum of zero. Check Quantity and Lock Quantity for the same SKU and warehouse. An order or bundle can be unavailable even when physical Quantity is positive if that stock is already reserved.","","Frontend: src/router/routes.jsx; src/components/layout/Sidebar.jsx; src/i18n.js | Frontend: src/features/inventoryManagement | Backend: modules/inventory; modules/inbound; modules/outbound"
"Q-869","What should I check when Sync Status says Sync Failed?","Inventory Management > Inventory List","NEW QUESTION; FORMAT UPDATED","Added a missing customer workflow, troubleshooting case, or action consequence.","","","Location: Inventory Management > Inventory List
Check the correct store authorization, its plan or trial access, the child SKU mapping, and the warehouse quantity. Read any error shown for the failed synchronization. Correct the reported cause, retry only the intended records, and check Sync Status and Last Sync again. Contact support with the SKU, store, and error if the failure continues.","","Frontend: src/router/routes.jsx; src/components/layout/Sidebar.jsx; src/i18n.js | Frontend: src/features/inventoryManagement | Backend: modules/inventory; modules/inbound; modules/outbound"
"Q-870","Why can I not find yesterday's stock change under Recent?","Inventory Management > Inventory Log","NEW QUESTION; FORMAT UPDATED","Added a missing customer workflow, troubleshooting case, or action consequence.","","","Location: Inventory Management > Inventory Log
Recent shows today's inventory activity. For an earlier change, choose History and set Start and End to include the date. Check the Warehouse and SellerSKU filters, then Search. The recorded time follows the service's date handling, so widen the date range if an entry was near midnight.","","Frontend: src/router/routes.jsx; src/components/layout/Sidebar.jsx; src/i18n.js | Frontend: src/features/inventoryManagement | Backend: modules/inventory; modules/inbound; modules/outbound"
"Q-871","How do I receive fewer items than the inbound order expected?","Inventory Management > Inbound","NEW QUESTION; FORMAT UPDATED; IMAGE NEEDED","Added a missing customer workflow, troubleshooting case, or action consequence.","","","Location: Inventory Management > Inbound
Open Inbound > On The Way and choose Receive for the shipment. Enter the actual received quantity for each SKU, record the discrepancy and any Notes, then review Confirm Receipt. Do not use Fill all expected unless every expected item really arrived. Receiving completes that inbound record, so record any later delivery separately and check Inventory List afterward.","","Frontend: src/router/routes.jsx; src/components/layout/Sidebar.jsx; src/i18n.js | Frontend: src/features/inventoryManagement | Backend: modules/inventory; modules/inbound; modules/outbound"
"Q-872","Does Fill all expected mean the goods have already been checked?","Inventory Management > Inbound","NEW QUESTION; FORMAT UPDATED","Added a missing customer workflow, troubleshooting case, or action consequence.","","","Location: Inventory Management > Inbound
No. Fill all expected copies the expected quantities into the receipt fields to save typing. You must still count the delivery and correct any shortages or differences before Confirm Receipt. Stock should reflect what you physically received, not just what was ordered.","","Frontend: src/router/routes.jsx; src/components/layout/Sidebar.jsx; src/i18n.js | Frontend: src/features/inventoryManagement | Backend: modules/inventory; modules/inbound; modules/outbound"
"Q-873","Why is stock not available after I click Ship on an inbound?","Inventory Management > Inbound","NEW QUESTION; FORMAT UPDATED","Added a missing customer workflow, troubleshooting case, or action consequence.","","","Location: Inventory Management > Inbound
Ship moves the inbound to On The Way and records the expected incoming quantity. The goods are not added to on-hand stock until you open Receive and confirm the actual receipt. Do not create a second Manual inbound for the same goods if you will receive them through the existing inbound.","","Frontend: src/router/routes.jsx; src/components/layout/Sidebar.jsx; src/i18n.js | Frontend: src/features/inventoryManagement | Backend: modules/inventory; modules/inbound; modules/outbound"
"Q-874","What should I do if incoming quantity remains after an unusual or zero receipt?","Inventory Management > Inbound","NEW QUESTION; FORMAT UPDATED","Added a missing customer workflow, troubleshooting case, or action consequence.","","","Location: Inventory Management > Inbound
Compare the inbound receipt details, actual received quantities, Inventory List, and Inventory Log for the same warehouse. Do not receive the same goods again just to clear a pending quantity. Contact support with the inbound number and discrepancy so the remaining incoming balance can be checked without duplicating stock.","","Frontend: src/router/routes.jsx; src/components/layout/Sidebar.jsx; src/i18n.js | Frontend: src/features/inventoryManagement | Backend: modules/inventory; modules/inbound; modules/outbound"
"Q-875","Does saving an outbound Draft reserve or reduce stock?","Inventory Management > Outbound","NEW QUESTION; FORMAT UPDATED","Added a missing customer workflow, troubleshooting case, or action consequence.","","","Location: Inventory Management > Outbound
No. Saving a Draft records the request but does not deduct or reserve its stock. Stock is checked and deducted when you confirm Ship. Review availability again before shipping because other orders or adjustments may have used the stock since the draft was created.","","Frontend: src/router/routes.jsx; src/components/layout/Sidebar.jsx; src/i18n.js | Frontend: src/features/inventoryManagement | Backend: modules/inventory; modules/inbound; modules/outbound"
"Q-876","Does Receive deduct outbound stock a second time?","Inventory Management > Outbound","NEW QUESTION; FORMAT UPDATED","Added a missing customer workflow, troubleshooting case, or action consequence.","","","Location: Inventory Management > Outbound
No. Outbound stock is deducted when Ship is confirmed. Receive records that the shipped outbound has been received and moves it to Complete; it does not deduct the same source stock again. Check Inventory Log if the balance seems different from what you expected.","","Frontend: src/router/routes.jsx; src/components/layout/Sidebar.jsx; src/i18n.js | Frontend: src/features/inventoryManagement | Backend: modules/inventory; modules/inbound; modules/outbound"
"Q-877","Does entering a Receiving Warehouse automatically transfer stock there?","Inventory Management > Outbound","NEW QUESTION; FORMAT UPDATED","Added a missing customer workflow, troubleshooting case, or action consequence.","","","Location: Inventory Management > Outbound
No. Receiving Warehouse and Full Address identify the outbound destination; they do not create a receipt in that destination's inventory. After physical delivery, record the destination receipt separately using Inbound or Manual inbound for the correct warehouse. Check both warehouses to avoid missing or duplicating the transfer.","","Frontend: src/router/routes.jsx; src/components/layout/Sidebar.jsx; src/i18n.js | Frontend: src/features/inventoryManagement | Backend: modules/inventory; modules/inbound; modules/outbound"
"Q-878","How can I search for several order numbers together?","Order Management > Order Processing","NEW QUESTION; FORMAT UPDATED","Added a missing customer workflow, troubleshooting case, or action consequence.","","","Location: Order Management > Order Processing
Use the order-number search on the relevant Order Processing page and enter the numbers separated by commas, spaces, or new lines. Check the platform, store, warehouse, date, and status filters as well. If a number is missing, search All Order and confirm that it belongs to the account and platform you are viewing.","","Frontend: src/router/routes.jsx; src/components/layout/Sidebar.jsx; src/i18n.js | Frontend: src/features/orderManagement/orderProcessing; src/features/orderManagement/shared | Backend: modules/orders; modules/returnOrders"
"Q-879","Is Push only a local status change?","Order Management > Order Processing > Processed Order","NEW QUESTION; FORMAT UPDATED","Added a missing customer workflow, troubleshooting case, or action consequence.","","","Location: Order Management > Order Processing > Processed Order
No. Push can request the platform shipping document and move the order into the successfully pushed workflow. Check the selected orders and their current stage before confirming it. Use Print AWB Again for an eligible order when you need another copy of its shipping label rather than repeating unrelated processing steps.","","Frontend: src/router/routes.jsx; src/components/layout/Sidebar.jsx; src/i18n.js | Frontend: src/features/orderManagement/orderProcessing; src/features/orderManagement/shared | Backend: modules/orders; modules/returnOrders"
"Q-880","Does Withdraw cancel the marketplace order or recall the courier?","Order Management > Order Processing > Processed Order","NEW QUESTION; FORMAT UPDATED","Added a missing customer workflow, troubleshooting case, or action consequence.","","","Location: Order Management > Order Processing > Processed Order
No. Withdraw changes the ERP processing workflow and removes related order-specific SKU adjustments. It is not a marketplace cancellation or a courier recall. Check the marketplace order and shipment separately before promising cancellation to a buyer.","","Frontend: src/router/routes.jsx; src/components/layout/Sidebar.jsx; src/i18n.js | Frontend: src/features/orderManagement/orderProcessing; src/features/orderManagement/shared | Backend: modules/orders; modules/returnOrders"
"Q-881","Does Sync in Return Order put returned goods back into stock?","Order Management > Order Processing > Return Order","NEW QUESTION; FORMAT UPDATED","Added a missing customer workflow, troubleshooting case, or action consequence.","","","Location: Order Management > Order Processing > Return Order
No. Sync imports or updates return records. It does not confirm that a parcel has arrived or that its contents are resalable. Inspect the goods, select the correct warehouse and return details, and use the appropriate return status after checking them.","","Frontend: src/router/routes.jsx; src/components/layout/Sidebar.jsx; src/i18n.js | Frontend: src/features/orderManagement/orderProcessing; src/features/orderManagement/shared | Backend: modules/orders; modules/returnOrders"
"Q-882","When does a returned item go back into available inventory?","Order Management > Order Processing > Return Order","NEW QUESTION; FORMAT UPDATED","Added a missing customer workflow, troubleshooting case, or action consequence.","","","Location: Order Management > Order Processing > Return Order
Changing a return to Resalable Item adds its eligible returned quantity back to the selected warehouse once. Use this only after the goods have been received and checked as suitable for resale. Review the return products and quantities before saving, then check Inventory List and Inventory Log.","","Frontend: src/router/routes.jsx; src/components/layout/Sidebar.jsx; src/i18n.js | Frontend: src/features/orderManagement/orderProcessing; src/features/orderManagement/shared | Backend: modules/orders; modules/returnOrders"
"Q-883","What happens if I change Resalable Item back to another return status?","Order Management > Order Processing > Return Order","NEW QUESTION; FORMAT UPDATED","Added a missing customer workflow, troubleshooting case, or action consequence.","","","Location: Order Management > Order Processing > Return Order
The ERP reverses the stock addition made for that resalable return. If the stock is no longer available, the change can be blocked. Do not force a different quantity simply to bypass the error; review the affected SKU and contact support if a correction is needed.","","Frontend: src/router/routes.jsx; src/components/layout/Sidebar.jsx; src/i18n.js | Frontend: src/features/orderManagement/orderProcessing; src/features/orderManagement/shared | Backend: modules/orders; modules/returnOrders"
"Q-884","Does recording a refund amount in a manual return send money to the buyer?","Order Management > Order Processing > Return Order","NEW QUESTION; FORMAT UPDATED","Added a missing customer workflow, troubleshooting case, or action consequence.","","","Location: Order Management > Order Processing > Return Order
Do not treat a saved return record or refund amount as proof that money was sent. Use the marketplace or your approved payment process to confirm the actual refund, then keep the ERP return details consistent with that result. Contact support if the return record and the payment result differ.","","Frontend: src/router/routes.jsx; src/components/layout/Sidebar.jsx; src/i18n.js | Frontend: src/features/orderManagement/orderProcessing; src/features/orderManagement/shared | Backend: modules/orders; modules/returnOrders"
"Q-885","Does Create Manual Order by Label read the PDF and fill every field for me?","Order Management > Platform Manual Order","NEW QUESTION; FORMAT UPDATED","Added a missing customer workflow, troubleshooting case, or action consequence.","","","Location: Order Management > Platform Manual Order
No automatic completion of the full order should be expected. Upload the supported PDF waybill, then enter and check the required order, sender, receiver, delivery, warehouse, and product information yourself. Review stock and quantities before confirming the order.","","Frontend: src/router/routes.jsx; src/components/layout/Sidebar.jsx; src/i18n.js | Frontend: src/features/orderManagement/manualOrder; src/features/orderManagement/platformManualOrder | Backend: modules/manualOrders; modules/platformManualOrders"
"Q-886","Does uploading an existing waybill book or pay for another courier?","Order Management > Platform Manual Order","NEW QUESTION; FORMAT UPDATED","Added a missing customer workflow, troubleshooting case, or action consequence.","","","Location: Order Management > Platform Manual Order
Uploading a waybill records a label you already have. It does not itself create or pay for a new EasyParcel booking. Confirm the existing courier arrangement outside this upload step and use the order's saved waybill when you need to view or print that label.","","Frontend: src/router/routes.jsx; src/components/layout/Sidebar.jsx; src/i18n.js | Frontend: src/features/orderManagement/manualOrder; src/features/orderManagement/platformManualOrder | Backend: modules/manualOrders; modules/platformManualOrders"
"Q-887","What is Shipping Wallet used for?","Order Management > Manual Order","NEW QUESTION; FORMAT UPDATED; IMAGE NEEDED","Added a missing customer workflow, troubleshooting case, or action consequence.","","","Location: Order Management > Manual Order
Shipping Wallet is the company balance used for courier booking from Manual Order. It is separate from the store subscription payment. The balance is displayed in MYR, while the selected courier charge can also show its original currency. Check both the available balance and the selected courier charge before Submit Order.","","Frontend: src/router/routes.jsx; src/components/layout/Sidebar.jsx; src/i18n.js | Frontend: src/features/orderManagement/manualOrder; src/features/orderManagement/platformManualOrder | Backend: modules/manualOrders; modules/platformManualOrders"
"Q-888","How do I add money to Shipping Wallet?","Order Management > Manual Order","NEW QUESTION; FORMAT UPDATED","Added a missing customer workflow, troubleshooting case, or action consequence.","","","Location: Order Management > Manual Order
1. Open Manual Order > Add Manual Order.
2. In Payment Information > Shipping Wallet, enter the top-up amount and choose an offered currency.
3. Click Top Up and review the payment page.
4. Complete the payment, return to the ERP, and check the wallet balance before booking.
Wallet credit is added after payment processing and the currency-conversion reserve, so do not assume it equals the gross payment amount.","","Frontend: src/router/routes.jsx; src/components/layout/Sidebar.jsx; src/i18n.js | Frontend: src/features/orderManagement/manualOrder; src/features/orderManagement/platformManualOrder | Backend: modules/manualOrders; modules/platformManualOrders"
"Q-889","Why does Shipping Wallet say I need more MYR before booking?","Order Management > Manual Order","NEW QUESTION; FORMAT UPDATED","Added a missing customer workflow, troubleshooting case, or action consequence.","","","Location: Order Management > Manual Order
The available wallet balance is below the selected courier charge after conversion to MYR. Check the displayed shortfall and use Top Up if you want that courier service. Recheck the credited balance before Submit Order. Creating an order without courier is a separate delivery choice, not a way to confirm an unpaid courier booking.","","Frontend: src/router/routes.jsx; src/components/layout/Sidebar.jsx; src/i18n.js | Frontend: src/features/orderManagement/manualOrder; src/features/orderManagement/platformManualOrder | Backend: modules/manualOrders; modules/platformManualOrders"
"Q-890","Is Create Without Courier free of every ERP requirement?","Order Management > Manual Order","NEW QUESTION; FORMAT UPDATED","Added a missing customer workflow, troubleshooting case, or action consequence.","","","Location: Order Management > Manual Order
Create Without Courier does not charge the Shipping Wallet for a courier booking, because you arrange delivery yourself. It still creates an order and can deduct stock. It also does not bypass company plan or trial requirements; follow Purchase Plan Required if the ERP shows that message.","","Frontend: src/router/routes.jsx; src/components/layout/Sidebar.jsx; src/i18n.js | Frontend: src/features/orderManagement/manualOrder; src/features/orderManagement/platformManualOrder | Backend: modules/manualOrders; modules/platformManualOrders"
"Q-891","How do I add tracking information after creating an order without courier?","Order Management > Manual Order","NEW QUESTION; FORMAT UPDATED; IMAGE NEEDED","Added a missing customer workflow, troubleshooting case, or action consequence.","","","Location: Order Management > Manual Order
Find the self-arranged order in Manual Order List and open its three-dot Action menu > Edit. In Update Delivery Information, enter the courier and tracking details and add the waybill URL or supported PDF when available. Review the information and click Save. This records your delivery details; it does not create a courier booking.","","Frontend: src/router/routes.jsx; src/components/layout/Sidebar.jsx; src/i18n.js | Frontend: src/features/orderManagement/manualOrder; src/features/orderManagement/platformManualOrder | Backend: modules/manualOrders; modules/platformManualOrders"
"Q-892","Does Add Gift add a free item to the order I am already viewing?","Order Management > Manual Order","NEW QUESTION; FORMAT UPDATED","Added a missing customer workflow, troubleshooting case, or action consequence.","","","Location: Order Management > Manual Order
Add Gift opens a separate gift-type Manual Order workflow. It does not simply insert an extra item into an existing order. Select the correct recipient, warehouse, products, and quantities, and review the new order carefully so you do not send or deduct the same gift twice.","","Frontend: src/router/routes.jsx; src/components/layout/Sidebar.jsx; src/i18n.js | Frontend: src/features/orderManagement/manualOrder; src/features/orderManagement/platformManualOrder | Backend: modules/manualOrders; modules/platformManualOrders"
"Q-893","Does cancelling an EasyParcel shipment restore stock or refund Shipping Wallet?","Order Management > Manual Order","NEW QUESTION; FORMAT UPDATED","Added a missing customer workflow, troubleshooting case, or action consequence.","","","Location: Order Management > Manual Order
The Manual Order Cancel action requests shipment cancellation. It does not automatically restore the deducted stock or refund the Shipping Wallet balance. Check the cancellation result, physical stock, and payment or wallet records separately, and ask support about any required correction or refund.","","Frontend: src/router/routes.jsx; src/components/layout/Sidebar.jsx; src/i18n.js | Frontend: src/features/orderManagement/manualOrder; src/features/orderManagement/platformManualOrder | Backend: modules/manualOrders; modules/platformManualOrders"
"Q-894","Can I use Manual Order for an international EasyParcel shipment?","Order Management > Manual Order","NEW QUESTION; FORMAT UPDATED","Added a missing customer workflow, troubleshooting case, or action consequence.","","","Location: Order Management > Manual Order
The current courier workflow supports domestic routes within Malaysia, Singapore, Thailand, Indonesia, the Philippines, and Vietnam. Sender and receiver must be in the same supported country. Do not select a different country just to make a rate appear; use an approved alternative delivery arrangement for an unsupported route.","","Frontend: src/router/routes.jsx; src/components/layout/Sidebar.jsx; src/i18n.js | Frontend: src/features/orderManagement/manualOrder; src/features/orderManagement/platformManualOrder | Backend: modules/manualOrders; modules/platformManualOrders"
"Q-895","Should I submit again if the booking result is uncertain?","Order Management > Manual Order","NEW QUESTION; FORMAT UPDATED","Added a missing customer workflow, troubleshooting case, or action consequence.","","","Location: Order Management > Manual Order
First reload Manual Order List and open the existing order's Details. Check Booking Status, any error, tracking, and waybill information. Do not create a second order or repeat a booking while the first result is uncertain. Use Retry Shipment only when that action is offered for a failed booking, or contact support with the order number.","","Frontend: src/router/routes.jsx; src/components/layout/Sidebar.jsx; src/i18n.js | Frontend: src/features/orderManagement/manualOrder; src/features/orderManagement/platformManualOrder | Backend: modules/manualOrders; modules/platformManualOrders"
"Q-896","Where can I check why a courier booking failed?","Order Management > Manual Order","NEW QUESTION; FORMAT UPDATED","Added a missing customer workflow, troubleshooting case, or action consequence.","","","Location: Order Management > Manual Order
Go to Manual Order List and open the row's Action menu > Details. Review Booking Status, the booking message, and Status History. Correct the reported address, parcel, service, or wallet problem before using Retry Shipment when it is available. Keep the original order number when contacting support.","","Frontend: src/router/routes.jsx; src/components/layout/Sidebar.jsx; src/i18n.js | Frontend: src/features/orderManagement/manualOrder; src/features/orderManagement/platformManualOrder | Backend: modules/manualOrders; modules/platformManualOrders"
"Q-897","What is the difference between a payment certificate and a waybill?","Order Management > Manual Order","NEW QUESTION; FORMAT UPDATED","Added a missing customer workflow, troubleshooting case, or action consequence.","","","Location: Order Management > Manual Order
A payment certificate is optional evidence of payment; uploading it does not collect money or create a shipping label. A waybill is the courier document used for the shipment. Open certificate and Open Waybill in Details refer to these different documents, so check the file before sending or printing it.","","Frontend: src/router/routes.jsx; src/components/layout/Sidebar.jsx; src/i18n.js | Frontend: src/features/orderManagement/manualOrder; src/features/orderManagement/platformManualOrder | Backend: modules/manualOrders; modules/platformManualOrders"
"Q-898","Why can I open a page but see Purchase Plan Required when I save?","System Configuration > Store Authorization","NEW QUESTION; FORMAT UPDATED","Added a missing customer workflow, troubleshooting case, or action consequence.","","","Location: System Configuration > Store Authorization
Some setup and viewing pages remain available while protected actions require active company access. Check the store's trial or paid-plan days in Store Authorization. If the company has no eligible active store, ask the owner to use Upgrade Plan and complete the required purchase before retrying the action.","","Frontend: src/router/routes.jsx; src/components/layout/Sidebar.jsx; src/i18n.js | Frontend: src/features/systemConfigaration; src/features/pricing; src/components/layout/GiftReferralModalController.jsx | Backend: modules/platformStores; modules/subscription | Frontend: src/features/systemConfigaration | Backend: modules/auth; modules/roles; modules/users/users.routes.js"
"Q-899","Does Unlink just hide the store from the list?","System Configuration > Store Authorization","NEW QUESTION; FORMAT UPDATED","Added a missing customer workflow, troubleshooting case, or action consequence.","","","Location: System Configuration > Store Authorization
No. Unlink removes the ERP store connection and associated imported product mappings and store-access links. It does not delete the marketplace account itself. Before confirming, check outstanding work and export records you need. Do not use Unlink as a routine refresh or assume reconnecting will preserve every mapping.","","Frontend: src/router/routes.jsx; src/components/layout/Sidebar.jsx; src/i18n.js | Frontend: src/features/systemConfigaration; src/features/pricing; src/components/layout/GiftReferralModalController.jsx | Backend: modules/platformStores; modules/subscription | Frontend: src/features/systemConfigaration | Backend: modules/auth; modules/roles; modules/users/users.routes.js"
"Q-900","What do the days selected for Auto Order Accept mean?","System Configuration > Store Authorization","NEW QUESTION; FORMAT UPDATED","Added a missing customer workflow, troubleshooting case, or action consequence.","","","Location: System Configuration > Store Authorization
The selected weekdays determine when the ERP's scheduled automatic processing is allowed to run for that store. They are not a number of days to delay each order. Check the store's Auto Order Accept settings and eligible order stage, and review the results in Order Processing instead of assuming every order is immediately accepted.","","Frontend: src/router/routes.jsx; src/components/layout/Sidebar.jsx; src/i18n.js | Frontend: src/features/systemConfigaration; src/features/pricing; src/components/layout/GiftReferralModalController.jsx | Backend: modules/platformStores; modules/subscription | Frontend: src/features/systemConfigaration | Backend: modules/auth; modules/roles; modules/users/users.routes.js"
"Q-901","Can any staff member add or delete Sub Accounts?","System Configuration > Account Management > Sub Account","NEW QUESTION; FORMAT UPDATED","Added a missing customer workflow, troubleshooting case, or action consequence.","","","Location: System Configuration > Account Management > Sub Account
Creating, changing, or deleting Sub Accounts requires the company owner. Seeing Sub Account in the menu does not give a staff member owner authority. Ask the owner to make the account change and review the employee's role, Store Permissions, and Warehouse Permissions.","","Frontend: src/router/routes.jsx; src/components/layout/Sidebar.jsx; src/i18n.js | Frontend: src/features/systemConfigaration | Backend: modules/auth; modules/roles; modules/users/users.routes.js | Frontend: src/components/layout; src/features/auth"
"Q-902","Is Add Account an invitation that the employee accepts later?","System Configuration > Account Management > Sub Account","NEW QUESTION; FORMAT UPDATED","Added a missing customer workflow, troubleshooting case, or action consequence.","","","Location: System Configuration > Account Management > Sub Account
No. Add Account completes a login check or registration as part of setup and links the user to the company. For an existing login, the matching password is required. Coordinate privately with the employee and choose the correct role, stores, and warehouses; do not expect a separate invitation-acceptance step.","","Frontend: src/router/routes.jsx; src/components/layout/Sidebar.jsx; src/i18n.js | Frontend: src/features/systemConfigaration | Backend: modules/auth; modules/roles; modules/users/users.routes.js | Frontend: src/components/layout; src/features/auth"
"Q-903","Can I add an email that already belongs to another ERP company?","System Configuration > Account Management > Sub Account","NEW QUESTION; FORMAT UPDATED","Added a missing customer workflow, troubleshooting case, or action consequence.","","","Location: System Configuration > Account Management > Sub Account
Use Add Account only for an employee who is intended to join your company. Linking an existing login can change that user's ERP company membership, so it is not a harmless invitation. Confirm the account and obtain approval from the people responsible for both companies before proceeding; ask support if the membership should remain unchanged.","","Frontend: src/router/routes.jsx; src/components/layout/Sidebar.jsx; src/i18n.js | Frontend: src/features/systemConfigaration | Backend: modules/auth; modules/roles; modules/users/users.routes.js | Frontend: src/components/layout; src/features/auth"
"Q-904","Why can a Sub Account open a page but not see a store or warehouse?","System Configuration > Account Management > Sub Account","NEW QUESTION; FORMAT UPDATED","Added a missing customer workflow, troubleshooting case, or action consequence.","","","Location: System Configuration > Account Management > Sub Account
Page access and record access are separate. The owner should check the assigned role under Role Management, then edit the Sub Account's Store Permissions and Warehouse Permissions. Confirm the correct store and warehouse are selected and sign in again after the change.","","Frontend: src/router/routes.jsx; src/components/layout/Sidebar.jsx; src/i18n.js | Frontend: src/features/systemConfigaration | Backend: modules/auth; modules/roles; modules/users/users.routes.js | Frontend: src/components/layout; src/features/auth"
"Q-905","Can I make a role read-only by turning off Edit and Delete?","System Configuration > Account Management > Role Management","NEW QUESTION; FORMAT UPDATED","Added a missing customer workflow, troubleshooting case, or action consequence.","","","Location: System Configuration > Account Management > Role Management
The current Role Management form uses page-access checkboxes; it does not provide separate Edit and Delete switches for every page. Restrict the pages, stores, and warehouses the employee needs, then verify the actions that remain available. Ask support before relying on the role as a guaranteed read-only account.","","Frontend: src/router/routes.jsx; src/components/layout/Sidebar.jsx; src/i18n.js | Frontend: src/features/systemConfigaration | Backend: modules/auth; modules/roles; modules/users/users.routes.js | Frontend: src/components/layout; src/features/auth"
"Q-906","Why is a role unable to be deleted?","System Configuration > Account Management > Role Management","NEW QUESTION; FORMAT UPDATED","Added a missing customer workflow, troubleshooting case, or action consequence.","","","Location: System Configuration > Account Management > Role Management
The Owner role is protected, and a role assigned to users cannot be removed until those users are reassigned. Have the owner review the affected Sub Accounts, choose suitable replacement roles, and then retry deleting the unused role. Do not remove needed access just to clear a warning.","","Frontend: src/router/routes.jsx; src/components/layout/Sidebar.jsx; src/i18n.js | Frontend: src/features/systemConfigaration | Backend: modules/auth; modules/roles; modules/users/users.routes.js | Frontend: src/components/layout; src/features/auth"
"Q-907","Why is the checkout total higher than the price on one plan?","Pricing > Purchase subscription","NEW QUESTION; FORMAT UPDATED","Added a missing customer workflow, troubleshooting case, or action consequence.","","","Location: Pricing > Purchase subscription
Store subscriptions are charged per selected store. The checkout amount depends on the chosen plan, store count, and currency. Review the selected store names and total before Pay with Stripe. Shipping Wallet top-ups are separate payments and should not be confused with the subscription total.","","Frontend: src/router/routes.jsx; src/components/layout/Sidebar.jsx; src/i18n.js | Frontend: src/features/systemConfigaration; src/features/pricing; src/components/layout/GiftReferralModalController.jsx | Backend: modules/platformStores; modules/subscription"
"Q-908","Will renewing early remove the days left on my store plan?","Pricing > Purchase subscription","NEW QUESTION; FORMAT UPDATED","Added a missing customer workflow, troubleshooting case, or action consequence.","","","Location: Pricing > Purchase subscription
A successful renewal adds the purchased period after the later of the existing expiry or the payment date. Remaining valid days are therefore retained. After payment, check the selected store and updated validity in Store Authorization, and contact support with the payment reference if they do not match.","","Frontend: src/router/routes.jsx; src/components/layout/Sidebar.jsx; src/i18n.js | Frontend: src/features/systemConfigaration; src/features/pricing; src/components/layout/GiftReferralModalController.jsx | Backend: modules/platformStores; modules/subscription"
"Q-909","Can I add a referral code after I have paid?","Pricing > Checkout","NEW QUESTION; FORMAT UPDATED","Added a missing customer workflow, troubleshooting case, or action consequence.","","","Location: Pricing > Checkout
The customer checkout flow accepts an eligible code before payment; it does not offer a later add-code action on Payment Success. Check the code on Checkout before Pay with Stripe. If you already paid without it, ask support whether anything can be done, without assuming a reward can be added afterward.","","Frontend: src/router/routes.jsx; src/components/layout/Sidebar.jsx; src/i18n.js | Frontend: src/features/systemConfigaration; src/features/pricing; src/components/layout/GiftReferralModalController.jsx | Backend: modules/platformStores; modules/subscription"
"Q-910","Who receives the gift when a referral code is used?","Top-right account menu > My gift","NEW QUESTION; FORMAT UPDATED","Added a missing customer workflow, troubleshooting case, or action consequence.","","","Location: Top-right account menu > My gift
A successful eligible referral creates the gift for the code owner's company, not an automatic free printer for the buyer. The recipient owner can open My gift to review the reward and submit delivery details. The buyer should still check the full subscription amount at Checkout.","","Frontend: src/router/routes.jsx; src/components/layout/Sidebar.jsx; src/i18n.js | Frontend: src/features/systemConfigaration; src/features/pricing; src/components/layout/GiftReferralModalController.jsx | Backend: modules/platformStores; modules/subscription | Frontend: src/components/layout; src/features/auth"
"Q-911","Does Receive Gift mean I am confirming that the parcel arrived?","Top-right account menu > My gift","NEW QUESTION; FORMAT UPDATED; IMAGE NEEDED","Added a missing customer workflow, troubleshooting case, or action consequence.","","","Location: Top-right account menu > My gift
No. Receive Gift on the address form submits your delivery address after confirmation. Confirm Received is the later action for a gift marked Delivered and should be used only after the parcel actually arrives. Read the gift's status before choosing either action.","","Frontend: src/router/routes.jsx; src/components/layout/Sidebar.jsx; src/i18n.js | Frontend: src/features/systemConfigaration; src/features/pricing; src/components/layout/GiftReferralModalController.jsx | Backend: modules/platformStores; modules/subscription | Frontend: src/components/layout; src/features/auth"
"Q-912","Can I change the default warehouse for only my own login?","Warehouse Management","NEW QUESTION; FORMAT UPDATED","Added a missing customer workflow, troubleshooting case, or action consequence.","","","Location: Warehouse Management
The default warehouse is a company-wide setting, not a private preference for one login. Before changing it in Warehouse Management, check with the owner or team responsible for order and stock setup. Always review the warehouse selected in a form even when a default is provided.","","Frontend: src/router/routes.jsx; src/components/layout/Sidebar.jsx; src/i18n.js | Frontend: src/features/warehouseManagement | Backend: modules/warehouses"
"Q-913","Why should I check the Sales Trends tooltip before comparing figures?","Dashboard > Sales Trends","NEW QUESTION; FORMAT UPDATED","Added a missing customer workflow, troubleshooting case, or action consequence.","","","Location: Dashboard > Sales Trends
Hover over a graph point to see Sales, Orders, and Qty. The graph can use quantity or order count when positive sales value is unavailable, so a plotted number is not always money. Confirm the platform, month, year, and displayed metric before using the chart for a sales comparison.","","Frontend: src/router/routes.jsx; src/components/layout/Sidebar.jsx; src/i18n.js | Frontend: src/features/dashboard | Backend: modules/dashboard"
"Q-914","Can the chatbot change an order or show my exact live stock?","Floating AI assistant","NEW QUESTION; FORMAT UPDATED","Added a missing customer workflow, troubleshooting case, or action consequence.","","","Location: Floating AI assistant
The assistant explains the documented workflows; it cannot carry out an order change or read your private live inventory. Open the relevant Order Management page or Inventory List to check and change records using your account permissions. Never treat a general help answer as confirmation that an action or payment has completed.","","Frontend: src/router/routes.jsx; src/components/layout/Sidebar.jsx; src/i18n.js | Frontend: src/components/shared/FloatingAiChatbot.jsx | Chatbot: routes/WarehouseERPRoutes.js; utils/faqEmbeddingHelper.js"
"Q-915","What should I do if a help answer names a button I cannot see?","General support","NEW QUESTION; FORMAT UPDATED","Added a missing customer workflow, troubleshooting case, or action consequence.","","","Location: General support
Check the page and submenu, the selected record's status, and your account access. Some actions appear only in a row's three-dot Action menu or at an eligible stage. If the label or page still differs, send Contact a screenshot with personal details hidden and quote the question number. Do not use a different action just because its name sounds similar.","","Frontend: src/router/routes.jsx; src/components/layout/Sidebar.jsx; src/i18n.js | Frontend: src/features/contact/ContactPage.jsx"
